"Correlation_Id","Dispatch_Id","Agent_Id","Queue_Id","Process_Id","Thread_Id","Grid_Size","Kernel_Id","Kernel_Name","Workgroup_Size","LDS_Block_Size","Scratch_Size","VGPR_Count","Accum_VGPR_Count","SGPR_Count","Counter_Name","Counter_Value","Start_Timestamp","End_Timestamp"
27,34,"Agent 1",4,1,1,98304,9119,"fused_moe_kernel",256,0,0,80,0,48,"SQ_INSTS_VALU_MFMA_MOPS_BF16",3145728.000000,7887987007344,7887987036129
27,36,"Agent 1",4,1,1,131072,9120,"fused_moe_kernel",256,0,0,80,0,48,"SQ_INSTS_VALU_MFMA_MOPS_BF16",1572864.000000,7887987096263,7887987111979
33,52,"Agent 1",4,1,1,98304,9119,"fused_moe_kernel",256,0,0,80,0,48,"SQ_INSTS_VALU_MFMA_MOPS_BF16",3145728.000000,7887988302422,7887988329725
33,54,"Agent 1",4,1,1,131072,9120,"fused_moe_kernel",256,0,0,80,0,48,"SQ_INSTS_VALU_MFMA_MOPS_BF16",1572864.000000,7887988384713,7887988399747
39,70,"Agent 1",4,1,1,98304,9119,"fused_moe_kernel",256,0,0,80,0,48,"SQ_INSTS_VALU_MFMA_MOPS_BF16",3145728.000000,7887989407069,7887989435253
39,72,"Agent 1",4,1,1,131072,9120,"fused_moe_kernel",256,0,0,80,0,48,"SQ_INSTS_VALU_MFMA_MOPS_BF16",1572864.000000,7887989490127,7887989505602
45,88,"Agent 1",4,1,1,98304,9119,"fused_moe_kernel",256,0,0,80,0,48,"SQ_INSTS_VALU_MFMA_MOPS_BF16",3145728.000000,7887990554391,7887990581332
45,90,"Agent 1",4,1,1,131072,9120,"fused_moe_kernel",256,0,0,80,0,48,"SQ_INSTS_VALU_MFMA_MOPS_BF16",1572864.000000,7887990636057,7887990651091
51,106,"Agent 1",4,1,1,98304,9119,"fused_moe_kernel",256,0,0,80,0,48,"FETCH_SIZE",79942.625000,7887991848718,7887991874056
51,108,"Agent 1",4,1,1,131072,9120,"fused_moe_kernel",256,0,0,80,0,48,"FETCH_SIZE",40164.500000,7887991957686,7887991971317
57,124,"Agent 1",4,1,1,98304,9119,"fused_moe_kernel",256,0,0,80,0,48,"FETCH_SIZE",86085.687500,7887993086292,7887993112191
57,126,"Agent 1",4,1,1,131072,9120,"fused_moe_kernel",256,0,0,80,0,48,"FETCH_SIZE",43236.000000,7887993206646,7887993221319
63,142,"Agent 1",4,1,1,98304,9119,"fused_moe_kernel",256,0,0,80,0,48,"FETCH_SIZE",73792.687500,7887994255711,7887994280167
63,144,"Agent 1",4,1,1,131072,9120,"fused_moe_kernel",256,0,0,80,0,48,"FETCH_SIZE",37092.000000,7887994375784,7887994388854
69,160,"Agent 1",4,1,1,98304,9119,"fused_moe_kernel",256,0,0,80,0,48,"FETCH_SIZE",73794.125000,7887995475885,7887995500822
69,162,"Agent 1",4,1,1,131072,9120,"fused_moe_kernel",256,0,0,80,0,48,"FETCH_SIZE",37091.625000,7887995611434,7887995624383
75,178,"Agent 1",4,1,1,98304,9119,"fused_moe_kernel",256,0,0,80,0,48,"WRITE_SIZE",48.000000,7887996599921,7887996624978
75,180,"Agent 1",4,1,1,131072,9120,"fused_moe_kernel",256,0,0,80,0,48,"WRITE_SIZE",64.000000,7887996699307,7887996712898
81,196,"Agent 1",4,1,1,98304,9119,"fused_moe_kernel",256,0,0,80,0,48,"WRITE_SIZE",48.000000,7887997834448,7887997859866
81,198,"Agent 1",4,1,1,131072,9120,"fused_moe_kernel",256,0,0,80,0,48,"WRITE_SIZE",64.000000,7887997935318,7887997949630
87,214,"Agent 1",4,1,1,98304,9119,"fused_moe_kernel",256,0,0,80,0,48,"WRITE_SIZE",48.000000,7887998969068,7887998994045
87,216,"Agent 1",4,1,1,131072,9120,"fused_moe_kernel",256,0,0,80,0,48,"WRITE_SIZE",64.000000,7887999066931,7887999080482
93,232,"Agent 1",4,1,1,98304,9119,"fused_moe_kernel",256,0,0,80,0,48,"WRITE_SIZE",48.000000,7888000184031,7888000209048
93,234,"Agent 1",4,1,1,131072,9120,"fused_moe_kernel",256,0,0,80,0,48,"WRITE_SIZE",64.000000,7888000314287,7888000327918
99,250,"Agent 1",4,1,1,98304,9119,"fused_moe_kernel",256,0,0,80,0,48,"SQ_INSTS_VALU_MFMA_MOPS_BF16",3145728.000000,7888001332075,7888001354967
99,252,"Agent 1",4,1,1,131072,9120,"fused_moe_kernel",256,0,0,80,0,48,"SQ_INSTS_VALU_MFMA_MOPS_BF16",1572864.000000,7888001459733,7888001472161
105,268,"Agent 1",4,1,1,98304,9119,"fused_moe_kernel",256,0,0,80,0,48,"SQ_INSTS_VALU_MFMA_MOPS_BF16",3145728.000000,7888002455886,7888002482266
105,270,"Agent 1",4,1,1,131072,9120,"fused_moe_kernel",256,0,0,80,0,48,"SQ_INSTS_VALU_MFMA_MOPS_BF16",1572864.000000,7888002581711,7888002596866
111,286,"Agent 1",4,1,1,98304,9119,"fused_moe_kernel",256,0,0,80,0,48,"SQ_INSTS_VALU_MFMA_MOPS_BF16",3145728.000000,7888003625805,7888003652826
111,288,"Agent 1",4,1,1,131072,9120,"fused_moe_kernel",256,0,0,80,0,48,"SQ_INSTS_VALU_MFMA_MOPS_BF16",1572864.000000,7888003747251,7888003762325
117,304,"Agent 1",4,1,1,98304,9119,"fused_moe_kernel",256,0,0,80,0,48,"SQ_INSTS_VALU_MFMA_MOPS_BF16",3145728.000000,7888004742576,7888004765829
117,306,"Agent 1",4,1,1,131072,9120,"fused_moe_kernel",256,0,0,80,0,48,"SQ_INSTS_VALU_MFMA_MOPS_BF16",1572864.000000,7888004857047,7888004869956
123,322,"Agent 1",4,1,1,98304,9119,"fused_moe_kernel",256,0,0,80,0,48,"FETCH_SIZE",79941.937500,7888005852480,7888005877657
123,324,"Agent 1",4,1,1,131072,9120,"fused_moe_kernel",256,0,0,80,0,48,"FETCH_SIZE",40164.500000,7888006397078,7888006411070
129,340,"Agent 1",4,1,1,98304,9119,"fused_moe_kernel",256,0,0,80,0,48,"FETCH_SIZE",79943.875000,7888007052248,7888007077505
129,342,"Agent 1",4,1,1,131072,9120,"fused_moe_kernel",256,0,0,80,0,48,"FETCH_SIZE",40164.500000,7888007207240,7888007220911
135,358,"Agent 1",4,1,1,98304,9119,"fused_moe_kernel",256,0,0,80,0,48,"FETCH_SIZE",79941.250000,7888008268333,7888008293430
135,360,"Agent 1",4,1,1,131072,9120,"fused_moe_kernel",256,0,0,80,0,48,"FETCH_SIZE",40164.500000,7888008399992,7888008413663
141,376,"Agent 1",4,1,1,98304,9119,"fused_moe_kernel",256,0,0,80,0,48,"FETCH_SIZE",67648.625000,7888009382747,7888009405438
141,378,"Agent 1",4,1,1,131072,9120,"fused_moe_kernel",256,0,0,80,0,48,"FETCH_SIZE",34020.750000,7888009486623,7888009499252
147,394,"Agent 1",4,1,1,98304,9119,"fused_moe_kernel",256,0,0,80,0,48,"WRITE_SIZE",48.000000,7888010509429,7888010534165
147,396,"Agent 1",4,1,1,131072,9120,"fused_moe_kernel",256,0,0,80,0,48,"WRITE_SIZE",64.000000,7888010605768,7888010619719
153,412,"Agent 1",4,1,1,98304,9119,"fused_moe_kernel",256,0,0,80,0,48,"WRITE_SIZE",48.000000,7888011656196,7888011679329
153,414,"Agent 1",4,1,1,131072,9120,"fused_moe_kernel",256,0,0,80,0,48,"WRITE_SIZE",64.000000,7888012194179,7888012206608
159,430,"Agent 1",4,1,1,98304,9119,"fused_moe_kernel",256,0,0,80,0,48,"WRITE_SIZE",48.000000,7888012751447,7888012774820
159,432,"Agent 1",4,1,1,131072,9120,"fused_moe_kernel",256,0,0,80,0,48,"WRITE_SIZE",64.000000,7888012848828,7888012861537
165,448,"Agent 1",4,1,1,98304,9119,"fused_moe_kernel",256,0,0,80,0,48,"WRITE_SIZE",48.000000,7888013857562,7888013880534
165,450,"Agent 1",4,1,1,131072,9120,"fused_moe_kernel",256,0,0,80,0,48,"WRITE_SIZE",64.000000,7888013958511,7888013971060
171,466,"Agent 1",4,1,1,98304,9119,"fused_moe_kernel",256,0,0,80,0,48,"SQ_INSTS_VALU_MFMA_MOPS_BF16",3145728.000000,7888015006533,7888015029265
171,468,"Agent 1",4,1,1,131072,9120,"fused_moe_kernel",256,0,0,80,0,48,"SQ_INSTS_VALU_MFMA_MOPS_BF16",1572864.000000,7888015089242,7888015101390
177,484,"Agent 1",4,1,1,98304,9119,"fused_moe_kernel",256,0,0,80,0,48,"SQ_INSTS_VALU_MFMA_MOPS_BF16",3145728.000000,7888016089047,7888016112902
177,486,"Agent 1",4,1,1,131072,9120,"fused_moe_kernel",256,0,0,80,0,48,"SQ_INSTS_VALU_MFMA_MOPS_BF16",1572864.000000,7888016168708,7888016181858
183,502,"Agent 1",4,1,1,98304,9119,"fused_moe_kernel",256,0,0,80,0,48,"SQ_INSTS_VALU_MFMA_MOPS_BF16",3145728.000000,7888017261623,7888017286880
183,504,"Agent 1",4,1,1,131072,9120,"fused_moe_kernel",256,0,0,80,0,48,"SQ_INSTS_VALU_MFMA_MOPS_BF16",1572864.000000,7888017344812,7888017358603
189,520,"Agent 1",4,1,1,98304,9119,"fused_moe_kernel",256,0,0,80,0,48,"SQ_INSTS_VALU_MFMA_MOPS_BF16",3145728.000000,7888018353713,7888018379491
189,522,"Agent 1",4,1,1,131072,9120,"fused_moe_kernel",256,0,0,80,0,48,"SQ_INSTS_VALU_MFMA_MOPS_BF16",1572864.000000,7888018438724,7888018452556
195,538,"Agent 1",4,1,1,98304,9119,"fused_moe_kernel",256,0,0,80,0,48,"FETCH_SIZE",79940.625000,7888019448033,7888019473010
195,540,"Agent 1",4,1,1,131072,9120,"fused_moe_kernel",256,0,0,80,0,48,"FETCH_SIZE",40164.500000,7888019559407,7888019573318
201,556,"Agent 1",4,1,1,98304,9119,"fused_moe_kernel",256,0,0,80,0,48,"FETCH_SIZE",79941.250000,7888020690739,7888020715315
201,558,"Agent 1",4,1,1,131072,9120,"fused_moe_kernel",256,0,0,80,0,48,"FETCH_SIZE",40165.250000,7888020836510,7888020849941
207,574,"Agent 1",4,1,1,98304,9119,"fused_moe_kernel",256,0,0,80,0,48,"FETCH_SIZE",79941.687500,7888021890467,7888021915083
207,576,"Agent 1",4,1,1,131072,9120,"fused_moe_kernel",256,0,0,80,0,48,"FETCH_SIZE",40164.000000,7888022707485,7888022721116
213,592,"Agent 1",4,1,1,98304,9119,"fused_moe_kernel",256,0,0,80,0,48,"FETCH_SIZE",73794.375000,7888023830074,7888023854129
213,594,"Agent 1",4,1,1,131072,9120,"fused_moe_kernel",256,0,0,80,0,48,"FETCH_SIZE",37092.500000,7888023938521,7888023951631
219,610,"Agent 1",4,1,1,98304,9119,"fused_moe_kernel",256,0,0,80,0,48,"WRITE_SIZE",48.000000,7888024663048,7888024688667
219,612,"Agent 1",4,1,1,131072,9120,"fused_moe_kernel",256,0,0,80,0,48,"WRITE_SIZE",64.000000,7888025036578,7888025050369
225,628,"Agent 1",4,1,1,98304,9119,"fused_moe_kernel",256,0,0,80,0,48,"WRITE_SIZE",48.000000,7888025504762,7888025531262
225,630,"Agent 1",4,1,1,131072,9120,"fused_moe_kernel",256,0,0,80,0,48,"WRITE_SIZE",64.000000,7888025799512,7888025813985
231,646,"Agent 1",4,1,1,98304,9119,"fused_moe_kernel",256,0,0,80,0,48,"WRITE_SIZE",48.000000,7888026569463,7888026594801
231,648,"Agent 1",4,1,1,131072,9120,"fused_moe_kernel",256,0,0,80,0,48,"WRITE_SIZE",64.000000,7888027272983,7888027286654
237,664,"Agent 1",4,1,1,98304,9119,"fused_moe_kernel",256,0,0,80,0,48,"WRITE_SIZE",48.000000,7888028104553,7888028128768
237,666,"Agent 1",4,1,1,131072,9120,"fused_moe_kernel",256,0,0,80,0,48,"WRITE_SIZE",64.000000,7888028473352,7888028486702
243,682,"Agent 1",4,1,1,98304,9119,"fused_moe_kernel",256,0,0,80,0,48,"SQ_INSTS_VALU_MFMA_MOPS_BF16",3145728.000000,7888029148166,7888029172462
243,684,"Agent 1",4,1,1,131072,9120,"fused_moe_kernel",256,0,0,80,0,48,"SQ_INSTS_VALU_MFMA_MOPS_BF16",1572864.000000,7888029228910,7888029241699
249,700,"Agent 1",4,1,1,98304,9119,"fused_moe_kernel",256,0,0,80,0,48,"SQ_INSTS_VALU_MFMA_MOPS_BF16",3145728.000000,7888029883398,7888029908014
249,702,"Agent 1",4,1,1,131072,9120,"fused_moe_kernel",256,0,0,80,0,48,"SQ_INSTS_VALU_MFMA_MOPS_BF16",1572864.000000,7888030000825,7888030013935
255,718,"Agent 1",4,1,1,98304,9119,"fused_moe_kernel",256,0,0,80,0,48,"SQ_INSTS_VALU_MFMA_MOPS_BF16",3145728.000000,7888031049970,7888031076310
255,720,"Agent 1",4,1,1,131072,9120,"fused_moe_kernel",256,0,0,80,0,48,"SQ_INSTS_VALU_MFMA_MOPS_BF16",1572864.000000,7888031138331,7888031152123
261,736,"Agent 1",4,1,1,98304,9119,"fused_moe_kernel",256,0,0,80,0,48,"SQ_INSTS_VALU_MFMA_MOPS_BF16",3145728.000000,7888032181744,7888032208164
261,738,"Agent 1",4,1,1,131072,9120,"fused_moe_kernel",256,0,0,80,0,48,"SQ_INSTS_VALU_MFMA_MOPS_BF16",1572864.000000,7888032298369,7888032312722
267,754,"Agent 1",4,1,1,98304,9119,"fused_moe_kernel",256,0,0,80,0,48,"FETCH_SIZE",79945.125000,7888033195008,7888033220225
267,756,"Agent 1",4,1,1,131072,9120,"fused_moe_kernel",256,0,0,80,0,48,"FETCH_SIZE",40166.562500,7888033303013,7888033316644
273,772,"Agent 1",4,1,1,98304,9119,"fused_moe_kernel",256,0,0,80,0,48,"FETCH_SIZE",86088.875000,7888034367474,7888034393613
273,774,"Agent 1",4,1,1,131072,9120,"fused_moe_kernel",256,0,0,80,0,48,"FETCH_SIZE",43236.500000,7888034483297,7888034497650
279,790,"Agent 1",4,1,1,98304,9119,"fused_moe_kernel",256,0,0,80,0,48,"FETCH_SIZE",86091.250000,7888035633472,7888035659291
279,792,"Agent 1",4,1,1,131072,9120,"fused_moe_kernel",256,0,0,80,0,48,"FETCH_SIZE",43237.562500,7888036417014,7888036431527
285,808,"Agent 1",4,1,1,98304,9119,"fused_moe_kernel",256,0,0,80,0,48,"FETCH_SIZE",86085.312500,7888037527980,7888037554320
285,810,"Agent 1",4,1,1,131072,9120,"fused_moe_kernel",256,0,0,80,0,48,"FETCH_SIZE",43236.687500,7888037635865,7888037650218
291,826,"Agent 1",4,1,1,98304,9119,"fused_moe_kernel",256,0,0,80,0,48,"WRITE_SIZE",48.000000,7888038738372,7888038765674
291,828,"Agent 1",4,1,1,131072,9120,"fused_moe_kernel",256,0,0,80,0,48,"WRITE_SIZE",64.000000,7888038862855,7888038878049
297,844,"Agent 1",4,1,1,98304,9119,"fused_moe_kernel",256,0,0,80,0,48,"WRITE_SIZE",48.000000,7888039879687,7888039907711
297,846,"Agent 1",4,1,1,131072,9120,"fused_moe_kernel",256,0,0,80,0,48,"WRITE_SIZE",64.000000,7888040055206,7888040070761
303,862,"Agent 1",4,1,1,98304,9119,"fused_moe_kernel",256,0,0,80,0,48,"WRITE_SIZE",48.000000,7888040956094,7888040984078
303,864,"Agent 1",4,1,1,131072,9120,"fused_moe_kernel",256,0,0,80,0,48,"WRITE_SIZE",64.000000,7888041103950,7888041119867
309,880,"Agent 1",4,1,1,98304,9119,"fused_moe_kernel",256,0,0,80,0,48,"WRITE_SIZE",48.000000,7888041552530,7888041581637
309,882,"Agent 1",4,1,1,131072,9120,"fused_moe_kernel",256,0,0,80,0,48,"WRITE_SIZE",64.000000,7888041657689,7888041674247
341,927,"Agent 1",4,1,1,49152,9121,"fused_moe_kernel",256,0,0,80,0,48,"SQ_INSTS_VALU_MFMA_MOPS_BF16",1572864.000000,7888059053683,7888059071283
341,929,"Agent 1",4,1,1,65536,9122,"fused_moe_kernel",256,0,0,80,0,48,"SQ_INSTS_VALU_MFMA_MOPS_BF16",786432.000000,7888059210800,7888059220623
341,944,"Agent 1",4,1,1,49152,9121,"fused_moe_kernel",256,0,0,80,0,48,"SQ_INSTS_VALU_MFMA_MOPS_BF16",1572864.000000,7888060243829,7888060261630
341,946,"Agent 1",4,1,1,65536,9122,"fused_moe_kernel",256,0,0,80,0,48,"SQ_INSTS_VALU_MFMA_MOPS_BF16",786432.000000,7888060690485,7888060700187
341,961,"Agent 1",4,1,1,49152,9121,"fused_moe_kernel",256,0,0,80,0,48,"SQ_INSTS_VALU_MFMA_MOPS_BF16",1572864.000000,7888062203084,7888062221045
341,963,"Agent 1",4,1,1,65536,9122,"fused_moe_kernel",256,0,0,80,0,48,"SQ_INSTS_VALU_MFMA_MOPS_BF16",786432.000000,7888062307401,7888062317224
341,978,"Agent 1",4,1,1,49152,9121,"fused_moe_kernel",256,0,0,80,0,48,"SQ_INSTS_VALU_MFMA_MOPS_BF16",1572864.000000,7888064290350,7888064308431
341,980,"Agent 1",4,1,1,65536,9122,"fused_moe_kernel",256,0,0,80,0,48,"SQ_INSTS_VALU_MFMA_MOPS_BF16",786432.000000,7888064390498,7888064400320
341,995,"Agent 1",4,1,1,49152,9121,"fused_moe_kernel",256,0,0,80,0,48,"FETCH_SIZE",49196.750000,7888065498216,7888065515856
341,997,"Agent 1",4,1,1,65536,9122,"fused_moe_kernel",256,0,0,80,0,48,"FETCH_SIZE",24707.000000,7888066338527,7888066348349
341,1012,"Agent 1",4,1,1,49152,9121,"fused_moe_kernel",256,0,0,80,0,48,"FETCH_SIZE",49193.000000,7888067554893,7888067572452
341,1014,"Agent 1",4,1,1,65536,9122,"fused_moe_kernel",256,0,0,80,0,48,"FETCH_SIZE",24707.000000,7888068567996,7888068577778
341,1029,"Agent 1",4,1,1,49152,9121,"fused_moe_kernel",256,0,0,80,0,48,"FETCH_SIZE",49196.000000,7888074494231,7888074511911
341,1031,"Agent 1",4,1,1,65536,9122,"fused_moe_kernel",256,0,0,80,0,48,"FETCH_SIZE",24707.000000,7888075450004,7888075459786
341,1046,"Agent 1",4,1,1,49152,9121,"fused_moe_kernel",256,0,0,80,0,48,"FETCH_SIZE",49194.500000,7888076603346,7888076621267
341,1048,"Agent 1",4,1,1,65536,9122,"fused_moe_kernel",256,0,0,80,0,48,"FETCH_SIZE",24707.000000,7888077328756,7888077338538
341,1063,"Agent 1",4,1,1,49152,9121,"fused_moe_kernel",256,0,0,80,0,48,"WRITE_SIZE",24.000000,7888078634925,7888078652525
341,1065,"Agent 1",4,1,1,65536,9122,"fused_moe_kernel",256,0,0,80,0,48,"WRITE_SIZE",32.000000,7888079638728,7888079648430
341,1080,"Agent 1",4,1,1,49152,9121,"fused_moe_kernel",256,0,0,80,0,48,"WRITE_SIZE",24.000000,7888081693119,7888081710919
341,1082,"Agent 1",4,1,1,65536,9122,"fused_moe_kernel",256,0,0,80,0,48,"WRITE_SIZE",32.000000,7888082591281,7888082600582
341,1097,"Agent 1",4,1,1,49152,9121,"fused_moe_kernel",256,0,0,80,0,48,"WRITE_SIZE",24.000000,7888084682636,7888084700036
341,1099,"Agent 1",4,1,1,65536,9122,"fused_moe_kernel",256,0,0,80,0,48,"WRITE_SIZE",32.000000,7888085088800,7888085098502
341,1114,"Agent 1",4,1,1,49152,9121,"fused_moe_kernel",256,0,0,80,0,48,"WRITE_SIZE",24.000000,7888086802684,7888086820524
341,1116,"Agent 1",4,1,1,65536,9122,"fused_moe_kernel",256,0,0,80,0,48,"WRITE_SIZE",32.000000,7888087617737,7888087627439
341,1131,"Agent 1",4,1,1,49152,9121,"fused_moe_kernel",256,0,0,80,0,48,"SQ_INSTS_VALU_MFMA_MOPS_BF16",1572864.000000,7888091744039,7888091761639
341,1133,"Agent 1",4,1,1,65536,9122,"fused_moe_kernel",256,0,0,80,0,48,"SQ_INSTS_VALU_MFMA_MOPS_BF16",786432.000000,7888091825264,7888091834926
341,1148,"Agent 1",4,1,1,49152,9121,"fused_moe_kernel",256,0,0,80,0,48,"SQ_INSTS_VALU_MFMA_MOPS_BF16",1572864.000000,7888092243535,7888092261696
341,1150,"Agent 1",4,1,1,65536,9122,"fused_moe_kernel",256,0,0,80,0,48,"SQ_INSTS_VALU_MFMA_MOPS_BF16",786432.000000,7888092319868,7888092329450
341,1165,"Agent 1",4,1,1,49152,9121,"fused_moe_kernel",256,0,0,80,0,48,"SQ_INSTS_VALU_MFMA_MOPS_BF16",1572864.000000,7888092815595,7888092833757
341,1167,"Agent 1",4,1,1,65536,9122,"fused_moe_kernel",256,0,0,80,0,48,"SQ_INSTS_VALU_MFMA_MOPS_BF16",786432.000000,7888092898905,7888092909329
342,1182,"Agent 1",4,1,1,49152,9121,"fused_moe_kernel",256,0,0,80,0,48,"SQ_INSTS_VALU_MFMA_MOPS_BF16",1572864.000000,7888093288390,7888093306953
342,1184,"Agent 1",4,1,1,65536,9122,"fused_moe_kernel",256,0,0,80,0,48,"SQ_INSTS_VALU_MFMA_MOPS_BF16",786432.000000,7888093430874,7888093441258
342,1199,"Agent 1",4,1,1,49152,9121,"fused_moe_kernel",256,0,0,80,0,48,"FETCH_SIZE",49195.000000,7888094067843,7888094086084
342,1201,"Agent 1",4,1,1,65536,9122,"fused_moe_kernel",256,0,0,80,0,48,"FETCH_SIZE",24707.000000,7888094181100,7888094191364
342,1216,"Agent 1",4,1,1,49152,9121,"fused_moe_kernel",256,0,0,80,0,48,"FETCH_SIZE",49193.750000,7888094745704,7888094763545
342,1218,"Agent 1",4,1,1,65536,9122,"fused_moe_kernel",256,0,0,80,0,48,"FETCH_SIZE",24707.000000,7888094978754,7888094989097
342,1233,"Agent 1",4,1,1,49152,9121,"fused_moe_kernel",256,0,0,80,0,48,"FETCH_SIZE",49195.000000,7888101167265,7888101185105
342,1235,"Agent 1",4,1,1,65536,9122,"fused_moe_kernel",256,0,0,80,0,48,"FETCH_SIZE",24707.000000,7888101279480,7888101289824
342,1250,"Agent 1",4,1,1,49152,9121,"fused_moe_kernel",256,0,0,80,0,48,"FETCH_SIZE",49195.500000,7888103535570,7888103553891
342,1252,"Agent 1",4,1,1,65536,9122,"fused_moe_kernel",256,0,0,80,0,48,"FETCH_SIZE",24707.000000,7888104387587,7888104397289
342,1267,"Agent 1",4,1,1,49152,9121,"fused_moe_kernel",256,0,0,80,0,48,"WRITE_SIZE",24.000000,7888106451961,7888106469962
342,1269,"Agent 1",4,1,1,65536,9122,"fused_moe_kernel",256,0,0,80,0,48,"WRITE_SIZE",32.000000,7888107461496,7888107471399
342,1284,"Agent 1",4,1,1,49152,9121,"fused_moe_kernel",256,0,0,80,0,48,"WRITE_SIZE",24.000000,7888109506185,7888109523424
342,1286,"Agent 1",4,1,1,65536,9122,"fused_moe_kernel",256,0,0,80,0,48,"WRITE_SIZE",32.000000,7888109623251,7888109633314
342,1301,"Agent 1",4,1,1,49152,9121,"fused_moe_kernel",256,0,0,80,0,48,"WRITE_SIZE",24.000000,7888112621869,7888112639911
342,1303,"Agent 1",4,1,1,65536,9122,"fused_moe_kernel",256,0,0,80,0,48,"WRITE_SIZE",32.000000,7888113529613,7888113540037
342,1318,"Agent 1",4,1,1,49152,9121,"fused_moe_kernel",256,0,0,80,0,48,"WRITE_SIZE",24.000000,7888115795606,7888115813446
342,1320,"Agent 1",4,1,1,65536,9122,"fused_moe_kernel",256,0,0,80,0,48,"WRITE_SIZE",32.000000,7888117605721,7888117615784
342,1335,"Agent 1",4,1,1,49152,9121,"fused_moe_kernel",256,0,0,80,0,48,"SQ_INSTS_VALU_MFMA_MOPS_BF16",1572864.000000,7888120611596,7888120629396
342,1337,"Agent 1",4,1,1,65536,9122,"fused_moe_kernel",256,0,0,80,0,48,"SQ_INSTS_VALU_MFMA_MOPS_BF16",786432.000000,7888121037524,7888121047708
342,1352,"Agent 1",4,1,1,49152,9121,"fused_moe_kernel",256,0,0,80,0,48,"SQ_INSTS_VALU_MFMA_MOPS_BF16",1572864.000000,7888123774868,7888123792869
342,1354,"Agent 1",4,1,1,65536,9122,"fused_moe_kernel",256,0,0,80,0,48,"SQ_INSTS_VALU_MFMA_MOPS_BF16",786432.000000,7888124587917,7888124597820
342,1369,"Agent 1",4,1,1,49152,9121,"fused_moe_kernel",256,0,0,80,0,48,"SQ_INSTS_VALU_MFMA_MOPS_BF16",1572864.000000,7888125873640,7888125892122
342,1371,"Agent 1",4,1,1,65536,9122,"fused_moe_kernel",256,0,0,80,0,48,"SQ_INSTS_VALU_MFMA_MOPS_BF16",786432.000000,7888126427379,7888126437202
342,1386,"Agent 1",4,1,1,49152,9121,"fused_moe_kernel",256,0,0,80,0,48,"SQ_INSTS_VALU_MFMA_MOPS_BF16",1572864.000000,7888128036358,7888128054760
342,1388,"Agent 1",4,1,1,65536,9122,"fused_moe_kernel",256,0,0,80,0,48,"SQ_INSTS_VALU_MFMA_MOPS_BF16",786432.000000,7888128791114,7888128800936
342,1403,"Agent 1",4,1,1,49152,9121,"fused_moe_kernel",256,0,0,80,0,48,"FETCH_SIZE",49194.500000,7888130982737,7888131001379
342,1405,"Agent 1",4,1,1,65536,9122,"fused_moe_kernel",256,0,0,80,0,48,"FETCH_SIZE",24707.000000,7888131890962,7888131900744
342,1420,"Agent 1",4,1,1,49152,9121,"fused_moe_kernel",256,0,0,80,0,48,"FETCH_SIZE",49197.250000,7888137024394,7888137042355
342,1422,"Agent 1",4,1,1,65536,9122,"fused_moe_kernel",256,0,0,80,0,48,"FETCH_SIZE",24707.000000,7888138079553,7888138089376
343,1437,"Agent 1",4,1,1,49152,9121,"fused_moe_kernel",256,0,0,80,0,48,"FETCH_SIZE",49195.750000,7888140095697,7888140113939
343,1439,"Agent 1",4,1,1,65536,9122,"fused_moe_kernel",256,0,0,80,0,48,"FETCH_SIZE",24707.000000,7888140210639,7888140219780
343,1454,"Agent 1",4,1,1,49152,9121,"fused_moe_kernel",256,0,0,80,0,48,"FETCH_SIZE",49197.500000,7888142276015,7888142294417
343,1456,"Agent 1",4,1,1,65536,9122,"fused_moe_kernel",256,0,0,80,0,48,"FETCH_SIZE",24707.000000,7888142504134,7888142514237
343,1471,"Agent 1",4,1,1,49152,9121,"fused_moe_kernel",256,0,0,80,0,48,"WRITE_SIZE",24.000000,7888143546544,7888143564665
343,1473,"Agent 1",4,1,1,65536,9122,"fused_moe_kernel",256,0,0,80,0,48,"WRITE_SIZE",32.000000,7888143663129,7888143673112
343,1488,"Agent 1",4,1,1,49152,9121,"fused_moe_kernel",256,0,0,80,0,48,"WRITE_SIZE",24.000000,7888144256117,7888144273717
343,1490,"Agent 1",4,1,1,65536,9122,"fused_moe_kernel",256,0,0,80,0,48,"WRITE_SIZE",32.000000,7888144363040,7888144373063
343,1505,"Agent 1",4,1,1,49152,9121,"fused_moe_kernel",256,0,0,80,0,48,"WRITE_SIZE",24.000000,7888144789931,7888144807812
343,1507,"Agent 1",4,1,1,65536,9122,"fused_moe_kernel",256,0,0,80,0,48,"WRITE_SIZE",32.000000,7888144890159,7888144900542
343,1522,"Agent 1",4,1,1,49152,9121,"fused_moe_kernel",256,0,0,80,0,48,"WRITE_SIZE",24.000000,7888145323103,7888145342708
343,1524,"Agent 1",4,1,1,65536,9122,"fused_moe_kernel",256,0,0,80,0,48,"WRITE_SIZE",32.000000,7888145429585,7888145439608
343,1539,"Agent 1",4,1,1,49152,9121,"fused_moe_kernel",256,0,0,80,0,48,"SQ_INSTS_VALU_MFMA_MOPS_BF16",1572864.000000,7888145853108,7888145871831
343,1541,"Agent 1",4,1,1,65536,9122,"fused_moe_kernel",256,0,0,80,0,48,"SQ_INSTS_VALU_MFMA_MOPS_BF16",786432.000000,7888145947403,7888145957506
343,1556,"Agent 1",4,1,1,49152,9121,"fused_moe_kernel",256,0,0,80,0,48,"SQ_INSTS_VALU_MFMA_MOPS_BF16",1572864.000000,7888146357736,7888146375857
343,1558,"Agent 1",4,1,1,65536,9122,"fused_moe_kernel",256,0,0,80,0,48,"SQ_INSTS_VALU_MFMA_MOPS_BF16",786432.000000,7888146447219,7888146456801
343,1573,"Agent 1",4,1,1,49152,9121,"fused_moe_kernel",256,0,0,80,0,48,"SQ_INSTS_VALU_MFMA_MOPS_BF16",1572864.000000,7888146848131,7888146866372
343,1575,"Agent 1",4,1,1,65536,9122,"fused_moe_kernel",256,0,0,80,0,48,"SQ_INSTS_VALU_MFMA_MOPS_BF16",786432.000000,7888146940260,7888146950443
343,1590,"Agent 1",4,1,1,49152,9121,"fused_moe_kernel",256,0,0,80,0,48,"SQ_INSTS_VALU_MFMA_MOPS_BF16",1572864.000000,7888147344820,7888147362540
343,1592,"Agent 1",4,1,1,65536,9122,"fused_moe_kernel",256,0,0,80,0,48,"SQ_INSTS_VALU_MFMA_MOPS_BF16",786432.000000,7888147436428,7888147446251
343,1607,"Agent 1",4,1,1,49152,9121,"fused_moe_kernel",256,0,0,80,0,48,"FETCH_SIZE",49197.000000,7888147831968,7888147850770
343,1609,"Agent 1",4,1,1,65536,9122,"fused_moe_kernel",256,0,0,80,0,48,"FETCH_SIZE",24707.000000,7888147951399,7888147961582
343,1624,"Agent 1",4,1,1,49152,9121,"fused_moe_kernel",256,0,0,80,0,48,"FETCH_SIZE",49194.000000,7888148396828,7888148415029
343,1626,"Agent 1",4,1,1,65536,9122,"fused_moe_kernel",256,0,0,80,0,48,"FETCH_SIZE",24707.000000,7888148513172,7888148523396
343,1641,"Agent 1",4,1,1,49152,9121,"fused_moe_kernel",256,0,0,80,0,48,"FETCH_SIZE",49195.000000,7888148938940,7888148956901
343,1643,"Agent 1",4,1,1,65536,9122,"fused_moe_kernel",256,0,0,80,0,48,"FETCH_SIZE",24707.000000,7888149053601,7888149063744
343,1658,"Agent 1",4,1,1,49152,9121,"fused_moe_kernel",256,0,0,80,0,48,"FETCH_SIZE",49194.250000,7888149484541,7888149502341
343,1660,"Agent 1",4,1,1,65536,9122,"fused_moe_kernel",256,0,0,80,0,48,"FETCH_SIZE",24707.000000,7888149603251,7888149613394
343,1675,"Agent 1",4,1,1,49152,9121,"fused_moe_kernel",256,0,0,80,0,48,"WRITE_SIZE",24.000000,7888150021602,7888150039683
343,1677,"Agent 1",4,1,1,65536,9122,"fused_moe_kernel",256,0,0,80,0,48,"WRITE_SIZE",32.000000,7888150127643,7888150137786
344,1692,"Agent 1",4,1,1,49152,9121,"fused_moe_kernel",256,0,0,80,0,48,"WRITE_SIZE",24.000000,7888150531882,7888150549843
344,1694,"Agent 1",4,1,1,65536,9122,"fused_moe_kernel",256,0,0,80,0,48,"WRITE_SIZE",32.000000,7888150639647,7888150649750
344,1709,"Agent 1",4,1,1,49152,9121,"fused_moe_kernel",256,0,0,80,0,48,"WRITE_SIZE",24.000000,7888151038033,7888151056074
344,1711,"Agent 1",4,1,1,65536,9122,"fused_moe_kernel",256,0,0,80,0,48,"WRITE_SIZE",32.000000,7888151141348,7888151151291
344,1726,"Agent 1",4,1,1,49152,9121,"fused_moe_kernel",256,0,0,80,0,48,"WRITE_SIZE",24.000000,7888151532999,7888151551200
344,1728,"Agent 1",4,1,1,65536,9122,"fused_moe_kernel",256,0,0,80,0,48,"WRITE_SIZE",32.000000,7888151635792,7888151646096
375,1773,"Agent 1",4,1,1,49152,9121,"fused_moe_kernel",256,0,0,80,0,48,"SQ_INSTS_VALU_MFMA_MOPS_BF16",1572864.000000,7888152992437,7888153010358
375,1775,"Agent 1",4,1,1,65536,9122,"fused_moe_kernel",256,0,0,80,0,48,"SQ_INSTS_VALU_MFMA_MOPS_BF16",786432.000000,7888153107418,7888153117361
375,1790,"Agent 1",4,1,1,49152,9121,"fused_moe_kernel",256,0,0,80,0,48,"SQ_INSTS_VALU_MFMA_MOPS_BF16",1572864.000000,7888153681965,7888153700126
375,1792,"Agent 1",4,1,1,65536,9122,"fused_moe_kernel",256,0,0,80,0,48,"SQ_INSTS_VALU_MFMA_MOPS_BF16",786432.000000,7888153771408,7888153781190
375,1807,"Agent 1",4,1,1,49152,9121,"fused_moe_kernel",256,0,0,80,0,48,"SQ_INSTS_VALU_MFMA_MOPS_BF16",1572864.000000,7888154489521,7888154507522
375,1809,"Agent 1",4,1,1,65536,9122,"fused_moe_kernel",256,0,0,80,0,48,"SQ_INSTS_VALU_MFMA_MOPS_BF16",786432.000000,7888155130137,7888155140160
375,1824,"Agent 1",4,1,1,49152,9121,"fused_moe_kernel",256,0,0,80,0,48,"SQ_INSTS_VALU_MFMA_MOPS_BF16",1572864.000000,7888160323827,7888160342389
375,1826,"Agent 1",4,1,1,65536,9122,"fused_moe_kernel",256,0,0,80,0,48,"SQ_INSTS_VALU_MFMA_MOPS_BF16",786432.000000,7888161789479,7888161798780
375,1841,"Agent 1",4,1,1,49152,9121,"fused_moe_kernel",256,0,0,80,0,48,"FETCH_SIZE",49196.250000,7888172139412,7888172157613
375,1843,"Agent 1",4,1,1,65536,9122,"fused_moe_kernel",256,0,0,80,0,48,"FETCH_SIZE",24707.000000,7888172804564,7888172814868
375,1858,"Agent 1",4,1,1,49152,9121,"fused_moe_kernel",256,0,0,80,0,48,"FETCH_SIZE",49192.875000,7888178810981,7888178828461
375,1860,"Agent 1",4,1,1,65536,9122,"fused_moe_kernel",256,0,0,80,0,48,"FETCH_SIZE",24707.000000,7888178929250,7888178938672
375,1875,"Agent 1",4,1,1,49152,9121,"fused_moe_kernel",256,0,0,80,0,48,"FETCH_SIZE",49194.625000,7888181021928,7888181040410
375,1877,"Agent 1",4,1,1,65536,9122,"fused_moe_kernel",256,0,0,80,0,48,"FETCH_SIZE",24707.000000,7888181799135,7888181808797
375,1892,"Agent 1",4,1,1,49152,9121,"fused_moe_kernel",256,0,0,80,0,48,"FETCH_SIZE",49196.250000,7888184937672,7888184956033
375,1894,"Agent 1",4,1,1,65536,9122,"fused_moe_kernel",256,0,0,80,0,48,"FETCH_SIZE",24707.000000,7888185962161,7888185972064
375,1909,"Agent 1",4,1,1,49152,9121,"fused_moe_kernel",256,0,0,80,0,48,"WRITE_SIZE",24.000000,7888188066466,7888188084507
375,1911,"Agent 1",4,1,1,65536,9122,"fused_moe_kernel",256,0,0,80,0,48,"WRITE_SIZE",32.000000,7888189042846,7888189052347
375,1926,"Agent 1",4,1,1,49152,9121,"fused_moe_kernel",256,0,0,80,0,48,"WRITE_SIZE",24.000000,7888191971705,7888191989185
375,1928,"Agent 1",4,1,1,65536,9122,"fused_moe_kernel",256,0,0,80,0,48,"WRITE_SIZE",32.000000,7888192100197,7888192110340
375,1943,"Agent 1",4,1,1,49152,9121,"fused_moe_kernel",256,0,0,80,0,48,"WRITE_SIZE",24.000000,7888194129892,7888194147773
375,1945,"Agent 1",4,1,1,65536,9122,"fused_moe_kernel",256,0,0,80,0,48,"WRITE_SIZE",32.000000,7888195106713,7888195116054
375,1960,"Agent 1",4,1,1,49152,9121,"fused_moe_kernel",256,0,0,80,0,48,"WRITE_SIZE",24.000000,7888197216029,7888197233950
375,1962,"Agent 1",4,1,1,65536,9122,"fused_moe_kernel",256,0,0,80,0,48,"WRITE_SIZE",32.000000,7888198141453,7888198151075
375,1977,"Agent 1",4,1,1,49152,9121,"fused_moe_kernel",256,0,0,80,0,48,"SQ_INSTS_VALU_MFMA_MOPS_BF16",1572864.000000,7888202151852,7888202170174
375,1979,"Agent 1",4,1,1,65536,9122,"fused_moe_kernel",256,0,0,80,0,48,"SQ_INSTS_VALU_MFMA_MOPS_BF16",786432.000000,7888202306083,7888202316466
375,1994,"Agent 1",4,1,1,49152,9121,"fused_moe_kernel",256,0,0,80,0,48,"SQ_INSTS_VALU_MFMA_MOPS_BF16",1572864.000000,7888202829593,7888202847634
375,1996,"Agent 1",4,1,1,65536,9122,"fused_moe_kernel",256,0,0,80,0,48,"SQ_INSTS_VALU_MFMA_MOPS_BF16",786432.000000,7888202947661,7888202956642
375,2011,"Agent 1",4,1,1,49152,9121,"fused_moe_kernel",256,0,0,80,0,48,"SQ_INSTS_VALU_MFMA_MOPS_BF16",1572864.000000,7888203437495,7888203456418
375,2013,"Agent 1",4,1,1,65536,9122,"fused_moe_kernel",256,0,0,80,0,48,"SQ_INSTS_VALU_MFMA_MOPS_BF16",786432.000000,7888203528261,7888203537402
376,2028,"Agent 1",4,1,1,49152,9121,"fused_moe_kernel",256,0,0,80,0,48,"SQ_INSTS_VALU_MFMA_MOPS_BF16",1572864.000000,7888203918629,7888203936029
376,2030,"Agent 1",4,1,1,65536,9122,"fused_moe_kernel",256,0,0,80,0,48,"SQ_INSTS_VALU_MFMA_MOPS_BF16",786432.000000,7888204005146,7888204015128
376,2045,"Agent 1",4,1,1,49152,9121,"fused_moe_kernel",256,0,0,80,0,48,"FETCH_SIZE",49195.875000,7888204397438,7888204415358
376,2047,"Agent 1",4,1,1,65536,9122,"fused_moe_kernel",256,0,0,80,0,48,"FETCH_SIZE",24707.000000,7888204506486,7888204515827
376,2062,"Agent 1",4,1,1,49152,9121,"fused_moe_kernel",256,0,0,80,0,48,"FETCH_SIZE",49196.500000,7888204924837,7888204942838
376,2064,"Agent 1",4,1,1,65536,9122,"fused_moe_kernel",256,0,0,80,0,48,"FETCH_SIZE",24708.000000,7888205041622,7888205051605
376,2079,"Agent 1",4,1,1,49152,9121,"fused_moe_kernel",256,0,0,80,0,48,"FETCH_SIZE",49195.500000,7888205466709,7888205484950
376,2081,"Agent 1",4,1,1,65536,9122,"fused_moe_kernel",256,0,0,80,0,48,"FETCH_SIZE",24707.000000,7888205583735,7888205593998
376,2096,"Agent 1",4,1,1,49152,9121,"fused_moe_kernel",256,0,0,80,0,48,"FETCH_SIZE",49196.500000,7888205999039,7888206016880
376,2098,"Agent 1",4,1,1,65536,9122,"fused_moe_kernel",256,0,0,80,0,48,"FETCH_SIZE",24707.000000,7888206114903,7888206124966
376,2113,"Agent 1",4,1,1,49152,9121,"fused_moe_kernel",256,0,0,80,0,48,"WRITE_SIZE",24.000000,7888206545241,7888206563483
376,2115,"Agent 1",4,1,1,65536,9122,"fused_moe_kernel",256,0,0,80,0,48,"WRITE_SIZE",32.000000,7888206647714,7888206657136
376,2130,"Agent 1",4,1,1,49152,9121,"fused_moe_kernel",256,0,0,80,0,48,"WRITE_SIZE",24.000000,7888207061375,7888207079977
376,2132,"Agent 1",4,1,1,65536,9122,"fused_moe_kernel",256,0,0,80,0,48,"WRITE_SIZE",32.000000,7888207169581,7888207179523
376,2147,"Agent 1",4,1,1,49152,9121,"fused_moe_kernel",256,0,0,80,0,48,"WRITE_SIZE",24.000000,7888207577548,7888207595990
376,2149,"Agent 1",4,1,1,65536,9122,"fused_moe_kernel",256,0,0,80,0,48,"WRITE_SIZE",32.000000,7888207684311,7888207693853
376,2164,"Agent 1",4,1,1,49152,9121,"fused_moe_kernel",256,0,0,80,0,48,"WRITE_SIZE",24.000000,7888208088069,7888208105789
376,2166,"Agent 1",4,1,1,65536,9122,"fused_moe_kernel",256,0,0,80,0,48,"WRITE_SIZE",32.000000,7888208192547,7888208202650
376,2181,"Agent 1",4,1,1,49152,9121,"fused_moe_kernel",256,0,0,80,0,48,"SQ_INSTS_VALU_MFMA_MOPS_BF16",1572864.000000,7888208601477,7888208618515
376,2183,"Agent 1",4,1,1,65536,9122,"fused_moe_kernel",256,0,0,80,0,48,"SQ_INSTS_VALU_MFMA_MOPS_BF16",786432.000000,7888208687191,7888208697615
376,2198,"Agent 1",4,1,1,49152,9121,"fused_moe_kernel",256,0,0,80,0,48,"SQ_INSTS_VALU_MFMA_MOPS_BF16",1572864.000000,7888209083292,7888209101093
376,2200,"Agent 1",4,1,1,65536,9122,"fused_moe_kernel",256,0,0,80,0,48,"SQ_INSTS_VALU_MFMA_MOPS_BF16",786432.000000,7888209168766,7888209178669
376,2215,"Agent 1",4,1,1,49152,9121,"fused_moe_kernel",256,0,0,80,0,48,"SQ_INSTS_VALU_MFMA_MOPS_BF16",1572864.000000,7888209552519,7888209570961
376,2217,"Agent 1",4,1,1,65536,9122,"fused_moe_kernel",256,0,0,80,0,48,"SQ_INSTS_VALU_MFMA_MOPS_BF16",786432.000000,7888209634666,7888209644087
376,2232,"Agent 1",4,1,1,49152,9121,"fused_moe_kernel",256,0,0,80,0,48,"SQ_INSTS_VALU_MFMA_MOPS_BF16",1572864.000000,7888210017256,7888210035457
376,2234,"Agent 1",4,1,1,65536,9122,"fused_moe_kernel",256,0,0,80,0,48,"SQ_INSTS_VALU_MFMA_MOPS_BF16",786432.000000,7888210098039,7888210108222
376,2249,"Agent 1",4,1,1,49152,9121,"fused_moe_kernel",256,0,0,80,0,48,"FETCH_SIZE",49193.500000,7888210491574,7888210509695
376,2251,"Agent 1",4,1,1,65536,9122,"fused_moe_kernel",256,0,0,80,0,48,"FETCH_SIZE",24707.000000,7888210600702,7888210610685
376,2266,"Agent 1",4,1,1,49152,9121,"fused_moe_kernel",256,0,0,80,0,48,"FETCH_SIZE",49194.250000,7888211020954,7888211038955
376,2268,"Agent 1",4,1,1,65536,9122,"fused_moe_kernel",256,0,0,80,0,48,"FETCH_SIZE",24707.000000,7888211133971,7888211144114
377,2283,"Agent 1",4,1,1,49152,9121,"fused_moe_kernel",256,0,0,80,0,48,"FETCH_SIZE",49195.500000,7888211562665,7888211580386
377,2285,"Agent 1",4,1,1,65536,9122,"fused_moe_kernel",256,0,0,80,0,48,"FETCH_SIZE",24707.000000,7888211681856,7888211691599
377,2300,"Agent 1",4,1,1,49152,9121,"fused_moe_kernel",256,0,0,80,0,48,"FETCH_SIZE",49198.500000,7888212120774,7888212138415
377,2302,"Agent 1",4,1,1,65536,9122,"fused_moe_kernel",256,0,0,80,0,48,"FETCH_SIZE",24707.000000,7888212239083,7888212248665
377,2317,"Agent 1",4,1,1,49152,9121,"fused_moe_kernel",256,0,0,80,0,48,"WRITE_SIZE",24.000000,7888212662406,7888212680607
377,2319,"Agent 1",4,1,1,65536,9122,"fused_moe_kernel",256,0,0,80,0,48,"WRITE_SIZE",32.000000,7888212763716,7888212773258
377,2334,"Agent 1",4,1,1,49152,9121,"fused_moe_kernel",256,0,0,80,0,48,"WRITE_SIZE",24.000000,7888213182308,7888213200309
377,2336,"Agent 1",4,1,1,65536,9122,"fused_moe_kernel",256,0,0,80,0,48,"WRITE_SIZE",32.000000,7888213281293,7888213290915
377,2351,"Agent 1",4,1,1,49152,9121,"fused_moe_kernel",256,0,0,80,0,48,"WRITE_SIZE",24.000000,7888213703493,7888213721013
377,2353,"Agent 1",4,1,1,65536,9122,"fused_moe_kernel",256,0,0,80,0,48,"WRITE_SIZE",32.000000,7888213805645,7888213815588
377,2368,"Agent 1",4,1,1,49152,9121,"fused_moe_kernel",256,0,0,80,0,48,"WRITE_SIZE",24.000000,7888214228607,7888214246929
377,2370,"Agent 1",4,1,1,65536,9122,"fused_moe_kernel",256,0,0,80,0,48,"WRITE_SIZE",32.000000,7888214334007,7888214343308
377,2385,"Agent 1",4,1,1,49152,9121,"fused_moe_kernel",256,0,0,80,0,48,"SQ_INSTS_VALU_MFMA_MOPS_BF16",1572864.000000,7888214743217,7888214761699
377,2387,"Agent 1",4,1,1,65536,9122,"fused_moe_kernel",256,0,0,80,0,48,"SQ_INSTS_VALU_MFMA_MOPS_BF16",786432.000000,7888214829493,7888214839917
377,2402,"Agent 1",4,1,1,49152,9121,"fused_moe_kernel",256,0,0,80,0,48,"SQ_INSTS_VALU_MFMA_MOPS_BF16",1572864.000000,7888215233091,7888215250811
377,2404,"Agent 1",4,1,1,65536,9122,"fused_moe_kernel",256,0,0,80,0,48,"SQ_INSTS_VALU_MFMA_MOPS_BF16",786432.000000,7888215318285,7888215327345
377,2419,"Agent 1",4,1,1,49152,9121,"fused_moe_kernel",256,0,0,80,0,48,"SQ_INSTS_VALU_MFMA_MOPS_BF16",1572864.000000,7888215715949,7888215734311
377,2421,"Agent 1",4,1,1,65536,9122,"fused_moe_kernel",256,0,0,80,0,48,"SQ_INSTS_VALU_MFMA_MOPS_BF16",786432.000000,7888215801383,7888215810805
377,2436,"Agent 1",4,1,1,49152,9121,"fused_moe_kernel",256,0,0,80,0,48,"SQ_INSTS_VALU_MFMA_MOPS_BF16",1572864.000000,7888216195599,7888216213400
377,2438,"Agent 1",4,1,1,65536,9122,"fused_moe_kernel",256,0,0,80,0,48,"SQ_INSTS_VALU_MFMA_MOPS_BF16",786432.000000,7888216280192,7888216289613
377,2453,"Agent 1",4,1,1,49152,9121,"fused_moe_kernel",256,0,0,80,0,48,"FETCH_SIZE",49195.250000,7888216677535,7888216695817
377,2455,"Agent 1",4,1,1,65536,9122,"fused_moe_kernel",256,0,0,80,0,48,"FETCH_SIZE",24707.000000,7888216786864,7888216797047
377,2470,"Agent 1",4,1,1,49152,9121,"fused_moe_kernel",256,0,0,80,0,48,"FETCH_SIZE",49194.250000,7888217210627,7888217228829
377,2472,"Agent 1",4,1,1,65536,9122,"fused_moe_kernel",256,0,0,80,0,48,"FETCH_SIZE",24707.000000,7888217328295,7888217339200
377,2487,"Agent 1",4,1,1,49152,9121,"fused_moe_kernel",256,0,0,80,0,48,"FETCH_SIZE",49195.750000,7888217759515,7888217776995
377,2489,"Agent 1",4,1,1,65536,9122,"fused_moe_kernel",256,0,0,80,0,48,"FETCH_SIZE",24707.000000,7888217873735,7888217883958
377,2504,"Agent 1",4,1,1,49152,9121,"fused_moe_kernel",256,0,0,80,0,48,"FETCH_SIZE",49194.500000,7888218296256,7888218314136
377,2506,"Agent 1",4,1,1,65536,9122,"fused_moe_kernel",256,0,0,80,0,48,"FETCH_SIZE",24707.000000,7888218413122,7888218422222
377,2521,"Agent 1",4,1,1,49152,9121,"fused_moe_kernel",256,0,0,80,0,48,"WRITE_SIZE",24.000000,7888218824296,7888218841736
377,2523,"Agent 1",4,1,1,65536,9122,"fused_moe_kernel",256,0,0,80,0,48,"WRITE_SIZE",32.000000,7888218929335,7888218938676
378,2538,"Agent 1",4,1,1,49152,9121,"fused_moe_kernel",256,0,0,80,0,48,"WRITE_SIZE",24.000000,7888219334336,7888219352738
378,2540,"Agent 1",4,1,1,65536,9122,"fused_moe_kernel",256,0,0,80,0,48,"WRITE_SIZE",32.000000,7888219434724,7888219444306
378,2555,"Agent 1",4,1,1,49152,9121,"fused_moe_kernel",256,0,0,80,0,48,"WRITE_SIZE",24.000000,7888219835395,7888219854479
378,2557,"Agent 1",4,1,1,65536,9122,"fused_moe_kernel",256,0,0,80,0,48,"WRITE_SIZE",32.000000,7888219940554,7888219950257
378,2572,"Agent 1",4,1,1,49152,9121,"fused_moe_kernel",256,0,0,80,0,48,"WRITE_SIZE",24.000000,7888220348402,7888220366483
378,2574,"Agent 1",4,1,1,65536,9122,"fused_moe_kernel",256,0,0,80,0,48,"WRITE_SIZE",32.000000,7888220453882,7888220463904
409,2619,"Agent 1",4,1,1,49152,9121,"fused_moe_kernel",256,0,0,80,0,48,"SQ_INSTS_VALU_MFMA_MOPS_BF16",1572864.000000,7888221842920,7888221861362
409,2621,"Agent 1",4,1,1,65536,9122,"fused_moe_kernel",256,0,0,80,0,48,"SQ_INSTS_VALU_MFMA_MOPS_BF16",786432.000000,7888221961790,7888221971733
409,2636,"Agent 1",4,1,1,49152,9121,"fused_moe_kernel",256,0,0,80,0,48,"SQ_INSTS_VALU_MFMA_MOPS_BF16",1572864.000000,7888222535495,7888222553736
409,2638,"Agent 1",4,1,1,65536,9122,"fused_moe_kernel",256,0,0,80,0,48,"SQ_INSTS_VALU_MFMA_MOPS_BF16",786432.000000,7888222631513,7888222640934
409,2653,"Agent 1",4,1,1,49152,9121,"fused_moe_kernel",256,0,0,80,0,48,"SQ_INSTS_VALU_MFMA_MOPS_BF16",1572864.000000,7888223465369,7888223483891
409,2655,"Agent 1",4,1,1,65536,9122,"fused_moe_kernel",256,0,0,80,0,48,"SQ_INSTS_VALU_MFMA_MOPS_BF16",786432.000000,7888223581272,7888223591776
409,2670,"Agent 1",4,1,1,49152,9121,"fused_moe_kernel",256,0,0,80,0,48,"SQ_INSTS_VALU_MFMA_MOPS_BF16",1572864.000000,7888230077684,7888230095845
409,2672,"Agent 1",4,1,1,65536,9122,"fused_moe_kernel",256,0,0,80,0,48,"SQ_INSTS_VALU_MFMA_MOPS_BF16",786432.000000,7888231769811,7888231778992
409,2687,"Agent 1",4,1,1,49152,9121,"fused_moe_kernel",256,0,0,80,0,48,"FETCH_SIZE",49195.750000,7888236448128,7888236466089
409,2689,"Agent 1",4,1,1,65536,9122,"fused_moe_kernel",256,0,0,80,0,48,"FETCH_SIZE",24707.000000,7888236857138,7888236866720
409,2704,"Agent 1",4,1,1,49152,9121,"fused_moe_kernel",256,0,0,80,0,48,"FETCH_SIZE",49195.750000,7888241947953,7888241965553
409,2706,"Agent 1",4,1,1,65536,9122,"fused_moe_kernel",256,0,0,80,0,48,"FETCH_SIZE",24707.000000,7888243702262,7888243712084
409,2721,"Agent 1",4,1,1,49152,9121,"fused_moe_kernel",256,0,0,80,0,48,"FETCH_SIZE",49196.500000,7888253331035,7888253349197
409,2723,"Agent 1",4,1,1,65536,9122,"fused_moe_kernel",256,0,0,80,0,48,"FETCH_SIZE",24707.000000,7888253794409,7888253803870
409,2738,"Agent 1",4,1,1,49152,9121,"fused_moe_kernel",256,0,0,80,0,48,"FETCH_SIZE",49193.250000,7888265583574,7888265602176
409,2740,"Agent 1",4,1,1,65536,9122,"fused_moe_kernel",256,0,0,80,0,48,"FETCH_SIZE",24707.000000,7888266487269,7888266496811
409,2755,"Agent 1",4,1,1,49152,9121,"fused_moe_kernel",256,0,0,80,0,48,"WRITE_SIZE",24.000000,7888267623452,7888267641654
409,2757,"Agent 1",4,1,1,65536,9122,"fused_moe_kernel",256,0,0,80,0,48,"WRITE_SIZE",32.000000,7888268089953,7888268099695
409,2772,"Agent 1",4,1,1,49152,9121,"fused_moe_kernel",256,0,0,80,0,48,"WRITE_SIZE",24.000000,7888270700368,7888270719011
409,2774,"Agent 1",4,1,1,65536,9122,"fused_moe_kernel",256,0,0,80,0,48,"WRITE_SIZE",32.000000,7888270889559,7888270899742
409,2789,"Agent 1",4,1,1,49152,9121,"fused_moe_kernel",256,0,0,80,0,48,"WRITE_SIZE",24.000000,7888271408298,7888271426459
409,2791,"Agent 1",4,1,1,65536,9122,"fused_moe_kernel",256,0,0,80,0,48,"WRITE_SIZE",32.000000,7888271546532,7888271557116
409,2806,"Agent 1",4,1,1,49152,9121,"fused_moe_kernel",256,0,0,80,0,48,"WRITE_SIZE",24.000000,7888271968091,7888271985530
409,2808,"Agent 1",4,1,1,65536,9122,"fused_moe_kernel",256,0,0,80,0,48,"WRITE_SIZE",32.000000,7888272072849,7888272082792
409,2823,"Agent 1",4,1,1,49152,9121,"fused_moe_kernel",256,0,0,80,0,48,"SQ_INSTS_VALU_MFMA_MOPS_BF16",1572864.000000,7888272484184,7888272501584
409,2825,"Agent 1",4,1,1,65536,9122,"fused_moe_kernel",256,0,0,80,0,48,"SQ_INSTS_VALU_MFMA_MOPS_BF16",786432.000000,7888272573387,7888272582528
409,2840,"Agent 1",4,1,1,49152,9121,"fused_moe_kernel",256,0,0,80,0,48,"SQ_INSTS_VALU_MFMA_MOPS_BF16",1572864.000000,7888272965158,7888272982638
409,2842,"Agent 1",4,1,1,65536,9122,"fused_moe_kernel",256,0,0,80,0,48,"SQ_INSTS_VALU_MFMA_MOPS_BF16",786432.000000,7888273050191,7888273060014
409,2857,"Agent 1",4,1,1,49152,9121,"fused_moe_kernel",256,0,0,80,0,48,"SQ_INSTS_VALU_MFMA_MOPS_BF16",1572864.000000,7888273472542,7888273490182
409,2859,"Agent 1",4,1,1,65536,9122,"fused_moe_kernel",256,0,0,80,0,48,"SQ_INSTS_VALU_MFMA_MOPS_BF16",786432.000000,7888273555971,7888273565633
410,2874,"Agent 1",4,1,1,49152,9121,"fused_moe_kernel",256,0,0,80,0,48,"SQ_INSTS_VALU_MFMA_MOPS_BF16",1572864.000000,7888273943974,7888273962095
410,2876,"Agent 1",4,1,1,65536,9122,"fused_moe_kernel",256,0,0,80,0,48,"SQ_INSTS_VALU_MFMA_MOPS_BF16",786432.000000,7888274031011,7888274040593
410,2891,"Agent 1",4,1,1,49152,9121,"fused_moe_kernel",256,0,0,80,0,48,"FETCH_SIZE",49194.687500,7888274438738,7888274457661
410,2893,"Agent 1",4,1,1,65536,9122,"fused_moe_kernel",256,0,0,80,0,48,"FETCH_SIZE",24708.000000,7888274557128,7888274567110
410,2908,"Agent 1",4,1,1,49152,9121,"fused_moe_kernel",256,0,0,80,0,48,"FETCH_SIZE",49195.000000,7888274979849,7888274997489
410,2910,"Agent 1",4,1,1,65536,9122,"fused_moe_kernel",256,0,0,80,0,48,"FETCH_SIZE",24707.000000,7888275097156,7888275106818
410,2925,"Agent 1",4,1,1,49152,9121,"fused_moe_kernel",256,0,0,80,0,48,"FETCH_SIZE",49196.250000,7888275531423,7888275549424
410,2927,"Agent 1",4,1,1,65536,9122,"fused_moe_kernel",256,0,0,80,0,48,"FETCH_SIZE",24707.000000,7888275647126,7888275656547
410,2942,"Agent 1",4,1,1,49152,9121,"fused_moe_kernel",256,0,0,80,0,48,"FETCH_SIZE",49196.250000,7888276061308,7888276079469
410,2944,"Agent 1",4,1,1,65536,9122,"fused_moe_kernel",256,0,0,80,0,48,"FETCH_SIZE",24707.000000,7888276170195,7888276179777
410,2959,"Agent 1",4,1,1,49152,9121,"fused_moe_kernel",256,0,0,80,0,48,"WRITE_SIZE",24.000000,7888276583455,7888276601135
410,2961,"Agent 1",4,1,1,65536,9122,"fused_moe_kernel",256,0,0,80,0,48,"WRITE_SIZE",32.000000,7888276688013,7888276698597
410,2976,"Agent 1",4,1,1,49152,9121,"fused_moe_kernel",256,0,0,80,0,48,"WRITE_SIZE",24.000000,7888277093495,7888277112137
410,2978,"Agent 1",4,1,1,65536,9122,"fused_moe_kernel",256,0,0,80,0,48,"WRITE_SIZE",32.000000,7888277196970,7888277207594
410,2993,"Agent 1",4,1,1,49152,9121,"fused_moe_kernel",256,0,0,80,0,48,"WRITE_SIZE",24.000000,7888277606100,7888277624302
410,2995,"Agent 1",4,1,1,65536,9122,"fused_moe_kernel",256,0,0,80,0,48,"WRITE_SIZE",32.000000,7888277709215,7888277719558
410,3010,"Agent 1",4,1,1,49152,9121,"fused_moe_kernel",256,0,0,80,0,48,"WRITE_SIZE",24.000000,7888278121392,7888278138952
410,3012,"Agent 1",4,1,1,65536,9122,"fused_moe_kernel",256,0,0,80,0,48,"WRITE_SIZE",32.000000,7888278224186,7888278234770
410,3027,"Agent 1",4,1,1,49152,9121,"fused_moe_kernel",256,0,0,80,0,48,"SQ_INSTS_VALU_MFMA_MOPS_BF16",1572864.000000,7888278630389,7888278647749
410,3029,"Agent 1",4,1,1,65536,9122,"fused_moe_kernel",256,0,0,80,0,48,"SQ_INSTS_VALU_MFMA_MOPS_BF16",786432.000000,7888278720434,7888278729615
410,3044,"Agent 1",4,1,1,49152,9121,"fused_moe_kernel",256,0,0,80,0,48,"SQ_INSTS_VALU_MFMA_MOPS_BF16",1572864.000000,7888279121626,7888279140068
410,3046,"Agent 1",4,1,1,65536,9122,"fused_moe_kernel",256,0,0,80,0,48,"SQ_INSTS_VALU_MFMA_MOPS_BF16",786432.000000,7888279208063,7888279218045
410,3061,"Agent 1",4,1,1,49152,9121,"fused_moe_kernel",256,0,0,80,0,48,"SQ_INSTS_VALU_MFMA_MOPS_BF16",1572864.000000,7888279601237,7888279619839
410,3063,"Agent 1",4,1,1,65536,9122,"fused_moe_kernel",256,0,0,80,0,48,"SQ_INSTS_VALU_MFMA_MOPS_BF16",786432.000000,7888279684025,7888279694088
410,3078,"Agent 1",4,1,1,49152,9121,"fused_moe_kernel",256,0,0,80,0,48,"SQ_INSTS_VALU_MFMA_MOPS_BF16",1572864.000000,7888280063648,7888280081448
410,3080,"Agent 1",4,1,1,65536,9122,"fused_moe_kernel",256,0,0,80,0,48,"SQ_INSTS_VALU_MFMA_MOPS_BF16",786432.000000,7888280150084,7888280159586
410,3095,"Agent 1",4,1,1,49152,9121,"fused_moe_kernel",256,0,0,80,0,48,"FETCH_SIZE",49193.750000,7888280535802,7888280553722
410,3097,"Agent 1",4,1,1,65536,9122,"fused_moe_kernel",256,0,0,80,0,48,"FETCH_SIZE",24707.000000,7888280651585,7888280661167
410,3112,"Agent 1",4,1,1,49152,9121,"fused_moe_kernel",256,0,0,80,0,48,"FETCH_SIZE",49195.250000,7888281053178,7888281071780
410,3114,"Agent 1",4,1,1,65536,9122,"fused_moe_kernel",256,0,0,80,0,48,"FETCH_SIZE",24707.000000,7888281164311,7888281174654
411,3129,"Agent 1",4,1,1,49152,9121,"fused_moe_kernel",256,0,0,80,0,48,"FETCH_SIZE",49195.250000,7888281588275,7888281607077
411,3131,"Agent 1",4,1,1,65536,9122,"fused_moe_kernel",256,0,0,80,0,48,"FETCH_SIZE",24707.000000,7888281701572,7888281711394
411,3146,"Agent 1",4,1,1,49152,9121,"fused_moe_kernel",256,0,0,80,0,48,"FETCH_SIZE",49196.500000,7888282106733,7888282124895
411,3148,"Agent 1",4,1,1,65536,9122,"fused_moe_kernel",256,0,0,80,0,48,"FETCH_SIZE",24707.000000,7888282216904,7888282226806
411,3163,"Agent 1",4,1,1,49152,9121,"fused_moe_kernel",256,0,0,80,0,48,"WRITE_SIZE",24.000000,7888282631607,7888282649447
411,3165,"Agent 1",4,1,1,65536,9122,"fused_moe_kernel",256,0,0,80,0,48,"WRITE_SIZE",32.000000,7888282736044,7888282745546
411,3180,"Agent 1",4,1,1,49152,9121,"fused_moe_kernel",256,0,0,80,0,48,"WRITE_SIZE",24.000000,7888283134991,7888283152351
411,3182,"Agent 1",4,1,1,65536,9122,"fused_moe_kernel",256,0,0,80,0,48,"WRITE_SIZE",32.000000,7888283233896,7888283243518
411,3197,"Agent 1",4,1,1,49152,9121,"fused_moe_kernel",256,0,0,80,0,48,"WRITE_SIZE",24.000000,7888283629235,7888283648078
411,3199,"Agent 1",4,1,1,65536,9122,"fused_moe_kernel",256,0,0,80,0,48,"WRITE_SIZE",32.000000,7888283729744,7888283739646
411,3214,"Agent 1",4,1,1,49152,9121,"fused_moe_kernel",256,0,0,80,0,48,"WRITE_SIZE",24.000000,7888284131898,7888284150901
411,3216,"Agent 1",4,1,1,65536,9122,"fused_moe_kernel",256,0,0,80,0,48,"WRITE_SIZE",32.000000,7888284235534,7888284245597
411,3231,"Agent 1",4,1,1,49152,9121,"fused_moe_kernel",256,0,0,80,0,48,"SQ_INSTS_VALU_MFMA_MOPS_BF16",1572864.000000,7888284641858,7888284659578
411,3233,"Agent 1",4,1,1,65536,9122,"fused_moe_kernel",256,0,0,80,0,48,"SQ_INSTS_VALU_MFMA_MOPS_BF16",786432.000000,7888284730900,7888284740963
411,3248,"Agent 1",4,1,1,49152,9121,"fused_moe_kernel",256,0,0,80,0,48,"SQ_INSTS_VALU_MFMA_MOPS_BF16",1572864.000000,7888285104149,7888285122069
411,3250,"Agent 1",4,1,1,65536,9122,"fused_moe_kernel",256,0,0,80,0,48,"SQ_INSTS_VALU_MFMA_MOPS_BF16",786432.000000,7888285195637,7888285206301
411,3265,"Agent 1",4,1,1,49152,9121,"fused_moe_kernel",256,0,0,80,0,48,"SQ_INSTS_VALU_MFMA_MOPS_BF16",1572864.000000,7888285588129,7888285605849
411,3267,"Agent 1",4,1,1,65536,9122,"fused_moe_kernel",256,0,0,80,0,48,"SQ_INSTS_VALU_MFMA_MOPS_BF16",786432.000000,7888285673443,7888285683105
411,3282,"Agent 1",4,1,1,49152,9121,"fused_moe_kernel",256,0,0,80,0,48,"SQ_INSTS_VALU_MFMA_MOPS_BF16",1572864.000000,7888286050140,7888286068221
411,3284,"Agent 1",4,1,1,65536,9122,"fused_moe_kernel",256,0,0,80,0,48,"SQ_INSTS_VALU_MFMA_MOPS_BF16",786432.000000,7888286131244,7888286140826
411,3299,"Agent 1",4,1,1,49152,9121,"fused_moe_kernel",256,0,0,80,0,48,"FETCH_SIZE",49194.125000,7888286519366,7888286537568
411,3301,"Agent 1",4,1,1,65536,9122,"fused_moe_kernel",256,0,0,80,0,48,"FETCH_SIZE",24707.000000,7888286629938,7888286639159
411,3316,"Agent 1",4,1,1,49152,9121,"fused_moe_kernel",256,0,0,80,0,48,"FETCH_SIZE",49194.000000,7888287029326,7888287047287
411,3318,"Agent 1",4,1,1,65536,9122,"fused_moe_kernel",256,0,0,80,0,48,"FETCH_SIZE",24707.000000,7888287141581,7888287151163
411,3333,"Agent 1",4,1,1,49152,9121,"fused_moe_kernel",256,0,0,80,0,48,"FETCH_SIZE",49194.250000,7888287541851,7888287560373
411,3335,"Agent 1",4,1,1,65536,9122,"fused_moe_kernel",256,0,0,80,0,48,"FETCH_SIZE",24707.000000,7888287653345,7888287663287
411,3350,"Agent 1",4,1,1,49152,9121,"fused_moe_kernel",256,0,0,80,0,48,"FETCH_SIZE",49193.500000,7888288058546,7888288076347
411,3352,"Agent 1",4,1,1,65536,9122,"fused_moe_kernel",256,0,0,80,0,48,"FETCH_SIZE",24707.000000,7888288169719,7888288179662
411,3367,"Agent 1",4,1,1,49152,9121,"fused_moe_kernel",256,0,0,80,0,48,"WRITE_SIZE",24.000000,7888288566621,7888288584783
411,3369,"Agent 1",4,1,1,65536,9122,"fused_moe_kernel",256,0,0,80,0,48,"WRITE_SIZE",32.000000,7888288667250,7888288677233
412,3384,"Agent 1",4,1,1,49152,9121,"fused_moe_kernel",256,0,0,80,0,48,"WRITE_SIZE",24.000000,7888289058981,7888289077543
412,3386,"Agent 1",4,1,1,65536,9122,"fused_moe_kernel",256,0,0,80,0,48,"WRITE_SIZE",32.000000,7888289162336,7888289172118
412,3401,"Agent 1",4,1,1,49152,9121,"fused_moe_kernel",256,0,0,80,0,48,"WRITE_SIZE",24.000000,7888289559960,7888289577640
412,3403,"Agent 1",4,1,1,65536,9122,"fused_moe_kernel",256,0,0,80,0,48,"WRITE_SIZE",32.000000,7888289659586,7888289669208
412,3418,"Agent 1",4,1,1,49152,9121,"fused_moe_kernel",256,0,0,80,0,48,"WRITE_SIZE",24.000000,7888290053723,7888290071283
412,3420,"Agent 1",4,1,1,65536,9122,"fused_moe_kernel",256,0,0,80,0,48,"WRITE_SIZE",32.000000,7888290152748,7888290162851
443,3465,"Agent 1",4,1,1,49152,9121,"fused_moe_kernel",256,0,0,80,0,48,"SQ_INSTS_VALU_MFMA_MOPS_BF16",1572864.000000,7888291469021,7888291486861
443,3467,"Agent 1",4,1,1,65536,9122,"fused_moe_kernel",256,0,0,80,0,48,"SQ_INSTS_VALU_MFMA_MOPS_BF16",786432.000000,7888291579311,7888291588532
443,3482,"Agent 1",4,1,1,49152,9121,"fused_moe_kernel",256,0,0,80,0,48,"SQ_INSTS_VALU_MFMA_MOPS_BF16",1572864.000000,7888292213353,7888292231234
443,3484,"Agent 1",4,1,1,65536,9122,"fused_moe_kernel",256,0,0,80,0,48,"SQ_INSTS_VALU_MFMA_MOPS_BF16",786432.000000,7888292294738,7888292305042
443,3499,"Agent 1",4,1,1,49152,9121,"fused_moe_kernel",256,0,0,80,0,48,"SQ_INSTS_VALU_MFMA_MOPS_BF16",1572864.000000,7888292920080,7888292938602
443,3501,"Agent 1",4,1,1,65536,9122,"fused_moe_kernel",256,0,0,80,0,48,"SQ_INSTS_VALU_MFMA_MOPS_BF16",786432.000000,7888293094156,7888293104179
443,3516,"Agent 1",4,1,1,49152,9121,"fused_moe_kernel",256,0,0,80,0,48,"SQ_INSTS_VALU_MFMA_MOPS_BF16",1572864.000000,7888304013784,7888304031905
443,3518,"Agent 1",4,1,1,65536,9122,"fused_moe_kernel",256,0,0,80,0,48,"SQ_INSTS_VALU_MFMA_MOPS_BF16",786432.000000,7888305642768,7888305652710
443,3533,"Agent 1",4,1,1,49152,9121,"fused_moe_kernel",256,0,0,80,0,48,"FETCH_SIZE",49195.500000,7888314170157,7888314187957
443,3535,"Agent 1",4,1,1,65536,9122,"fused_moe_kernel",256,0,0,80,0,48,"FETCH_SIZE",24707.000000,7888315800824,7888315810687
443,3550,"Agent 1",4,1,1,49152,9121,"fused_moe_kernel",256,0,0,80,0,48,"FETCH_SIZE",49193.250000,7888324262985,7888324280705
443,3552,"Agent 1",4,1,1,65536,9122,"fused_moe_kernel",256,0,0,80,0,48,"FETCH_SIZE",24707.000000,7888325970708,7888325980210
443,3567,"Agent 1",4,1,1,49152,9121,"fused_moe_kernel",256,0,0,80,0,48,"FETCH_SIZE",49195.750000,7888335289697,7888335307537
443,3569,"Agent 1",4,1,1,65536,9122,"fused_moe_kernel",256,0,0,80,0,48,"FETCH_SIZE",24707.000000,7888336177020,7888336187323
443,3584,"Agent 1",4,1,1,49152,9121,"fused_moe_kernel",256,0,0,80,0,48,"FETCH_SIZE",49193.750000,7888340271770,7888340289049
443,3586,"Agent 1",4,1,1,65536,9122,"fused_moe_kernel",256,0,0,80,0,48,"FETCH_SIZE",24707.000000,7888340489184,7888340499368
443,3601,"Agent 1",4,1,1,49152,9121,"fused_moe_kernel",256,0,0,80,0,48,"WRITE_SIZE",24.000000,7888340993611,7888341010810
443,3603,"Agent 1",4,1,1,65536,9122,"fused_moe_kernel",256,0,0,80,0,48,"WRITE_SIZE",32.000000,7888341168128,7888341177910
443,3618,"Agent 1",4,1,1,49152,9121,"fused_moe_kernel",256,0,0,80,0,48,"WRITE_SIZE",24.000000,7888341582310,7888341600551
443,3620,"Agent 1",4,1,1,65536,9122,"fused_moe_kernel",256,0,0,80,0,48,"WRITE_SIZE",32.000000,7888341690837,7888341700980
443,3635,"Agent 1",4,1,1,49152,9121,"fused_moe_kernel",256,0,0,80,0,48,"WRITE_SIZE",24.000000,7888342101490,7888342119692
443,3637,"Agent 1",4,1,1,65536,9122,"fused_moe_kernel",256,0,0,80,0,48,"WRITE_SIZE",32.000000,7888342211941,7888342221884
443,3652,"Agent 1",4,1,1,49152,9121,"fused_moe_kernel",256,0,0,80,0,48,"WRITE_SIZE",24.000000,7888342608082,7888342625722
443,3654,"Agent 1",4,1,1,65536,9122,"fused_moe_kernel",256,0,0,80,0,48,"WRITE_SIZE",32.000000,7888342712520,7888342722542
443,3669,"Agent 1",4,1,1,49152,9121,"fused_moe_kernel",256,0,0,80,0,48,"SQ_INSTS_VALU_MFMA_MOPS_BF16",1572864.000000,7888343117761,7888343135922
443,3671,"Agent 1",4,1,1,65536,9122,"fused_moe_kernel",256,0,0,80,0,48,"SQ_INSTS_VALU_MFMA_MOPS_BF16",786432.000000,7888343203356,7888343213098
443,3686,"Agent 1",4,1,1,49152,9121,"fused_moe_kernel",256,0,0,80,0,48,"SQ_INSTS_VALU_MFMA_MOPS_BF16",1572864.000000,7888343578128,7888343596690
443,3688,"Agent 1",4,1,1,65536,9122,"fused_moe_kernel",256,0,0,80,0,48,"SQ_INSTS_VALU_MFMA_MOPS_BF16",786432.000000,7888343666970,7888343677033
443,3703,"Agent 1",4,1,1,49152,9121,"fused_moe_kernel",256,0,0,80,0,48,"SQ_INSTS_VALU_MFMA_MOPS_BF16",1572864.000000,7888344058781,7888344076501
443,3705,"Agent 1",4,1,1,65536,9122,"fused_moe_kernel",256,0,0,80,0,48,"SQ_INSTS_VALU_MFMA_MOPS_BF16",786432.000000,7888344140326,7888344150750
444,3720,"Agent 1",4,1,1,49152,9121,"fused_moe_kernel",256,0,0,80,0,48,"SQ_INSTS_VALU_MFMA_MOPS_BF16",1572864.000000,7888344512893,7888344530694
444,3722,"Agent 1",4,1,1,65536,9122,"fused_moe_kernel",256,0,0,80,0,48,"SQ_INSTS_VALU_MFMA_MOPS_BF16",786432.000000,7888344596924,7888344607147
444,3737,"Agent 1",4,1,1,49152,9121,"fused_moe_kernel",256,0,0,80,0,48,"FETCH_SIZE",49194.500000,7888344977790,7888344996513
444,3739,"Agent 1",4,1,1,65536,9122,"fused_moe_kernel",256,0,0,80,0,48,"FETCH_SIZE",24707.000000,7888345087199,7888345097382
444,3754,"Agent 1",4,1,1,49152,9121,"fused_moe_kernel",256,0,0,80,0,48,"FETCH_SIZE",49194.625000,7888345487910,7888345506392
444,3756,"Agent 1",4,1,1,65536,9122,"fused_moe_kernel",256,0,0,80,0,48,"FETCH_SIZE",24707.000000,7888345606219,7888345615721
444,3771,"Agent 1",4,1,1,49152,9121,"fused_moe_kernel",256,0,0,80,0,48,"FETCH_SIZE",49194.250000,7888346032669,7888346050589
444,3773,"Agent 1",4,1,1,65536,9122,"fused_moe_kernel",256,0,0,80,0,48,"FETCH_SIZE",24707.000000,7888346147931,7888346157954
444,3788,"Agent 1",4,1,1,49152,9121,"fused_moe_kernel",256,0,0,80,0,48,"FETCH_SIZE",49196.000000,7888346561792,7888346579953
444,3790,"Agent 1",4,1,1,65536,9122,"fused_moe_kernel",256,0,0,80,0,48,"FETCH_SIZE",24707.000000,7888346677094,7888346687157
444,3805,"Agent 1",4,1,1,49152,9121,"fused_moe_kernel",256,0,0,80,0,48,"WRITE_SIZE",24.000000,7888347103103,7888347120743
444,3807,"Agent 1",4,1,1,65536,9122,"fused_moe_kernel",256,0,0,80,0,48,"WRITE_SIZE",32.000000,7888347207700,7888347218004
444,3822,"Agent 1",4,1,1,49152,9121,"fused_moe_kernel",256,0,0,80,0,48,"WRITE_SIZE",24.000000,7888347622283,7888347640244
444,3824,"Agent 1",4,1,1,65536,9122,"fused_moe_kernel",256,0,0,80,0,48,"WRITE_SIZE",32.000000,7888347726801,7888347737064
444,3839,"Agent 1",4,1,1,49152,9121,"fused_moe_kernel",256,0,0,80,0,48,"WRITE_SIZE",24.000000,7888348132243,7888348150083
444,3841,"Agent 1",4,1,1,65536,9122,"fused_moe_kernel",256,0,0,80,0,48,"WRITE_SIZE",32.000000,7888348233793,7888348243295
444,3856,"Agent 1",4,1,1,49152,9121,"fused_moe_kernel",256,0,0,80,0,48,"WRITE_SIZE",24.000000,7888348638434,7888348656635
444,3858,"Agent 1",4,1,1,65536,9122,"fused_moe_kernel",256,0,0,80,0,48,"WRITE_SIZE",32.000000,7888348738782,7888348748925
444,3873,"Agent 1",4,1,1,49152,9121,"fused_moe_kernel",256,0,0,80,0,48,"SQ_INSTS_VALU_MFMA_MOPS_BF16",1572864.000000,7888349131475,7888349149155
444,3875,"Agent 1",4,1,1,65536,9122,"fused_moe_kernel",256,0,0,80,0,48,"SQ_INSTS_VALU_MFMA_MOPS_BF16",786432.000000,7888349224366,7888349234188
444,3890,"Agent 1",4,1,1,49152,9121,"fused_moe_kernel",256,0,0,80,0,48,"SQ_INSTS_VALU_MFMA_MOPS_BF16",1572864.000000,7888349603989,7888349622030
444,3892,"Agent 1",4,1,1,65536,9122,"fused_moe_kernel",256,0,0,80,0,48,"SQ_INSTS_VALU_MFMA_MOPS_BF16",786432.000000,7888349685975,7888349696038
444,3907,"Agent 1",4,1,1,49152,9121,"fused_moe_kernel",256,0,0,80,0,48,"SQ_INSTS_VALU_MFMA_MOPS_BF16",1572864.000000,7888350062391,7888350080553
444,3909,"Agent 1",4,1,1,65536,9122,"fused_moe_kernel",256,0,0,80,0,48,"SQ_INSTS_VALU_MFMA_MOPS_BF16",786432.000000,7888350147825,7888350158009
444,3924,"Agent 1",4,1,1,49152,9121,"fused_moe_kernel",256,0,0,80,0,48,"SQ_INSTS_VALU_MFMA_MOPS_BF16",1572864.000000,7888350519070,7888350536910
444,3926,"Agent 1",4,1,1,65536,9122,"fused_moe_kernel",256,0,0,80,0,48,"SQ_INSTS_VALU_MFMA_MOPS_BF16",786432.000000,7888350598490,7888350608192
444,3941,"Agent 1",4,1,1,49152,9121,"fused_moe_kernel",256,0,0,80,0,48,"FETCH_SIZE",49195.000000,7888350981481,7888350998800
444,3943,"Agent 1",4,1,1,65536,9122,"fused_moe_kernel",256,0,0,80,0,48,"FETCH_SIZE",24707.000000,7888351095220,7888351105563
444,3958,"Agent 1",4,1,1,49152,9121,"fused_moe_kernel",256,0,0,80,0,48,"FETCH_SIZE",49195.750000,7888351509201,7888351527001
444,3960,"Agent 1",4,1,1,65536,9122,"fused_moe_kernel",256,0,0,80,0,48,"FETCH_SIZE",24707.000000,7888351622859,7888351632281
445,3975,"Agent 1",4,1,1,49152,9121,"fused_moe_kernel",256,0,0,80,0,48,"FETCH_SIZE",49195.250000,7888352037282,7888352055162
445,3977,"Agent 1",4,1,1,65536,9122,"fused_moe_kernel",256,0,0,80,0,48,"FETCH_SIZE",24707.000000,7888352148013,7888352158277
445,3992,"Agent 1",4,1,1,49152,9121,"fused_moe_kernel",256,0,0,80,0,48,"FETCH_SIZE",49196.500000,7888352562275,7888352580276
445,3994,"Agent 1",4,1,1,65536,9122,"fused_moe_kernel",256,0,0,80,0,48,"FETCH_SIZE",24707.000000,7888352672646,7888352682990
445,4009,"Agent 1",4,1,1,49152,9121,"fused_moe_kernel",256,0,0,80,0,48,"WRITE_SIZE",24.000000,7888353084904,7888353102504
445,4011,"Agent 1",4,1,1,65536,9122,"fused_moe_kernel",256,0,0,80,0,48,"WRITE_SIZE",32.000000,7888353194433,7888353204135
445,4026,"Agent 1",4,1,1,49152,9121,"fused_moe_kernel",256,0,0,80,0,48,"WRITE_SIZE",24.000000,7888353581072,7888353597990
445,4028,"Agent 1",4,1,1,65536,9122,"fused_moe_kernel",256,0,0,80,0,48,"WRITE_SIZE",32.000000,7888353684186,7888353694450
445,4043,"Agent 1",4,1,1,49152,9121,"fused_moe_kernel",256,0,0,80,0,48,"WRITE_SIZE",24.000000,7888354078242,7888354096283
445,4045,"Agent 1",4,1,1,65536,9122,"fused_moe_kernel",256,0,0,80,0,48,"WRITE_SIZE",32.000000,7888354180194,7888354190056
445,4060,"Agent 1",4,1,1,49152,9121,"fused_moe_kernel",256,0,0,80,0,48,"WRITE_SIZE",24.000000,7888354575413,7888354593614
445,4062,"Agent 1",4,1,1,65536,9122,"fused_moe_kernel",256,0,0,80,0,48,"WRITE_SIZE",32.000000,7888354674438,7888354684380
445,4077,"Agent 1",4,1,1,49152,9121,"fused_moe_kernel",256,0,0,80,0,48,"SQ_INSTS_VALU_MFMA_MOPS_BF16",1572864.000000,7888355068935,7888355086615
445,4079,"Agent 1",4,1,1,65536,9122,"fused_moe_kernel",256,0,0,80,0,48,"SQ_INSTS_VALU_MFMA_MOPS_BF16",786432.000000,7888355151242,7888355162548
445,4094,"Agent 1",4,1,1,49152,9121,"fused_moe_kernel",256,0,0,80,0,48,"SQ_INSTS_VALU_MFMA_MOPS_BF16",1572864.000000,7888355518357,7888355535876
445,4096,"Agent 1",4,1,1,65536,9122,"fused_moe_kernel",256,0,0,80,0,48,"SQ_INSTS_VALU_MFMA_MOPS_BF16",786432.000000,7888355604633,7888355614736
445,4111,"Agent 1",4,1,1,49152,9121,"fused_moe_kernel",256,0,0,80,0,48,"SQ_INSTS_VALU_MFMA_MOPS_BF16",1572864.000000,7888355980688,7888355999130
445,4113,"Agent 1",4,1,1,65536,9122,"fused_moe_kernel",256,0,0,80,0,48,"SQ_INSTS_VALU_MFMA_MOPS_BF16",786432.000000,7888356068167,7888356077869
445,4128,"Agent 1",4,1,1,49152,9121,"fused_moe_kernel",256,0,0,80,0,48,"SQ_INSTS_VALU_MFMA_MOPS_BF16",1572864.000000,7888356448311,7888356466031
445,4130,"Agent 1",4,1,1,65536,9122,"fused_moe_kernel",256,0,0,80,0,48,"SQ_INSTS_VALU_MFMA_MOPS_BF16",786432.000000,7888356528734,7888356538276
445,4145,"Agent 1",4,1,1,49152,9121,"fused_moe_kernel",256,0,0,80,0,48,"FETCH_SIZE",49192.750000,7888356915253,7888356934577
445,4147,"Agent 1",4,1,1,65536,9122,"fused_moe_kernel",256,0,0,80,0,48,"FETCH_SIZE",24707.000000,7888357030354,7888357040538
445,4162,"Agent 1",4,1,1,49152,9121,"fused_moe_kernel",256,0,0,80,0,48,"FETCH_SIZE",49194.000000,7888357435435,7888357453356
445,4164,"Agent 1",4,1,1,65536,9122,"fused_moe_kernel",256,0,0,80,0,48,"FETCH_SIZE",24707.000000,7888357547210,7888357556230
445,4179,"Agent 1",4,1,1,49152,9121,"fused_moe_kernel",256,0,0,80,0,48,"FETCH_SIZE",49195.250000,7888357961752,7888357979873
445,4181,"Agent 1",4,1,1,65536,9122,"fused_moe_kernel",256,0,0,80,0,48,"FETCH_SIZE",24707.000000,7888358073045,7888358082507
445,4196,"Agent 1",4,1,1,49152,9121,"fused_moe_kernel",256,0,0,80,0,48,"FETCH_SIZE",49195.000000,7888358475841,7888358493642
445,4198,"Agent 1",4,1,1,65536,9122,"fused_moe_kernel",256,0,0,80,0,48,"FETCH_SIZE",24707.000000,7888358591223,7888358601407
445,4213,"Agent 1",4,1,1,49152,9121,"fused_moe_kernel",256,0,0,80,0,48,"WRITE_SIZE",24.000000,7888359002037,7888359020119
445,4215,"Agent 1",4,1,1,65536,9122,"fused_moe_kernel",256,0,0,80,0,48,"WRITE_SIZE",32.000000,7888359103789,7888359113090
446,4230,"Agent 1",4,1,1,49152,9121,"fused_moe_kernel",256,0,0,80,0,48,"WRITE_SIZE",24.000000,7888359488904,7888359506946
446,4232,"Agent 1",4,1,1,65536,9122,"fused_moe_kernel",256,0,0,80,0,48,"WRITE_SIZE",32.000000,7888359594705,7888359604888
446,4247,"Agent 1",4,1,1,49152,9121,"fused_moe_kernel",256,0,0,80,0,48,"WRITE_SIZE",24.000000,7888359994735,7888360012054
446,4249,"Agent 1",4,1,1,65536,9122,"fused_moe_kernel",256,0,0,80,0,48,"WRITE_SIZE",32.000000,7888360095965,7888360106268
446,4264,"Agent 1",4,1,1,49152,9121,"fused_moe_kernel",256,0,0,80,0,48,"WRITE_SIZE",24.000000,7888360491504,7888360509746
446,4266,"Agent 1",4,1,1,65536,9122,"fused_moe_kernel",256,0,0,80,0,48,"WRITE_SIZE",32.000000,7888360600472,7888360610655
477,4311,"Agent 1",4,1,1,49152,9121,"fused_moe_kernel",256,0,0,80,0,48,"SQ_INSTS_VALU_MFMA_MOPS_BF16",1572864.000000,7888361960484,7888361978766
477,4313,"Agent 1",4,1,1,65536,9122,"fused_moe_kernel",256,0,0,80,0,48,"SQ_INSTS_VALU_MFMA_MOPS_BF16",786432.000000,7888362076749,7888362086811
477,4328,"Agent 1",4,1,1,49152,9121,"fused_moe_kernel",256,0,0,80,0,48,"SQ_INSTS_VALU_MFMA_MOPS_BF16",1572864.000000,7888362691346,7888362709307
477,4330,"Agent 1",4,1,1,65536,9122,"fused_moe_kernel",256,0,0,80,0,48,"SQ_INSTS_VALU_MFMA_MOPS_BF16",786432.000000,7888362810858,7888362820520
477,4345,"Agent 1",4,1,1,49152,9121,"fused_moe_kernel",256,0,0,80,0,48,"SQ_INSTS_VALU_MFMA_MOPS_BF16",1572864.000000,7888363768916,7888363786757
477,4347,"Agent 1",4,1,1,65536,9122,"fused_moe_kernel",256,0,0,80,0,48,"SQ_INSTS_VALU_MFMA_MOPS_BF16",786432.000000,7888363884579,7888363894482
477,4362,"Agent 1",4,1,1,49152,9121,"fused_moe_kernel",256,0,0,80,0,48,"SQ_INSTS_VALU_MFMA_MOPS_BF16",1572864.000000,7888370730986,7888370748826
477,4364,"Agent 1",4,1,1,65536,9122,"fused_moe_kernel",256,0,0,80,0,48,"SQ_INSTS_VALU_MFMA_MOPS_BF16",786432.000000,7888371020244,7888371029906
477,4379,"Agent 1",4,1,1,49152,9121,"fused_moe_kernel",256,0,0,80,0,48,"FETCH_SIZE",49195.500000,7888380888080,7888380905360
477,4381,"Agent 1",4,1,1,65536,9122,"fused_moe_kernel",256,0,0,80,0,48,"FETCH_SIZE",24707.000000,7888382523078,7888382533742
477,4396,"Agent 1",4,1,1,49152,9121,"fused_moe_kernel",256,0,0,80,0,48,"FETCH_SIZE",49193.750000,7888388893683,7888388911323
477,4398,"Agent 1",4,1,1,65536,9122,"fused_moe_kernel",256,0,0,80,0,48,"FETCH_SIZE",24707.000000,7888391120827,7888391130529
477,4413,"Agent 1",4,1,1,49152,9121,"fused_moe_kernel",256,0,0,80,0,48,"FETCH_SIZE",49196.000000,7888402501403,7888402519565
477,4415,"Agent 1",4,1,1,65536,9122,"fused_moe_kernel",256,0,0,80,0,48,"FETCH_SIZE",24707.000000,7888402967182,7888402977045
477,4430,"Agent 1",4,1,1,49152,9121,"fused_moe_kernel",256,0,0,80,0,48,"FETCH_SIZE",49193.750000,7888411479256,7888411496456
477,4432,"Agent 1",4,1,1,65536,9122,"fused_moe_kernel",256,0,0,80,0,48,"FETCH_SIZE",24707.000000,7888411591832,7888411602096
477,4447,"Agent 1",4,1,1,49152,9121,"fused_moe_kernel",256,0,0,80,0,48,"WRITE_SIZE",24.000000,7888412202381,7888412219740
477,4449,"Agent 1",4,1,1,65536,9122,"fused_moe_kernel",256,0,0,80,0,48,"WRITE_SIZE",32.000000,7888412305535,7888412315558
477,4464,"Agent 1",4,1,1,49152,9121,"fused_moe_kernel",256,0,0,80,0,48,"WRITE_SIZE",24.000000,7888412724728,7888412742409
477,4466,"Agent 1",4,1,1,65536,9122,"fused_moe_kernel",256,0,0,80,0,48,"WRITE_SIZE",32.000000,7888412821589,7888412831291
477,4481,"Agent 1",4,1,1,49152,9121,"fused_moe_kernel",256,0,0,80,0,48,"WRITE_SIZE",24.000000,7888413239098,7888413256658
477,4483,"Agent 1",4,1,1,65536,9122,"fused_moe_kernel",256,0,0,80,0,48,"WRITE_SIZE",32.000000,7888413341811,7888413352035
477,4498,"Agent 1",4,1,1,49152,9121,"fused_moe_kernel",256,0,0,80,0,48,"WRITE_SIZE",24.000000,7888413771027,7888413788226
477,4500,"Agent 1",4,1,1,65536,9122,"fused_moe_kernel",256,0,0,80,0,48,"WRITE_SIZE",32.000000,7888413874503,7888413884926
477,4515,"Agent 1",4,1,1,49152,9121,"fused_moe_kernel",256,0,0,80,0,48,"SQ_INSTS_VALU_MFMA_MOPS_BF16",1572864.000000,7888414279223,7888414296863
477,4517,"Agent 1",4,1,1,65536,9122,"fused_moe_kernel",256,0,0,80,0,48,"SQ_INSTS_VALU_MFMA_MOPS_BF16",786432.000000,7888414364858,7888414374399
477,4532,"Agent 1",4,1,1,49152,9121,"fused_moe_kernel",256,0,0,80,0,48,"SQ_INSTS_VALU_MFMA_MOPS_BF16",1572864.000000,7888414758793,7888414777676
477,4534,"Agent 1",4,1,1,65536,9122,"fused_moe_kernel",256,0,0,80,0,48,"SQ_INSTS_VALU_MFMA_MOPS_BF16",786432.000000,7888414845109,7888414854932
477,4549,"Agent 1",4,1,1,49152,9121,"fused_moe_kernel",256,0,0,80,0,48,"SQ_INSTS_VALU_MFMA_MOPS_BF16",1572864.000000,7888415236760,7888415255001
477,4551,"Agent 1",4,1,1,65536,9122,"fused_moe_kernel",256,0,0,80,0,48,"SQ_INSTS_VALU_MFMA_MOPS_BF16",786432.000000,7888415327887,7888415337830
478,4566,"Agent 1",4,1,1,49152,9121,"fused_moe_kernel",256,0,0,80,0,48,"SQ_INSTS_VALU_MFMA_MOPS_BF16",1572864.000000,7888415719177,7888415737017
478,4568,"Agent 1",4,1,1,65536,9122,"fused_moe_kernel",256,0,0,80,0,48,"SQ_INSTS_VALU_MFMA_MOPS_BF16",786432.000000,7888415809141,7888415818723
478,4583,"Agent 1",4,1,1,49152,9121,"fused_moe_kernel",256,0,0,80,0,48,"FETCH_SIZE",49195.000000,7888416198146,7888416215786
478,4585,"Agent 1",4,1,1,65536,9122,"fused_moe_kernel",256,0,0,80,0,48,"FETCH_SIZE",24707.000000,7888416311043,7888416320223
478,4600,"Agent 1",4,1,1,49152,9121,"fused_moe_kernel",256,0,0,80,0,48,"FETCH_SIZE",49197.500000,7888416740820,7888416759462
478,4602,"Agent 1",4,1,1,65536,9122,"fused_moe_kernel",256,0,0,80,0,48,"FETCH_SIZE",24707.000000,7888416853275,7888416863499
478,4617,"Agent 1",4,1,1,49152,9121,"fused_moe_kernel",256,0,0,80,0,48,"FETCH_SIZE",49195.000000,7888417284376,7888417302778
478,4619,"Agent 1",4,1,1,65536,9122,"fused_moe_kernel",256,0,0,80,0,48,"FETCH_SIZE",24707.000000,7888417399718,7888417410182
478,4634,"Agent 1",4,1,1,49152,9121,"fused_moe_kernel",256,0,0,80,0,48,"FETCH_SIZE",49194.250000,7888417822118,7888417840360
478,4636,"Agent 1",4,1,1,65536,9122,"fused_moe_kernel",256,0,0,80,0,48,"FETCH_SIZE",24707.000000,7888417938102,7888417948205
478,4651,"Agent 1",4,1,1,49152,9121,"fused_moe_kernel",256,0,0,80,0,48,"WRITE_SIZE",24.000000,7888418343865,7888418362066
478,4653,"Agent 1",4,1,1,65536,9122,"fused_moe_kernel",256,0,0,80,0,48,"WRITE_SIZE",32.000000,7888418446578,7888418456882
478,4668,"Agent 1",4,1,1,49152,9121,"fused_moe_kernel",256,0,0,80,0,48,"WRITE_SIZE",24.000000,7888418844884,7888418863045
478,4670,"Agent 1",4,1,1,65536,9122,"fused_moe_kernel",256,0,0,80,0,48,"WRITE_SIZE",32.000000,7888418950444,7888418960948
478,4685,"Agent 1",4,1,1,49152,9121,"fused_moe_kernel",256,0,0,80,0,48,"WRITE_SIZE",24.000000,7888419361378,7888419379259
478,4687,"Agent 1",4,1,1,65536,9122,"fused_moe_kernel",256,0,0,80,0,48,"WRITE_SIZE",32.000000,7888419467780,7888419478244
478,4702,"Agent 1",4,1,1,49152,9121,"fused_moe_kernel",256,0,0,80,0,48,"WRITE_SIZE",24.000000,7888419884367,7888419902088
478,4704,"Agent 1",4,1,1,65536,9122,"fused_moe_kernel",256,0,0,80,0,48,"WRITE_SIZE",32.000000,7888419989727,7888419999309
478,4719,"Agent 1",4,1,1,49152,9121,"fused_moe_kernel",256,0,0,80,0,48,"SQ_INSTS_VALU_MFMA_MOPS_BF16",1572864.000000,7888420371916,7888420389797
478,4721,"Agent 1",4,1,1,65536,9122,"fused_moe_kernel",256,0,0,80,0,48,"SQ_INSTS_VALU_MFMA_MOPS_BF16",786432.000000,7888420457190,7888420467533
478,4736,"Agent 1",4,1,1,49152,9121,"fused_moe_kernel",256,0,0,80,0,48,"SQ_INSTS_VALU_MFMA_MOPS_BF16",1572864.000000,7888420852970,7888420871011
478,4738,"Agent 1",4,1,1,65536,9122,"fused_moe_kernel",256,0,0,80,0,48,"SQ_INSTS_VALU_MFMA_MOPS_BF16",786432.000000,7888420940328,7888420950311
478,4753,"Agent 1",4,1,1,49152,9121,"fused_moe_kernel",256,0,0,80,0,48,"SQ_INSTS_VALU_MFMA_MOPS_BF16",1572864.000000,7888421331618,7888421349459
478,4755,"Agent 1",4,1,1,65536,9122,"fused_moe_kernel",256,0,0,80,0,48,"SQ_INSTS_VALU_MFMA_MOPS_BF16",786432.000000,7888421414446,7888421424469
478,4770,"Agent 1",4,1,1,49152,9121,"fused_moe_kernel",256,0,0,80,0,48,"SQ_INSTS_VALU_MFMA_MOPS_BF16",1572864.000000,7888421798399,7888421815999
478,4772,"Agent 1",4,1,1,65536,9122,"fused_moe_kernel",256,0,0,80,0,48,"SQ_INSTS_VALU_MFMA_MOPS_BF16",786432.000000,7888421880546,7888421890168
478,4787,"Agent 1",4,1,1,49152,9121,"fused_moe_kernel",256,0,0,80,0,48,"FETCH_SIZE",49194.500000,7888422264058,7888422282540
478,4789,"Agent 1",4,1,1,65536,9122,"fused_moe_kernel",256,0,0,80,0,48,"FETCH_SIZE",24707.000000,7888422372986,7888422382968
478,4804,"Agent 1",4,1,1,49152,9121,"fused_moe_kernel",256,0,0,80,0,48,"FETCH_SIZE",49195.750000,7888422782958,7888422801159
478,4806,"Agent 1",4,1,1,65536,9122,"fused_moe_kernel",256,0,0,80,0,48,"FETCH_SIZE",24707.000000,7888422899343,7888422909766
479,4821,"Agent 1",4,1,1,49152,9121,"fused_moe_kernel",256,0,0,80,0,48,"FETCH_SIZE",49193.250000,7888423309114,7888423326835
479,4823,"Agent 1",4,1,1,65536,9122,"fused_moe_kernel",256,0,0,80,0,48,"FETCH_SIZE",24707.000000,7888423418443,7888423428626
479,4838,"Agent 1",4,1,1,49152,9121,"fused_moe_kernel",256,0,0,80,0,48,"FETCH_SIZE",49195.250000,7888423828134,7888423846175
479,4840,"Agent 1",4,1,1,65536,9122,"fused_moe_kernel",256,0,0,80,0,48,"FETCH_SIZE",24707.000000,7888423942314,7888423952096
479,4855,"Agent 1",4,1,1,49152,9121,"fused_moe_kernel",256,0,0,80,0,48,"WRITE_SIZE",24.000000,7888424343506,7888424361547
479,4857,"Agent 1",4,1,1,65536,9122,"fused_moe_kernel",256,0,0,80,0,48,"WRITE_SIZE",32.000000,7888424445538,7888424455561
479,4872,"Agent 1",4,1,1,49152,9121,"fused_moe_kernel",256,0,0,80,0,48,"WRITE_SIZE",24.000000,7888424830614,7888424848334
479,4874,"Agent 1",4,1,1,65536,9122,"fused_moe_kernel",256,0,0,80,0,48,"WRITE_SIZE",32.000000,7888424929158,7888424938419
479,4889,"Agent 1",4,1,1,49152,9121,"fused_moe_kernel",256,0,0,80,0,48,"WRITE_SIZE",24.000000,7888425313913,7888425332595
479,4891,"Agent 1",4,1,1,65536,9122,"fused_moe_kernel",256,0,0,80,0,48,"WRITE_SIZE",32.000000,7888425416867,7888425427170
479,4906,"Agent 1",4,1,1,49152,9121,"fused_moe_kernel",256,0,0,80,0,48,"WRITE_SIZE",24.000000,7888425816936,7888425835258
479,4908,"Agent 1",4,1,1,65536,9122,"fused_moe_kernel",256,0,0,80,0,48,"WRITE_SIZE",32.000000,7888425920692,7888425930555
479,4923,"Agent 1",4,1,1,49152,9121,"fused_moe_kernel",256,0,0,80,0,48,"SQ_INSTS_VALU_MFMA_MOPS_BF16",1572864.000000,7888426321564,7888426339324
479,4925,"Agent 1",4,1,1,65536,9122,"fused_moe_kernel",256,0,0,80,0,48,"SQ_INSTS_VALU_MFMA_MOPS_BF16",786432.000000,7888426405234,7888426415056
479,4940,"Agent 1",4,1,1,49152,9121,"fused_moe_kernel",256,0,0,80,0,48,"SQ_INSTS_VALU_MFMA_MOPS_BF16",1572864.000000,7888426779565,7888426797045
479,4942,"Agent 1",4,1,1,65536,9122,"fused_moe_kernel",256,0,0,80,0,48,"SQ_INSTS_VALU_MFMA_MOPS_BF16",786432.000000,7888426863476,7888426873699
479,4957,"Agent 1",4,1,1,49152,9121,"fused_moe_kernel",256,0,0,80,0,48,"SQ_INSTS_VALU_MFMA_MOPS_BF16",1572864.000000,7888427235802,7888427252881
479,4959,"Agent 1",4,1,1,65536,9122,"fused_moe_kernel",256,0,0,80,0,48,"SQ_INSTS_VALU_MFMA_MOPS_BF16",786432.000000,7888427321838,7888427332823
479,4974,"Agent 1",4,1,1,49152,9121,"fused_moe_kernel",256,0,0,80,0,48,"SQ_INSTS_VALU_MFMA_MOPS_BF16",1572864.000000,7888427697653,7888427715373
479,4976,"Agent 1",4,1,1,65536,9122,"fused_moe_kernel",256,0,0,80,0,48,"SQ_INSTS_VALU_MFMA_MOPS_BF16",786432.000000,7888427779398,7888427789622
479,4991,"Agent 1",4,1,1,49152,9121,"fused_moe_kernel",256,0,0,80,0,48,"FETCH_SIZE",49195.250000,7888428164514,7888428182355
479,4993,"Agent 1",4,1,1,65536,9122,"fused_moe_kernel",256,0,0,80,0,48,"FETCH_SIZE",24707.000000,7888428278413,7888428288276
479,5008,"Agent 1",4,1,1,49152,9121,"fused_moe_kernel",256,0,0,80,0,48,"FETCH_SIZE",49194.750000,7888428685098,7888428702978
479,5010,"Agent 1",4,1,1,65536,9122,"fused_moe_kernel",256,0,0,80,0,48,"FETCH_SIZE",24707.000000,7888428795228,7888428804930
479,5025,"Agent 1",4,1,1,49152,9121,"fused_moe_kernel",256,0,0,80,0,48,"FETCH_SIZE",49195.000000,7888429208007,7888429225567
479,5027,"Agent 1",4,1,1,65536,9122,"fused_moe_kernel",256,0,0,80,0,48,"FETCH_SIZE",24707.000000,7888429318137,7888429328000
479,5042,"Agent 1",4,1,1,49152,9121,"fused_moe_kernel",256,0,0,80,0,48,"FETCH_SIZE",49194.750000,7888429737330,7888429754770
479,5044,"Agent 1",4,1,1,65536,9122,"fused_moe_kernel",256,0,0,80,0,48,"FETCH_SIZE",24707.000000,7888429847862,7888429857524
479,5059,"Agent 1",4,1,1,49152,9121,"fused_moe_kernel",256,0,0,80,0,48,"WRITE_SIZE",24.000000,7888430252622,7888430270623
479,5061,"Agent 1",4,1,1,65536,9122,"fused_moe_kernel",256,0,0,80,0,48,"WRITE_SIZE",32.000000,7888430349001,7888430358984
480,5076,"Agent 1",4,1,1,49152,9121,"fused_moe_kernel",256,0,0,80,0,48,"WRITE_SIZE",24.000000,7888430743698,7888430761098
480,5078,"Agent 1",4,1,1,65536,9122,"fused_moe_kernel",256,0,0,80,0,48,"WRITE_SIZE",32.000000,7888430843606,7888430854029
480,5093,"Agent 1",4,1,1,49152,9121,"fused_moe_kernel",256,0,0,80,0,48,"WRITE_SIZE",24.000000,7888431224672,7888431243194
480,5095,"Agent 1",4,1,1,65536,9122,"fused_moe_kernel",256,0,0,80,0,48,"WRITE_SIZE",32.000000,7888431319247,7888431328829
480,5110,"Agent 1",4,1,1,49152,9121,"fused_moe_kernel",256,0,0,80,0,48,"WRITE_SIZE",24.000000,7888431690852,7888431708733
480,5112,"Agent 1",4,1,1,65536,9122,"fused_moe_kernel",256,0,0,80,0,48,"WRITE_SIZE",32.000000,7888431796572,7888431806154
511,5157,"Agent 1",4,1,1,49152,9121,"fused_moe_kernel",256,0,0,80,0,48,"SQ_INSTS_VALU_MFMA_MOPS_BF16",1572864.000000,7888433153057,7888433171378
511,5159,"Agent 1",4,1,1,65536,9122,"fused_moe_kernel",256,0,0,80,0,48,"SQ_INSTS_VALU_MFMA_MOPS_BF16",786432.000000,7888433269241,7888433279023
511,5174,"Agent 1",4,1,1,49152,9121,"fused_moe_kernel",256,0,0,80,0,48,"SQ_INSTS_VALU_MFMA_MOPS_BF16",1572864.000000,7888433890533,7888433907773
511,5176,"Agent 1",4,1,1,65536,9122,"fused_moe_kernel",256,0,0,80,0,48,"SQ_INSTS_VALU_MFMA_MOPS_BF16",786432.000000,7888433996494,7888434006156
511,5191,"Agent 1",4,1,1,49152,9121,"fused_moe_kernel",256,0,0,80,0,48,"SQ_INSTS_VALU_MFMA_MOPS_BF16",1572864.000000,7888435014890,7888435032731
511,5193,"Agent 1",4,1,1,65536,9122,"fused_moe_kernel",256,0,0,80,0,48,"SQ_INSTS_VALU_MFMA_MOPS_BF16",786432.000000,7888435128588,7888435138291
511,5208,"Agent 1",4,1,1,49152,9121,"fused_moe_kernel",256,0,0,80,0,48,"SQ_INSTS_VALU_MFMA_MOPS_BF16",1572864.000000,7888445698502,7888445716342
511,5210,"Agent 1",4,1,1,65536,9122,"fused_moe_kernel",256,0,0,80,0,48,"SQ_INSTS_VALU_MFMA_MOPS_BF16",786432.000000,7888447395961,7888447405102
511,5225,"Agent 1",4,1,1,49152,9121,"fused_moe_kernel",256,0,0,80,0,48,"FETCH_SIZE",49197.250000,7888457510679,7888457528480
511,5227,"Agent 1",4,1,1,65536,9122,"fused_moe_kernel",256,0,0,80,0,48,"FETCH_SIZE",24707.000000,7888459202766,7888459212589
511,5242,"Agent 1",4,1,1,49152,9121,"fused_moe_kernel",256,0,0,80,0,48,"FETCH_SIZE",49195.000000,7888467685621,7888467703462
511,5244,"Agent 1",4,1,1,65536,9122,"fused_moe_kernel",256,0,0,80,0,48,"FETCH_SIZE",24707.000000,7888469375944,7888469385687
511,5259,"Agent 1",4,1,1,49152,9121,"fused_moe_kernel",256,0,0,80,0,48,"FETCH_SIZE",49194.000000,7888477903654,7888477921896
511,5261,"Agent 1",4,1,1,65536,9122,"fused_moe_kernel",256,0,0,80,0,48,"FETCH_SIZE",24707.000000,7888479649824,7888479659446
511,5276,"Agent 1",4,1,1,49152,9121,"fused_moe_kernel",256,0,0,80,0,48,"FETCH_SIZE",49194.250000,7888482347398,7888482365359
511,5278,"Agent 1",4,1,1,65536,9122,"fused_moe_kernel",256,0,0,80,0,48,"FETCH_SIZE",24707.000000,7888482491686,7888482501709
511,5293,"Agent 1",4,1,1,49152,9121,"fused_moe_kernel",256,0,0,80,0,48,"WRITE_SIZE",24.000000,7888483012230,7888483030150
511,5295,"Agent 1",4,1,1,65536,9122,"fused_moe_kernel",256,0,0,80,0,48,"WRITE_SIZE",32.000000,7888483114262,7888483124124
511,5310,"Agent 1",4,1,1,49152,9121,"fused_moe_kernel",256,0,0,80,0,48,"WRITE_SIZE",24.000000,7888483514291,7888483532653
511,5312,"Agent 1",4,1,1,65536,9122,"fused_moe_kernel",256,0,0,80,0,48,"WRITE_SIZE",32.000000,7888483620934,7888483631638
511,5327,"Agent 1",4,1,1,49152,9121,"fused_moe_kernel",256,0,0,80,0,48,"WRITE_SIZE",24.000000,7888484042332,7888484060012
511,5329,"Agent 1",4,1,1,65536,9122,"fused_moe_kernel",256,0,0,80,0,48,"WRITE_SIZE",32.000000,7888484147210,7888484156872
511,5344,"Agent 1",4,1,1,49152,9121,"fused_moe_kernel",256,0,0,80,0,48,"WRITE_SIZE",24.000000,7888484553053,7888484570332
511,5346,"Agent 1",4,1,1,65536,9122,"fused_moe_kernel",256,0,0,80,0,48,"WRITE_SIZE",32.000000,7888484656248,7888484666150
511,5361,"Agent 1",4,1,1,49152,9121,"fused_moe_kernel",256,0,0,80,0,48,"SQ_INSTS_VALU_MFMA_MOPS_BF16",1572864.000000,7888485069467,7888485087428
511,5363,"Agent 1",4,1,1,65536,9122,"fused_moe_kernel",256,0,0,80,0,48,"SQ_INSTS_VALU_MFMA_MOPS_BF16",786432.000000,7888485150692,7888485160554
511,5378,"Agent 1",4,1,1,49152,9121,"fused_moe_kernel",256,0,0,80,0,48,"SQ_INSTS_VALU_MFMA_MOPS_BF16",1572864.000000,7888485539536,7888485557497
511,5380,"Agent 1",4,1,1,65536,9122,"fused_moe_kernel",256,0,0,80,0,48,"SQ_INSTS_VALU_MFMA_MOPS_BF16",786432.000000,7888485621402,7888485631064
511,5395,"Agent 1",4,1,1,49152,9121,"fused_moe_kernel",256,0,0,80,0,48,"SQ_INSTS_VALU_MFMA_MOPS_BF16",1572864.000000,7888486003471,7888486021311
511,5397,"Agent 1",4,1,1,65536,9122,"fused_moe_kernel",256,0,0,80,0,48,"SQ_INSTS_VALU_MFMA_MOPS_BF16",786432.000000,7888486081208,7888486091070
512,5412,"Agent 1",4,1,1,49152,9121,"fused_moe_kernel",256,0,0,80,0,48,"SQ_INSTS_VALU_MFMA_MOPS_BF16",1572864.000000,7888486459347,7888486477188
512,5414,"Agent 1",4,1,1,65536,9122,"fused_moe_kernel",256,0,0,80,0,48,"SQ_INSTS_VALU_MFMA_MOPS_BF16",786432.000000,7888486545543,7888486555727
512,5429,"Agent 1",4,1,1,49152,9121,"fused_moe_kernel",256,0,0,80,0,48,"FETCH_SIZE",49196.750000,7888486947858,7888486966220
512,5431,"Agent 1",4,1,1,65536,9122,"fused_moe_kernel",256,0,0,80,0,48,"FETCH_SIZE",24707.000000,7888487066408,7888487076150
512,5446,"Agent 1",4,1,1,49152,9121,"fused_moe_kernel",256,0,0,80,0,48,"FETCH_SIZE",49194.000000,7888487476340,7888487494341
512,5448,"Agent 1",4,1,1,65536,9122,"fused_moe_kernel",256,0,0,80,0,48,"FETCH_SIZE",24707.500000,7888487589357,7888487599219
512,5463,"Agent 1",4,1,1,49152,9121,"fused_moe_kernel",256,0,0,80,0,48,"FETCH_SIZE",49196.000000,7888488020457,7888488037776
512,5465,"Agent 1",4,1,1,65536,9122,"fused_moe_kernel",256,0,0,80,0,48,"FETCH_SIZE",24707.000000,7888488135919,7888488145702
512,5480,"Agent 1",4,1,1,49152,9121,"fused_moe_kernel",256,0,0,80,0,48,"FETCH_SIZE",49197.500000,7888488565657,7888488583096
512,5482,"Agent 1",4,1,1,65536,9122,"fused_moe_kernel",256,0,0,80,0,48,"FETCH_SIZE",24707.000000,7888488678232,7888488688817
512,5497,"Agent 1",4,1,1,49152,9121,"fused_moe_kernel",256,0,0,80,0,48,"WRITE_SIZE",24.000000,7888489115868,7888489133548
512,5499,"Agent 1",4,1,1,65536,9122,"fused_moe_kernel",256,0,0,80,0,48,"WRITE_SIZE",32.000000,7888489220425,7888489230408
512,5514,"Agent 1",4,1,1,49152,9121,"fused_moe_kernel",256,0,0,80,0,48,"WRITE_SIZE",24.000000,7888489644790,7888489662591
512,5516,"Agent 1",4,1,1,65536,9122,"fused_moe_kernel",256,0,0,80,0,48,"WRITE_SIZE",32.000000,7888489746782,7888489756244
512,5531,"Agent 1",4,1,1,49152,9121,"fused_moe_kernel",256,0,0,80,0,48,"WRITE_SIZE",24.000000,7888490171428,7888490189870
512,5533,"Agent 1",4,1,1,65536,9122,"fused_moe_kernel",256,0,0,80,0,48,"WRITE_SIZE",32.000000,7888490273259,7888490283402
512,5548,"Agent 1",4,1,1,49152,9121,"fused_moe_kernel",256,0,0,80,0,48,"WRITE_SIZE",24.000000,7888490671004,7888490688644
512,5550,"Agent 1",4,1,1,65536,9122,"fused_moe_kernel",256,0,0,80,0,48,"WRITE_SIZE",32.000000,7888490771712,7888490782136
512,5565,"Agent 1",4,1,1,49152,9121,"fused_moe_kernel",256,0,0,80,0,48,"SQ_INSTS_VALU_MFMA_MOPS_BF16",1572864.000000,7888491189743,7888491207303
512,5567,"Agent 1",4,1,1,65536,9122,"fused_moe_kernel",256,0,0,80,0,48,"SQ_INSTS_VALU_MFMA_MOPS_BF16",786432.000000,7888491272130,7888491281632
512,5582,"Agent 1",4,1,1,49152,9121,"fused_moe_kernel",256,0,0,80,0,48,"SQ_INSTS_VALU_MFMA_MOPS_BF16",1572864.000000,7888491650350,7888491668071
512,5584,"Agent 1",4,1,1,65536,9122,"fused_moe_kernel",256,0,0,80,0,48,"SQ_INSTS_VALU_MFMA_MOPS_BF16",786432.000000,7888491732016,7888491741999
512,5599,"Agent 1",4,1,1,49152,9121,"fused_moe_kernel",256,0,0,80,0,48,"SQ_INSTS_VALU_MFMA_MOPS_BF16",1572864.000000,7888492117011,7888492134571
512,5601,"Agent 1",4,1,1,65536,9122,"fused_moe_kernel",256,0,0,80,0,48,"SQ_INSTS_VALU_MFMA_MOPS_BF16",786432.000000,7888492198436,7888492208499
512,5616,"Agent 1",4,1,1,49152,9121,"fused_moe_kernel",256,0,0,80,0,48,"SQ_INSTS_VALU_MFMA_MOPS_BF16",1572864.000000,7888492571445,7888492589165
512,5618,"Agent 1",4,1,1,65536,9122,"fused_moe_kernel",256,0,0,80,0,48,"SQ_INSTS_VALU_MFMA_MOPS_BF16",786432.000000,7888492659164,7888492668946
512,5633,"Agent 1",4,1,1,49152,9121,"fused_moe_kernel",256,0,0,80,0,48,"FETCH_SIZE",49193.250000,7888493029286,7888493047046
512,5635,"Agent 1",4,1,1,65536,9122,"fused_moe_kernel",256,0,0,80,0,48,"FETCH_SIZE",24707.000000,7888493140699,7888493150682
512,5650,"Agent 1",4,1,1,49152,9121,"fused_moe_kernel",256,0,0,80,0,48,"FETCH_SIZE",49196.750000,7888493548145,7888493566307
512,5652,"Agent 1",4,1,1,65536,9122,"fused_moe_kernel",256,0,0,80,0,48,"FETCH_SIZE",24707.000000,7888493663888,7888493673911
513,5667,"Agent 1",4,1,1,49152,9121,"fused_moe_kernel",256,0,0,80,0,48,"FETCH_SIZE",49197.750000,7888494070333,7888494088253
513,5669,"Agent 1",4,1,1,65536,9122,"fused_moe_kernel",256,0,0,80,0,48,"FETCH_SIZE",24707.000000,7888494185795,7888494195337
513,5684,"Agent 1",4,1,1,49152,9121,"fused_moe_kernel",256,0,0,80,0,48,"FETCH_SIZE",49197.250000,7888494602142,7888494619662
513,5686,"Agent 1",4,1,1,65536,9122,"fused_moe_kernel",256,0,0,80,0,48,"FETCH_SIZE",24707.000000,7888494714918,7888494724821
513,5701,"Agent 1",4,1,1,49152,9121,"fused_moe_kernel",256,0,0,80,0,48,"WRITE_SIZE",24.000000,7888495138040,7888495156482
513,5703,"Agent 1",4,1,1,65536,9122,"fused_moe_kernel",256,0,0,80,0,48,"WRITE_SIZE",32.000000,7888495242919,7888495252701
513,5718,"Agent 1",4,1,1,49152,9121,"fused_moe_kernel",256,0,0,80,0,48,"WRITE_SIZE",24.000000,7888495643109,7888495661110
513,5720,"Agent 1",4,1,1,65536,9122,"fused_moe_kernel",256,0,0,80,0,48,"WRITE_SIZE",32.000000,7888495750914,7888495760295
513,5735,"Agent 1",4,1,1,49152,9121,"fused_moe_kernel",256,0,0,80,0,48,"WRITE_SIZE",24.000000,7888496158440,7888496176321
513,5737,"Agent 1",4,1,1,65536,9122,"fused_moe_kernel",256,0,0,80,0,48,"WRITE_SIZE",32.000000,7888496258708,7888496268090
513,5752,"Agent 1",4,1,1,49152,9121,"fused_moe_kernel",256,0,0,80,0,48,"WRITE_SIZE",24.000000,7888496646550,7888496664351
513,5754,"Agent 1",4,1,1,65536,9122,"fused_moe_kernel",256,0,0,80,0,48,"WRITE_SIZE",32.000000,7888496749665,7888496759968
513,5769,"Agent 1",4,1,1,49152,9121,"fused_moe_kernel",256,0,0,80,0,48,"SQ_INSTS_VALU_MFMA_MOPS_BF16",1572864.000000,7888497157672,7888497175513
513,5771,"Agent 1",4,1,1,65536,9122,"fused_moe_kernel",256,0,0,80,0,48,"SQ_INSTS_VALU_MFMA_MOPS_BF16",786432.000000,7888497250123,7888497259664
513,5786,"Agent 1",4,1,1,49152,9121,"fused_moe_kernel",256,0,0,80,0,48,"SQ_INSTS_VALU_MFMA_MOPS_BF16",1572864.000000,7888497635519,7888497653480
513,5788,"Agent 1",4,1,1,65536,9122,"fused_moe_kernel",256,0,0,80,0,48,"SQ_INSTS_VALU_MFMA_MOPS_BF16",786432.000000,7888497716062,7888497726245
513,5803,"Agent 1",4,1,1,49152,9121,"fused_moe_kernel",256,0,0,80,0,48,"SQ_INSTS_VALU_MFMA_MOPS_BF16",1572864.000000,7888498097369,7888498115129
513,5805,"Agent 1",4,1,1,65536,9122,"fused_moe_kernel",256,0,0,80,0,48,"SQ_INSTS_VALU_MFMA_MOPS_BF16",786432.000000,7888498182322,7888498193267
513,5820,"Agent 1",4,1,1,49152,9121,"fused_moe_kernel",256,0,0,80,0,48,"SQ_INSTS_VALU_MFMA_MOPS_BF16",1572864.000000,7888498564672,7888498583915
513,5822,"Agent 1",4,1,1,65536,9122,"fused_moe_kernel",256,0,0,80,0,48,"SQ_INSTS_VALU_MFMA_MOPS_BF16",786432.000000,7888498653193,7888498662654
513,5837,"Agent 1",4,1,1,49152,9121,"fused_moe_kernel",256,0,0,80,0,48,"FETCH_SIZE",49194.000000,7888499041596,7888499059196
513,5839,"Agent 1",4,1,1,65536,9122,"fused_moe_kernel",256,0,0,80,0,48,"FETCH_SIZE",24707.000000,7888499161188,7888499170689
513,5854,"Agent 1",4,1,1,49152,9121,"fused_moe_kernel",256,0,0,80,0,48,"FETCH_SIZE",49193.500000,7888499576652,7888499595135
513,5856,"Agent 1",4,1,1,65536,9122,"fused_moe_kernel",256,0,0,80,0,48,"FETCH_SIZE",24707.000000,7888499689589,7888499700133
513,5871,"Agent 1",4,1,1,49152,9121,"fused_moe_kernel",256,0,0,80,0,48,"FETCH_SIZE",49194.250000,7888500094590,7888500112591
513,5873,"Agent 1",4,1,1,65536,9122,"fused_moe_kernel",256,0,0,80,0,48,"FETCH_SIZE",24707.000000,7888500203718,7888500213581
513,5888,"Agent 1",4,1,1,49152,9121,"fused_moe_kernel",256,0,0,80,0,48,"FETCH_SIZE",49195.500000,7888500611125,7888500629406
513,5890,"Agent 1",4,1,1,65536,9122,"fused_moe_kernel",256,0,0,80,0,48,"FETCH_SIZE",24707.000000,7888500719571,7888500729033
513,5905,"Agent 1",4,1,1,49152,9121,"fused_moe_kernel",256,0,0,80,0,48,"WRITE_SIZE",24.000000,7888501129904,7888501148025
513,5907,"Agent 1",4,1,1,65536,9122,"fused_moe_kernel",256,0,0,80,0,48,"WRITE_SIZE",32.000000,7888501233179,7888501243282
514,5922,"Agent 1",4,1,1,49152,9121,"fused_moe_kernel",256,0,0,80,0,48,"WRITE_SIZE",24.000000,7888501623466,7888501641147
514,5924,"Agent 1",4,1,1,65536,9122,"fused_moe_kernel",256,0,0,80,0,48,"WRITE_SIZE",32.000000,7888501726340,7888501735922
514,5939,"Agent 1",4,1,1,49152,9121,"fused_moe_kernel",256,0,0,80,0,48,"WRITE_SIZE",24.000000,7888502132784,7888502150505
514,5941,"Agent 1",4,1,1,65536,9122,"fused_moe_kernel",256,0,0,80,0,48,"WRITE_SIZE",32.000000,7888502234135,7888502243797
514,5956,"Agent 1",4,1,1,49152,9121,"fused_moe_kernel",256,0,0,80,0,48,"WRITE_SIZE",24.000000,7888502621015,7888502638815
514,5958,"Agent 1",4,1,1,65536,9122,"fused_moe_kernel",256,0,0,80,0,48,"WRITE_SIZE",32.000000,7888502720801,7888502730784
545,6003,"Agent 1",4,1,1,49152,9121,"fused_moe_kernel",256,0,0,80,0,48,"SQ_INSTS_VALU_MFMA_MOPS_BF16",1572864.000000,7888504079050,7888504097331
545,6005,"Agent 1",4,1,1,65536,9122,"fused_moe_kernel",256,0,0,80,0,48,"SQ_INSTS_VALU_MFMA_MOPS_BF16",786432.000000,7888504195996,7888504205537
545,6020,"Agent 1",4,1,1,49152,9121,"fused_moe_kernel",256,0,0,80,0,48,"SQ_INSTS_VALU_MFMA_MOPS_BF16",1572864.000000,7888504803096,7888504821899
545,6022,"Agent 1",4,1,1,65536,9122,"fused_moe_kernel",256,0,0,80,0,48,"SQ_INSTS_VALU_MFMA_MOPS_BF16",786432.000000,7888504888731,7888504898312
545,6037,"Agent 1",4,1,1,49152,9121,"fused_moe_kernel",256,0,0,80,0,48,"SQ_INSTS_VALU_MFMA_MOPS_BF16",1572864.000000,7888505938397,7888505956198
545,6039,"Agent 1",4,1,1,65536,9122,"fused_moe_kernel",256,0,0,80,0,48,"SQ_INSTS_VALU_MFMA_MOPS_BF16",786432.000000,7888509043137,7888509052839
545,6054,"Agent 1",4,1,1,49152,9121,"fused_moe_kernel",256,0,0,80,0,48,"SQ_INSTS_VALU_MFMA_MOPS_BF16",1572864.000000,7888517903723,7888517921724
545,6056,"Agent 1",4,1,1,65536,9122,"fused_moe_kernel",256,0,0,80,0,48,"SQ_INSTS_VALU_MFMA_MOPS_BF16",786432.000000,7888518019466,7888518029369
545,6071,"Agent 1",4,1,1,49152,9121,"fused_moe_kernel",256,0,0,80,0,48,"FETCH_SIZE",49195.875000,7888527732050,7888527750211
545,6073,"Agent 1",4,1,1,65536,9122,"fused_moe_kernel",256,0,0,80,0,48,"FETCH_SIZE",24707.000000,7888529362758,7888529372620
545,6088,"Agent 1",4,1,1,49152,9121,"fused_moe_kernel",256,0,0,80,0,48,"FETCH_SIZE",49194.000000,7888542758456,7888542776296
545,6090,"Agent 1",4,1,1,65536,9122,"fused_moe_kernel",256,0,0,80,0,48,"FETCH_SIZE",24707.000000,7888544156755,7888544166337
545,6105,"Agent 1",4,1,1,49152,9121,"fused_moe_kernel",256,0,0,80,0,48,"FETCH_SIZE",49197.750000,7888552870448,7888552888368
545,6107,"Agent 1",4,1,1,65536,9122,"fused_moe_kernel",256,0,0,80,0,48,"FETCH_SIZE",24707.000000,7888552999862,7888553009404
545,6122,"Agent 1",4,1,1,49152,9121,"fused_moe_kernel",256,0,0,80,0,48,"FETCH_SIZE",49193.500000,7888553629454,7888553647174
545,6124,"Agent 1",4,1,1,65536,9122,"fused_moe_kernel",256,0,0,80,0,48,"FETCH_SIZE",24707.000000,7888553748163,7888553758266
545,6139,"Agent 1",4,1,1,49152,9121,"fused_moe_kernel",256,0,0,80,0,48,"WRITE_SIZE",24.000000,7888554160701,7888554178462
545,6141,"Agent 1",4,1,1,65536,9122,"fused_moe_kernel",256,0,0,80,0,48,"WRITE_SIZE",32.000000,7888554263816,7888554274159
545,6156,"Agent 1",4,1,1,49152,9121,"fused_moe_kernel",256,0,0,80,0,48,"WRITE_SIZE",24.000000,7888554680163,7888554698725
545,6158,"Agent 1",4,1,1,65536,9122,"fused_moe_kernel",256,0,0,80,0,48,"WRITE_SIZE",32.000000,7888554780992,7888554791095
545,6173,"Agent 1",4,1,1,49152,9121,"fused_moe_kernel",256,0,0,80,0,48,"WRITE_SIZE",24.000000,7888555175008,7888555193410
545,6175,"Agent 1",4,1,1,65536,9122,"fused_moe_kernel",256,0,0,80,0,48,"WRITE_SIZE",32.000000,7888555277481,7888555287143
545,6190,"Agent 1",4,1,1,49152,9121,"fused_moe_kernel",256,0,0,80,0,48,"WRITE_SIZE",24.000000,7888555688976,7888555706697
545,6192,"Agent 1",4,1,1,65536,9122,"fused_moe_kernel",256,0,0,80,0,48,"WRITE_SIZE",32.000000,7888555793855,7888555803757
545,6207,"Agent 1",4,1,1,49152,9121,"fused_moe_kernel",256,0,0,80,0,48,"SQ_INSTS_VALU_MFMA_MOPS_BF16",1572864.000000,7888556200539,7888556218460
545,6209,"Agent 1",4,1,1,65536,9122,"fused_moe_kernel",256,0,0,80,0,48,"SQ_INSTS_VALU_MFMA_MOPS_BF16",786432.000000,7888556290344,7888556300807
545,6224,"Agent 1",4,1,1,49152,9121,"fused_moe_kernel",256,0,0,80,0,48,"SQ_INSTS_VALU_MFMA_MOPS_BF16",1572864.000000,7888556686484,7888556703964
545,6226,"Agent 1",4,1,1,65536,9122,"fused_moe_kernel",256,0,0,80,0,48,"SQ_INSTS_VALU_MFMA_MOPS_BF16",786432.000000,7888556769754,7888556780097
545,6241,"Agent 1",4,1,1,49152,9121,"fused_moe_kernel",256,0,0,80,0,48,"SQ_INSTS_VALU_MFMA_MOPS_BF16",1572864.000000,7888557165012,7888557183053
545,6243,"Agent 1",4,1,1,65536,9122,"fused_moe_kernel",256,0,0,80,0,48,"SQ_INSTS_VALU_MFMA_MOPS_BF16",786432.000000,7888557246798,7888557256621
546,6258,"Agent 1",4,1,1,49152,9121,"fused_moe_kernel",256,0,0,80,0,48,"SQ_INSTS_VALU_MFMA_MOPS_BF16",1572864.000000,7888557622853,7888557641376
546,6260,"Agent 1",4,1,1,65536,9122,"fused_moe_kernel",256,0,0,80,0,48,"SQ_INSTS_VALU_MFMA_MOPS_BF16",786432.000000,7888557705120,7888557715023
546,6275,"Agent 1",4,1,1,49152,9121,"fused_moe_kernel",256,0,0,80,0,48,"FETCH_SIZE",49194.750000,7888558112006,7888558129646
546,6277,"Agent 1",4,1,1,65536,9122,"fused_moe_kernel",256,0,0,80,0,48,"FETCH_SIZE",24707.000000,7888558219129,7888558229713
546,6292,"Agent 1",4,1,1,49152,9121,"fused_moe_kernel",256,0,0,80,0,48,"FETCH_SIZE",49195.500000,7888558625012,7888558643414
546,6294,"Agent 1",4,1,1,65536,9122,"fused_moe_kernel",256,0,0,80,0,48,"FETCH_SIZE",24707.000000,7888558742439,7888558752181
546,6309,"Agent 1",4,1,1,49152,9121,"fused_moe_kernel",256,0,0,80,0,48,"FETCH_SIZE",49196.500000,7888559178390,7888559196552
546,6311,"Agent 1",4,1,1,65536,9122,"fused_moe_kernel",256,0,0,80,0,48,"FETCH_SIZE",24707.000000,7888559296379,7888559306201
546,6326,"Agent 1",4,1,1,49152,9121,"fused_moe_kernel",256,0,0,80,0,48,"FETCH_SIZE",49193.500000,7888559714890,7888559732931
546,6328,"Agent 1",4,1,1,65536,9122,"fused_moe_kernel",256,0,0,80,0,48,"FETCH_SIZE",24707.000000,7888559829791,7888559839894
546,6343,"Agent 1",4,1,1,49152,9121,"fused_moe_kernel",256,0,0,80,0,48,"WRITE_SIZE",24.000000,7888560261854,7888560280055
546,6345,"Agent 1",4,1,1,65536,9122,"fused_moe_kernel",256,0,0,80,0,48,"WRITE_SIZE",32.000000,7888560362202,7888560372104
546,6360,"Agent 1",4,1,1,49152,9121,"fused_moe_kernel",256,0,0,80,0,48,"WRITE_SIZE",24.000000,7888560776865,7888560794826
546,6362,"Agent 1",4,1,1,65536,9122,"fused_moe_kernel",256,0,0,80,0,48,"WRITE_SIZE",32.000000,7888560874727,7888560884870
546,6377,"Agent 1",4,1,1,49152,9121,"fused_moe_kernel",256,0,0,80,0,48,"WRITE_SIZE",24.000000,7888561275318,7888561293920
546,6379,"Agent 1",4,1,1,65536,9122,"fused_moe_kernel",256,0,0,80,0,48,"WRITE_SIZE",32.000000,7888561380998,7888561391342
546,6394,"Agent 1",4,1,1,49152,9121,"fused_moe_kernel",256,0,0,80,0,48,"WRITE_SIZE",24.000000,7888561791612,7888561809573
546,6396,"Agent 1",4,1,1,65536,9122,"fused_moe_kernel",256,0,0,80,0,48,"WRITE_SIZE",32.000000,7888561893163,7888561902945
546,6411,"Agent 1",4,1,1,49152,9121,"fused_moe_kernel",256,0,0,80,0,48,"SQ_INSTS_VALU_MFMA_MOPS_BF16",1572864.000000,7888562327510,7888562345511
546,6413,"Agent 1",4,1,1,65536,9122,"fused_moe_kernel",256,0,0,80,0,48,"SQ_INSTS_VALU_MFMA_MOPS_BF16",786432.000000,7888562413546,7888562422887
546,6428,"Agent 1",4,1,1,49152,9121,"fused_moe_kernel",256,0,0,80,0,48,"SQ_INSTS_VALU_MFMA_MOPS_BF16",1572864.000000,7888562803793,7888562821794
546,6430,"Agent 1",4,1,1,65536,9122,"fused_moe_kernel",256,0,0,80,0,48,"SQ_INSTS_VALU_MFMA_MOPS_BF16",786432.000000,7888562886060,7888562896204
546,6445,"Agent 1",4,1,1,49152,9121,"fused_moe_kernel",256,0,0,80,0,48,"SQ_INSTS_VALU_MFMA_MOPS_BF16",1572864.000000,7888563282522,7888563300523
546,6447,"Agent 1",4,1,1,65536,9122,"fused_moe_kernel",256,0,0,80,0,48,"SQ_INSTS_VALU_MFMA_MOPS_BF16",786432.000000,7888563369480,7888563379502
546,6462,"Agent 1",4,1,1,49152,9121,"fused_moe_kernel",256,0,0,80,0,48,"SQ_INSTS_VALU_MFMA_MOPS_BF16",1572864.000000,7888563749183,7888563767104
546,6464,"Agent 1",4,1,1,65536,9122,"fused_moe_kernel",256,0,0,80,0,48,"SQ_INSTS_VALU_MFMA_MOPS_BF16",786432.000000,7888563833014,7888563842996
546,6479,"Agent 1",4,1,1,49152,9121,"fused_moe_kernel",256,0,0,80,0,48,"FETCH_SIZE",49194.750000,7888564206423,7888564224624
546,6481,"Agent 1",4,1,1,65536,9122,"fused_moe_kernel",256,0,0,80,0,48,"FETCH_SIZE",24707.000000,7888564321444,7888564331307
546,6496,"Agent 1",4,1,1,49152,9121,"fused_moe_kernel",256,0,0,80,0,48,"FETCH_SIZE",49195.250000,7888564724881,7888564742441
546,6498,"Agent 1",4,1,1,65536,9122,"fused_moe_kernel",256,0,0,80,0,48,"FETCH_SIZE",24707.000000,7888564842068,7888564851770
547,6513,"Agent 1",4,1,1,49152,9121,"fused_moe_kernel",256,0,0,80,0,48,"FETCH_SIZE",49194.500000,7888565262303,7888565280665
547,6515,"Agent 1",4,1,1,65536,9122,"fused_moe_kernel",256,0,0,80,0,48,"FETCH_SIZE",24707.000000,7888565376202,7888565385904
547,6530,"Agent 1",4,1,1,49152,9121,"fused_moe_kernel",256,0,0,80,0,48,"FETCH_SIZE",49196.500000,7888565782486,7888565800968
547,6532,"Agent 1",4,1,1,65536,9122,"fused_moe_kernel",256,0,0,80,0,48,"FETCH_SIZE",24707.000000,7888565898831,7888565908292
547,6547,"Agent 1",4,1,1,49152,9121,"fused_moe_kernel",256,0,0,80,0,48,"WRITE_SIZE",24.000000,7888566299301,7888566317663
547,6549,"Agent 1",4,1,1,65536,9122,"fused_moe_kernel",256,0,0,80,0,48,"WRITE_SIZE",32.000000,7888566402777,7888566413080
547,6564,"Agent 1",4,1,1,49152,9121,"fused_moe_kernel",256,0,0,80,0,48,"WRITE_SIZE",24.000000,7888566794668,7888566813069
547,6566,"Agent 1",4,1,1,65536,9122,"fused_moe_kernel",256,0,0,80,0,48,"WRITE_SIZE",32.000000,7888566896940,7888566907203
547,6581,"Agent 1",4,1,1,49152,9121,"fused_moe_kernel",256,0,0,80,0,48,"WRITE_SIZE",24.000000,7888567317737,7888567335938
547,6583,"Agent 1",4,1,1,65536,9122,"fused_moe_kernel",256,0,0,80,0,48,"WRITE_SIZE",32.000000,7888567422455,7888567431997
547,6598,"Agent 1",4,1,1,49152,9121,"fused_moe_kernel",256,0,0,80,0,48,"WRITE_SIZE",24.000000,7888567817032,7888567834913
547,6600,"Agent 1",4,1,1,65536,9122,"fused_moe_kernel",256,0,0,80,0,48,"WRITE_SIZE",32.000000,7888567920106,7888567930089
547,6615,"Agent 1",4,1,1,49152,9121,"fused_moe_kernel",256,0,0,80,0,48,"SQ_INSTS_VALU_MFMA_MOPS_BF16",1572864.000000,7888568313922,7888568332364
547,6617,"Agent 1",4,1,1,65536,9122,"fused_moe_kernel",256,0,0,80,0,48,"SQ_INSTS_VALU_MFMA_MOPS_BF16",786432.000000,7888568403726,7888568413589
547,6632,"Agent 1",4,1,1,49152,9121,"fused_moe_kernel",256,0,0,80,0,48,"SQ_INSTS_VALU_MFMA_MOPS_BF16",1572864.000000,7888568771202,7888568789684
547,6634,"Agent 1",4,1,1,65536,9122,"fused_moe_kernel",256,0,0,80,0,48,"SQ_INSTS_VALU_MFMA_MOPS_BF16",786432.000000,7888568853108,7888568863411
547,6649,"Agent 1",4,1,1,49152,9121,"fused_moe_kernel",256,0,0,80,0,48,"SQ_INSTS_VALU_MFMA_MOPS_BF16",1572864.000000,7888569237101,7888569255743
547,6651,"Agent 1",4,1,1,65536,9122,"fused_moe_kernel",256,0,0,80,0,48,"SQ_INSTS_VALU_MFMA_MOPS_BF16",786432.000000,7888569321974,7888569331676
547,6666,"Agent 1",4,1,1,49152,9121,"fused_moe_kernel",256,0,0,80,0,48,"SQ_INSTS_VALU_MFMA_MOPS_BF16",1572864.000000,7888569675377,7888569693739
547,6668,"Agent 1",4,1,1,65536,9122,"fused_moe_kernel",256,0,0,80,0,48,"SQ_INSTS_VALU_MFMA_MOPS_BF16",786432.000000,7888569761132,7888569771155
547,6683,"Agent 1",4,1,1,49152,9121,"fused_moe_kernel",256,0,0,80,0,48,"FETCH_SIZE",49195.000000,7888570135303,7888570153545
547,6685,"Agent 1",4,1,1,65536,9122,"fused_moe_kernel",256,0,0,80,0,48,"FETCH_SIZE",24707.000000,7888570242587,7888570252690
547,6700,"Agent 1",4,1,1,49152,9121,"fused_moe_kernel",256,0,0,80,0,48,"FETCH_SIZE",49195.500000,7888570637124,7888570655566
547,6702,"Agent 1",4,1,1,65536,9122,"fused_moe_kernel",256,0,0,80,0,48,"FETCH_SIZE",24707.000000,7888570747615,7888570757919
547,6717,"Agent 1",4,1,1,49152,9121,"fused_moe_kernel",256,0,0,80,0,48,"FETCH_SIZE",49195.000000,7888571135938,7888571154501
547,6719,"Agent 1",4,1,1,65536,9122,"fused_moe_kernel",256,0,0,80,0,48,"FETCH_SIZE",24707.000000,7888571249116,7888571259940
547,6734,"Agent 1",4,1,1,49152,9121,"fused_moe_kernel",256,0,0,80,0,48,"FETCH_SIZE",49194.000000,7888571655480,7888571673400
547,6736,"Agent 1",4,1,1,65536,9122,"fused_moe_kernel",256,0,0,80,0,48,"FETCH_SIZE",24707.000000,7888571766372,7888571776555
547,6751,"Agent 1",4,1,1,49152,9121,"fused_moe_kernel",256,0,0,80,0,48,"WRITE_SIZE",24.000000,7888572166482,7888572184041
547,6753,"Agent 1",4,1,1,65536,9122,"fused_moe_kernel",256,0,0,80,0,48,"WRITE_SIZE",32.000000,7888572265667,7888572275570
548,6768,"Agent 1",4,1,1,49152,9121,"fused_moe_kernel",256,0,0,80,0,48,"WRITE_SIZE",24.000000,7888572651585,7888572670026
548,6770,"Agent 1",4,1,1,65536,9122,"fused_moe_kernel",256,0,0,80,0,48,"WRITE_SIZE",32.000000,7888572751572,7888572761354
548,6785,"Agent 1",4,1,1,49152,9121,"fused_moe_kernel",256,0,0,80,0,48,"WRITE_SIZE",24.000000,7888573142140,7888573160221
548,6787,"Agent 1",4,1,1,65536,9122,"fused_moe_kernel",256,0,0,80,0,48,"WRITE_SIZE",32.000000,7888573244613,7888573254836
548,6802,"Agent 1",4,1,1,49152,9121,"fused_moe_kernel",256,0,0,80,0,48,"WRITE_SIZE",24.000000,7888573621590,7888573640032
548,6804,"Agent 1",4,1,1,65536,9122,"fused_moe_kernel",256,0,0,80,0,48,"WRITE_SIZE",32.000000,7888573725065,7888573735529
579,6849,"Agent 1",4,1,1,49152,9121,"fused_moe_kernel",256,0,0,80,0,48,"SQ_INSTS_VALU_MFMA_MOPS_BF16",1572864.000000,7888575093657,7888575111337
579,6851,"Agent 1",4,1,1,65536,9122,"fused_moe_kernel",256,0,0,80,0,48,"SQ_INSTS_VALU_MFMA_MOPS_BF16",786432.000000,7888575215695,7888575225357
579,6866,"Agent 1",4,1,1,49152,9121,"fused_moe_kernel",256,0,0,80,0,48,"SQ_INSTS_VALU_MFMA_MOPS_BF16",1572864.000000,7888575837949,7888575856191
579,6868,"Agent 1",4,1,1,65536,9122,"fused_moe_kernel",256,0,0,80,0,48,"SQ_INSTS_VALU_MFMA_MOPS_BF16",786432.000000,7888575921179,7888575931482
579,6883,"Agent 1",4,1,1,49152,9121,"fused_moe_kernel",256,0,0,80,0,48,"SQ_INSTS_VALU_MFMA_MOPS_BF16",1572864.000000,7888576950078,7888576968039
579,6885,"Agent 1",4,1,1,65536,9122,"fused_moe_kernel",256,0,0,80,0,48,"SQ_INSTS_VALU_MFMA_MOPS_BF16",786432.000000,7888580000414,7888580010637
579,6900,"Agent 1",4,1,1,49152,9121,"fused_moe_kernel",256,0,0,80,0,48,"SQ_INSTS_VALU_MFMA_MOPS_BF16",1572864.000000,7888583676933,7888583694573
579,6902,"Agent 1",4,1,1,65536,9122,"fused_moe_kernel",256,0,0,80,0,48,"SQ_INSTS_VALU_MFMA_MOPS_BF16",786432.000000,7888584496396,7888584506259
579,6917,"Agent 1",4,1,1,49152,9121,"fused_moe_kernel",256,0,0,80,0,48,"FETCH_SIZE",49197.875000,7888594615861,7888594633542
579,6919,"Agent 1",4,1,1,65536,9122,"fused_moe_kernel",256,0,0,80,0,48,"FETCH_SIZE",24707.500000,7888596310114,7888596319615
579,6934,"Agent 1",4,1,1,49152,9121,"fused_moe_kernel",256,0,0,80,0,48,"FETCH_SIZE",49197.875000,7888606486492,7888606503851
579,6936,"Agent 1",4,1,1,65536,9122,"fused_moe_kernel",256,0,0,80,0,48,"FETCH_SIZE",24707.500000,7888606657280,7888606667503
579,6951,"Agent 1",4,1,1,49152,9121,"fused_moe_kernel",256,0,0,80,0,48,"FETCH_SIZE",49194.500000,7888618236889,7888618254529
579,6953,"Agent 1",4,1,1,65536,9122,"fused_moe_kernel",256,0,0,80,0,48,"FETCH_SIZE",24707.500000,7888619928656,7888619938879
579,6968,"Agent 1",4,1,1,49152,9121,"fused_moe_kernel",256,0,0,80,0,48,"FETCH_SIZE",49196.750000,7888624213799,7888624231479
579,6970,"Agent 1",4,1,1,65536,9122,"fused_moe_kernel",256,0,0,80,0,48,"FETCH_SIZE",24707.500000,7888624356283,7888624366145
579,6985,"Agent 1",4,1,1,49152,9121,"fused_moe_kernel",256,0,0,80,0,48,"WRITE_SIZE",24.000000,7888624892702,7888624909982
579,6987,"Agent 1",4,1,1,65536,9122,"fused_moe_kernel",256,0,0,80,0,48,"WRITE_SIZE",32.000000,7888625002993,7888625013136
579,7002,"Agent 1",4,1,1,49152,9121,"fused_moe_kernel",256,0,0,80,0,48,"WRITE_SIZE",24.000000,7888625426436,7888625444156
579,7004,"Agent 1",4,1,1,65536,9122,"fused_moe_kernel",256,0,0,80,0,48,"WRITE_SIZE",32.000000,7888625529911,7888625539934
579,7019,"Agent 1",4,1,1,49152,9121,"fused_moe_kernel",256,0,0,80,0,48,"WRITE_SIZE",24.000000,7888625942650,7888625960210
579,7021,"Agent 1",4,1,1,65536,9122,"fused_moe_kernel",256,0,0,80,0,48,"WRITE_SIZE",32.000000,7888626052018,7888626061520
579,7036,"Agent 1",4,1,1,49152,9121,"fused_moe_kernel",256,0,0,80,0,48,"WRITE_SIZE",24.000000,7888626460106,7888626476945
579,7038,"Agent 1",4,1,1,65536,9122,"fused_moe_kernel",256,0,0,80,0,48,"WRITE_SIZE",32.000000,7888626565666,7888626575248
579,7053,"Agent 1",4,1,1,49152,9121,"fused_moe_kernel",256,0,0,80,0,48,"SQ_INSTS_VALU_MFMA_MOPS_BF16",1572864.000000,7888626968422,7888626986623
579,7055,"Agent 1",4,1,1,65536,9122,"fused_moe_kernel",256,0,0,80,0,48,"SQ_INSTS_VALU_MFMA_MOPS_BF16",786432.000000,7888627060111,7888627069452
579,7070,"Agent 1",4,1,1,49152,9121,"fused_moe_kernel",256,0,0,80,0,48,"SQ_INSTS_VALU_MFMA_MOPS_BF16",1572864.000000,7888627449596,7888627467517
579,7072,"Agent 1",4,1,1,65536,9122,"fused_moe_kernel",256,0,0,80,0,48,"SQ_INSTS_VALU_MFMA_MOPS_BF16",786432.000000,7888627534349,7888627543891
579,7087,"Agent 1",4,1,1,49152,9121,"fused_moe_kernel",256,0,0,80,0,48,"SQ_INSTS_VALU_MFMA_MOPS_BF16",1572864.000000,7888627919745,7888627937385
579,7089,"Agent 1",4,1,1,65536,9122,"fused_moe_kernel",256,0,0,80,0,48,"SQ_INSTS_VALU_MFMA_MOPS_BF16",786432.000000,7888628004658,7888628014240
580,7104,"Agent 1",4,1,1,49152,9121,"fused_moe_kernel",256,0,0,80,0,48,"SQ_INSTS_VALU_MFMA_MOPS_BF16",1572864.000000,7888628379951,7888628398554
580,7106,"Agent 1",4,1,1,65536,9122,"fused_moe_kernel",256,0,0,80,0,48,"SQ_INSTS_VALU_MFMA_MOPS_BF16",786432.000000,7888628465306,7888628475489
580,7121,"Agent 1",4,1,1,49152,9121,"fused_moe_kernel",256,0,0,80,0,48,"FETCH_SIZE",49194.000000,7888628869344,7888628886904
580,7123,"Agent 1",4,1,1,65536,9122,"fused_moe_kernel",256,0,0,80,0,48,"FETCH_SIZE",24707.000000,7888628988014,7888628998317
580,7138,"Agent 1",4,1,1,49152,9121,"fused_moe_kernel",256,0,0,80,0,48,"FETCH_SIZE",49196.750000,7888629425128,7888629443169
580,7140,"Agent 1",4,1,1,65536,9122,"fused_moe_kernel",256,0,0,80,0,48,"FETCH_SIZE",24707.500000,7888629543677,7888629553059
580,7155,"Agent 1",4,1,1,49152,9121,"fused_moe_kernel",256,0,0,80,0,48,"FETCH_SIZE",49194.750000,7888629969285,7888629986685
580,7157,"Agent 1",4,1,1,65536,9122,"fused_moe_kernel",256,0,0,80,0,48,"FETCH_SIZE",24707.000000,7888630085950,7888630096535
580,7172,"Agent 1",4,1,1,49152,9121,"fused_moe_kernel",256,0,0,80,0,48,"FETCH_SIZE",49197.687500,7888630513082,7888630530722
580,7174,"Agent 1",4,1,1,65536,9122,"fused_moe_kernel",256,0,0,80,0,48,"FETCH_SIZE",24707.000000,7888630627622,7888630637003
580,7189,"Agent 1",4,1,1,49152,9121,"fused_moe_kernel",256,0,0,80,0,48,"WRITE_SIZE",24.000000,7888631039920,7888631058121
580,7191,"Agent 1",4,1,1,65536,9122,"fused_moe_kernel",256,0,0,80,0,48,"WRITE_SIZE",32.000000,7888631146362,7888631155943
580,7206,"Agent 1",4,1,1,49152,9121,"fused_moe_kernel",256,0,0,80,0,48,"WRITE_SIZE",24.000000,7888631544587,7888631562187
580,7208,"Agent 1",4,1,1,65536,9122,"fused_moe_kernel",256,0,0,80,0,48,"WRITE_SIZE",32.000000,7888631648984,7888631658967
580,7223,"Agent 1",4,1,1,49152,9121,"fused_moe_kernel",256,0,0,80,0,48,"WRITE_SIZE",24.000000,7888632062845,7888632080606
580,7225,"Agent 1",4,1,1,65536,9122,"fused_moe_kernel",256,0,0,80,0,48,"WRITE_SIZE",32.000000,7888632167523,7888632177506
580,7240,"Agent 1",4,1,1,49152,9121,"fused_moe_kernel",256,0,0,80,0,48,"WRITE_SIZE",24.000000,7888632575250,7888632593492
580,7242,"Agent 1",4,1,1,65536,9122,"fused_moe_kernel",256,0,0,80,0,48,"WRITE_SIZE",32.000000,7888632680810,7888632690673
580,7257,"Agent 1",4,1,1,49152,9121,"fused_moe_kernel",256,0,0,80,0,48,"SQ_INSTS_VALU_MFMA_MOPS_BF16",1572864.000000,7888633075949,7888633093789
580,7259,"Agent 1",4,1,1,65536,9122,"fused_moe_kernel",256,0,0,80,0,48,"SQ_INSTS_VALU_MFMA_MOPS_BF16",786432.000000,7888633164430,7888633174373
580,7274,"Agent 1",4,1,1,49152,9121,"fused_moe_kernel",256,0,0,80,0,48,"SQ_INSTS_VALU_MFMA_MOPS_BF16",1572864.000000,7888633552633,7888633570153
580,7276,"Agent 1",4,1,1,65536,9122,"fused_moe_kernel",256,0,0,80,0,48,"SQ_INSTS_VALU_MFMA_MOPS_BF16",786432.000000,7888633634860,7888633644682
580,7291,"Agent 1",4,1,1,49152,9121,"fused_moe_kernel",256,0,0,80,0,48,"SQ_INSTS_VALU_MFMA_MOPS_BF16",1572864.000000,7888634019374,7888634037094
580,7293,"Agent 1",4,1,1,65536,9122,"fused_moe_kernel",256,0,0,80,0,48,"SQ_INSTS_VALU_MFMA_MOPS_BF16",786432.000000,7888634101040,7888634110621
580,7308,"Agent 1",4,1,1,49152,9121,"fused_moe_kernel",256,0,0,80,0,48,"SQ_INSTS_VALU_MFMA_MOPS_BF16",1572864.000000,7888634498784,7888634516584
580,7310,"Agent 1",4,1,1,65536,9122,"fused_moe_kernel",256,0,0,80,0,48,"SQ_INSTS_VALU_MFMA_MOPS_BF16",786432.000000,7888634582855,7888634592918
580,7325,"Agent 1",4,1,1,49152,9121,"fused_moe_kernel",256,0,0,80,0,48,"FETCH_SIZE",49194.500000,7888634964363,7888634982764
580,7327,"Agent 1",4,1,1,65536,9122,"fused_moe_kernel",256,0,0,80,0,48,"FETCH_SIZE",24707.000000,7888635082471,7888635093175
580,7342,"Agent 1",4,1,1,49152,9121,"fused_moe_kernel",256,0,0,80,0,48,"FETCH_SIZE",49197.250000,7888635506956,7888635524075
580,7344,"Agent 1",4,1,1,65536,9122,"fused_moe_kernel",256,0,0,80,0,48,"FETCH_SIZE",24707.500000,7888635622459,7888635632642
581,7359,"Agent 1",4,1,1,49152,9121,"fused_moe_kernel",256,0,0,80,0,48,"FETCH_SIZE",49194.000000,7888636033073,7888636051314
581,7361,"Agent 1",4,1,1,65536,9122,"fused_moe_kernel",256,0,0,80,0,48,"FETCH_SIZE",24707.000000,7888636146611,7888636156794
581,7376,"Agent 1",4,1,1,49152,9121,"fused_moe_kernel",256,0,0,80,0,48,"FETCH_SIZE",49197.500000,7888636563238,7888636580958
581,7378,"Agent 1",4,1,1,65536,9122,"fused_moe_kernel",256,0,0,80,0,48,"FETCH_SIZE",24707.000000,7888636680665,7888636690127
581,7393,"Agent 1",4,1,1,49152,9121,"fused_moe_kernel",256,0,0,80,0,48,"WRITE_SIZE",24.000000,7888637092802,7888637110402
581,7395,"Agent 1",4,1,1,65536,9122,"fused_moe_kernel",256,0,0,80,0,48,"WRITE_SIZE",32.000000,7888637192509,7888637202211
581,7410,"Agent 1",4,1,1,49152,9121,"fused_moe_kernel",256,0,0,80,0,48,"WRITE_SIZE",24.000000,7888637600677,7888637618558
581,7412,"Agent 1",4,1,1,65536,9122,"fused_moe_kernel",256,0,0,80,0,48,"WRITE_SIZE",32.000000,7888637707359,7888637716661
581,7427,"Agent 1",4,1,1,49152,9121,"fused_moe_kernel",256,0,0,80,0,48,"WRITE_SIZE",24.000000,7888638095963,7888638113844
581,7429,"Agent 1",4,1,1,65536,9122,"fused_moe_kernel",256,0,0,80,0,48,"WRITE_SIZE",32.000000,7888638197594,7888638207777
581,7444,"Agent 1",4,1,1,49152,9121,"fused_moe_kernel",256,0,0,80,0,48,"WRITE_SIZE",24.000000,7888638596661,7888638614221
581,7446,"Agent 1",4,1,1,65536,9122,"fused_moe_kernel",256,0,0,80,0,48,"WRITE_SIZE",32.000000,7888638701660,7888638711082
581,7461,"Agent 1",4,1,1,49152,9121,"fused_moe_kernel",256,0,0,80,0,48,"SQ_INSTS_VALU_MFMA_MOPS_BF16",1572864.000000,7888639108345,7888639125865
581,7463,"Agent 1",4,1,1,65536,9122,"fused_moe_kernel",256,0,0,80,0,48,"SQ_INSTS_VALU_MFMA_MOPS_BF16",786432.000000,7888639188768,7888639198670
581,7478,"Agent 1",4,1,1,49152,9121,"fused_moe_kernel",256,0,0,80,0,48,"SQ_INSTS_VALU_MFMA_MOPS_BF16",1572864.000000,7888639575327,7888639593568
581,7480,"Agent 1",4,1,1,65536,9122,"fused_moe_kernel",256,0,0,80,0,48,"SQ_INSTS_VALU_MFMA_MOPS_BF16",786432.000000,7888639659358,7888639668739
581,7495,"Agent 1",4,1,1,49152,9121,"fused_moe_kernel",256,0,0,80,0,48,"SQ_INSTS_VALU_MFMA_MOPS_BF16",1572864.000000,7888640036696,7888640054616
581,7497,"Agent 1",4,1,1,65536,9122,"fused_moe_kernel",256,0,0,80,0,48,"SQ_INSTS_VALU_MFMA_MOPS_BF16",786432.000000,7888640121689,7888640131391
581,7512,"Agent 1",4,1,1,49152,9121,"fused_moe_kernel",256,0,0,80,0,48,"SQ_INSTS_VALU_MFMA_MOPS_BF16",1572864.000000,7888640511455,7888640529015
581,7514,"Agent 1",4,1,1,65536,9122,"fused_moe_kernel",256,0,0,80,0,48,"SQ_INSTS_VALU_MFMA_MOPS_BF16",786432.000000,7888640597370,7888640606712
581,7529,"Agent 1",4,1,1,49152,9121,"fused_moe_kernel",256,0,0,80,0,48,"FETCH_SIZE",49195.750000,7888640975711,7888640993311
581,7531,"Agent 1",4,1,1,65536,9122,"fused_moe_kernel",256,0,0,80,0,48,"FETCH_SIZE",24707.000000,7888641089850,7888641099392
581,7546,"Agent 1",4,1,1,49152,9121,"fused_moe_kernel",256,0,0,80,0,48,"FETCH_SIZE",49196.750000,7888641507480,7888641524879
581,7548,"Agent 1",4,1,1,65536,9122,"fused_moe_kernel",256,0,0,80,0,48,"FETCH_SIZE",24707.000000,7888641620777,7888641630600
581,7563,"Agent 1",4,1,1,49152,9121,"fused_moe_kernel",256,0,0,80,0,48,"FETCH_SIZE",49198.000000,7888642023493,7888642041213
581,7565,"Agent 1",4,1,1,65536,9122,"fused_moe_kernel",256,0,0,80,0,48,"FETCH_SIZE",24707.000000,7888642138956,7888642148858
581,7580,"Agent 1",4,1,1,49152,9121,"fused_moe_kernel",256,0,0,80,0,48,"FETCH_SIZE",49195.312500,7888642541992,7888642560033
581,7582,"Agent 1",4,1,1,65536,9122,"fused_moe_kernel",256,0,0,80,0,48,"FETCH_SIZE",24707.500000,7888642655731,7888642665874
581,7597,"Agent 1",4,1,1,49152,9121,"fused_moe_kernel",256,0,0,80,0,48,"WRITE_SIZE",24.000000,7888643064941,7888643082701
581,7599,"Agent 1",4,1,1,65536,9122,"fused_moe_kernel",256,0,0,80,0,48,"WRITE_SIZE",32.000000,7888643167334,7888643176795
582,7614,"Agent 1",4,1,1,49152,9121,"fused_moe_kernel",256,0,0,80,0,48,"WRITE_SIZE",24.000000,7888643562071,7888643579752
582,7616,"Agent 1",4,1,1,65536,9122,"fused_moe_kernel",256,0,0,80,0,48,"WRITE_SIZE",32.000000,7888643662820,7888643672122
582,7631,"Agent 1",4,1,1,49152,9121,"fused_moe_kernel",256,0,0,80,0,48,"WRITE_SIZE",24.000000,7888644058761,7888644076521
582,7633,"Agent 1",4,1,1,65536,9122,"fused_moe_kernel",256,0,0,80,0,48,"WRITE_SIZE",32.000000,7888644157826,7888644167929
582,7648,"Agent 1",4,1,1,49152,9121,"fused_moe_kernel",256,0,0,80,0,48,"WRITE_SIZE",24.000000,7888644548354,7888644565834
582,7650,"Agent 1",4,1,1,65536,9122,"fused_moe_kernel",256,0,0,80,0,48,"WRITE_SIZE",32.000000,7888644648702,7888644658484
613,7695,"Agent 1",4,1,1,49152,9121,"fused_moe_kernel",256,0,0,80,0,48,"SQ_INSTS_VALU_MFMA_MOPS_BF16",1572864.000000,7888645967821,7888645986143
613,7697,"Agent 1",4,1,1,65536,9122,"fused_moe_kernel",256,0,0,80,0,48,"SQ_INSTS_VALU_MFMA_MOPS_BF16",786432.000000,7888646126582,7888646136485
613,7712,"Agent 1",4,1,1,49152,9121,"fused_moe_kernel",256,0,0,80,0,48,"SQ_INSTS_VALU_MFMA_MOPS_BF16",1572864.000000,7888646742543,7888646759662
613,7714,"Agent 1",4,1,1,65536,9122,"fused_moe_kernel",256,0,0,80,0,48,"SQ_INSTS_VALU_MFMA_MOPS_BF16",786432.000000,7888646854878,7888646865061
613,7729,"Agent 1",4,1,1,49152,9121,"fused_moe_kernel",256,0,0,80,0,48,"SQ_INSTS_VALU_MFMA_MOPS_BF16",1572864.000000,7888647805680,7888647824162
613,7731,"Agent 1",4,1,1,65536,9122,"fused_moe_kernel",256,0,0,80,0,48,"SQ_INSTS_VALU_MFMA_MOPS_BF16",786432.000000,7888647924390,7888647934854
613,7746,"Agent 1",4,1,1,49152,9121,"fused_moe_kernel",256,0,0,80,0,48,"SQ_INSTS_VALU_MFMA_MOPS_BF16",1572864.000000,7888661186031,7888661203591
613,7748,"Agent 1",4,1,1,65536,9122,"fused_moe_kernel",256,0,0,80,0,48,"SQ_INSTS_VALU_MFMA_MOPS_BF16",786432.000000,7888662467063,7888662477206
613,7763,"Agent 1",4,1,1,49152,9121,"fused_moe_kernel",256,0,0,80,0,48,"FETCH_SIZE",49196.687500,7888671394843,7888671412884
613,7765,"Agent 1",4,1,1,65536,9122,"fused_moe_kernel",256,0,0,80,0,48,"FETCH_SIZE",24707.000000,7888673040064,7888673050126
613,7780,"Agent 1",4,1,1,49152,9121,"fused_moe_kernel",256,0,0,80,0,48,"FETCH_SIZE",49195.000000,7888686525847,7888686542885
613,7782,"Agent 1",4,1,1,65536,9122,"fused_moe_kernel",256,0,0,80,0,48,"FETCH_SIZE",24707.500000,7888688218575,7888688228358
613,7797,"Agent 1",4,1,1,49152,9121,"fused_moe_kernel",256,0,0,80,0,48,"FETCH_SIZE",49197.750000,7888694956896,7888694974537
613,7799,"Agent 1",4,1,1,65536,9122,"fused_moe_kernel",256,0,0,80,0,48,"FETCH_SIZE",24707.000000,7888695069192,7888695079215
613,7814,"Agent 1",4,1,1,49152,9121,"fused_moe_kernel",256,0,0,80,0,48,"FETCH_SIZE",49196.000000,7888695650955,7888695668996
613,7816,"Agent 1",4,1,1,65536,9122,"fused_moe_kernel",256,0,0,80,0,48,"FETCH_SIZE",24707.500000,7888695769264,7888695778725
613,7831,"Agent 1",4,1,1,49152,9121,"fused_moe_kernel",256,0,0,80,0,48,"WRITE_SIZE",24.000000,7888696196355,7888696213874
613,7833,"Agent 1",4,1,1,65536,9122,"fused_moe_kernel",256,0,0,80,0,48,"WRITE_SIZE",32.000000,7888696306565,7888696316628
613,7848,"Agent 1",4,1,1,49152,9121,"fused_moe_kernel",256,0,0,80,0,48,"WRITE_SIZE",24.000000,7888696713931,7888696732413
613,7850,"Agent 1",4,1,1,65536,9122,"fused_moe_kernel",256,0,0,80,0,48,"WRITE_SIZE",32.000000,7888696822538,7888696832601
613,7865,"Agent 1",4,1,1,49152,9121,"fused_moe_kernel",256,0,0,80,0,48,"WRITE_SIZE",24.000000,7888697243496,7888697261015
613,7867,"Agent 1",4,1,1,65536,9122,"fused_moe_kernel",256,0,0,80,0,48,"WRITE_SIZE",32.000000,7888697354628,7888697364731
613,7882,"Agent 1",4,1,1,49152,9121,"fused_moe_kernel",256,0,0,80,0,48,"WRITE_SIZE",24.000000,7888697764961,7888697782802
613,7884,"Agent 1",4,1,1,65536,9122,"fused_moe_kernel",256,0,0,80,0,48,"WRITE_SIZE",32.000000,7888697866472,7888697876615
613,7899,"Agent 1",4,1,1,49152,9121,"fused_moe_kernel",256,0,0,80,0,48,"SQ_INSTS_VALU_MFMA_MOPS_BF16",1572864.000000,7888698283180,7888698300900
613,7901,"Agent 1",4,1,1,65536,9122,"fused_moe_kernel",256,0,0,80,0,48,"SQ_INSTS_VALU_MFMA_MOPS_BF16",786432.000000,7888698373545,7888698383447
613,7916,"Agent 1",4,1,1,49152,9121,"fused_moe_kernel",256,0,0,80,0,48,"SQ_INSTS_VALU_MFMA_MOPS_BF16",1572864.000000,7888698765396,7888698783317
613,7918,"Agent 1",4,1,1,65536,9122,"fused_moe_kernel",256,0,0,80,0,48,"SQ_INSTS_VALU_MFMA_MOPS_BF16",786432.000000,7888698851031,7888698860492
613,7933,"Agent 1",4,1,1,49152,9121,"fused_moe_kernel",256,0,0,80,0,48,"SQ_INSTS_VALU_MFMA_MOPS_BF16",1572864.000000,7888699235505,7888699253025
613,7935,"Agent 1",4,1,1,65536,9122,"fused_moe_kernel",256,0,0,80,0,48,"SQ_INSTS_VALU_MFMA_MOPS_BF16",786432.000000,7888699318654,7888699328917
614,7950,"Agent 1",4,1,1,49152,9121,"fused_moe_kernel",256,0,0,80,0,48,"SQ_INSTS_VALU_MFMA_MOPS_BF16",1572864.000000,7888699689457,7888699707658
614,7952,"Agent 1",4,1,1,65536,9122,"fused_moe_kernel",256,0,0,80,0,48,"SQ_INSTS_VALU_MFMA_MOPS_BF16",786432.000000,7888699773248,7888699782669
614,7967,"Agent 1",4,1,1,49152,9121,"fused_moe_kernel",256,0,0,80,0,48,"FETCH_SIZE",49195.250000,7888700168907,7888700186106
614,7969,"Agent 1",4,1,1,65536,9122,"fused_moe_kernel",256,0,0,80,0,48,"FETCH_SIZE",24707.500000,7888700281964,7888700292228
614,7984,"Agent 1",4,1,1,49152,9121,"fused_moe_kernel",256,0,0,80,0,48,"FETCH_SIZE",49198.000000,7888700712423,7888700730945
614,7986,"Agent 1",4,1,1,65536,9122,"fused_moe_kernel",256,0,0,80,0,48,"FETCH_SIZE",24707.000000,7888700824317,7888700834420
614,8001,"Agent 1",4,1,1,49152,9121,"fused_moe_kernel",256,0,0,80,0,48,"FETCH_SIZE",49196.750000,7888701238419,7888701256019
614,8003,"Agent 1",4,1,1,65536,9122,"fused_moe_kernel",256,0,0,80,0,48,"FETCH_SIZE",24707.500000,7888701352879,7888701362301
614,8018,"Agent 1",4,1,1,49152,9121,"fused_moe_kernel",256,0,0,80,0,48,"FETCH_SIZE",49196.500000,7888701771150,7888701788830
614,8020,"Agent 1",4,1,1,65536,9122,"fused_moe_kernel",256,0,0,80,0,48,"FETCH_SIZE",24707.000000,7888701885210,7888701894791
614,8035,"Agent 1",4,1,1,49152,9121,"fused_moe_kernel",256,0,0,80,0,48,"WRITE_SIZE",24.000000,7888702342930,7888702361292
614,8037,"Agent 1",4,1,1,65536,9122,"fused_moe_kernel",256,0,0,80,0,48,"WRITE_SIZE",32.000000,7888702447368,7888702457671
614,8052,"Agent 1",4,1,1,49152,9121,"fused_moe_kernel",256,0,0,80,0,48,"WRITE_SIZE",24.000000,7888702859304,7888702877025
614,8054,"Agent 1",4,1,1,65536,9122,"fused_moe_kernel",256,0,0,80,0,48,"WRITE_SIZE",32.000000,7888702962579,7888702972602
614,8069,"Agent 1",4,1,1,49152,9121,"fused_moe_kernel",256,0,0,80,0,48,"WRITE_SIZE",24.000000,7888703371709,7888703390031
614,8071,"Agent 1",4,1,1,65536,9122,"fused_moe_kernel",256,0,0,80,0,48,"WRITE_SIZE",32.000000,7888703474984,7888703485127
614,8086,"Agent 1",4,1,1,49152,9121,"fused_moe_kernel",256,0,0,80,0,48,"WRITE_SIZE",24.000000,7888703878301,7888703896382
614,8088,"Agent 1",4,1,1,65536,9122,"fused_moe_kernel",256,0,0,80,0,48,"WRITE_SIZE",32.000000,7888703979411,7888703989634
614,8103,"Agent 1",4,1,1,49152,9121,"fused_moe_kernel",256,0,0,80,0,48,"SQ_INSTS_VALU_MFMA_MOPS_BF16",1572864.000000,7888704397843,7888704415322
614,8105,"Agent 1",4,1,1,65536,9122,"fused_moe_kernel",256,0,0,80,0,48,"SQ_INSTS_VALU_MFMA_MOPS_BF16",786432.000000,7888704481272,7888704490894
614,8120,"Agent 1",4,1,1,49152,9121,"fused_moe_kernel",256,0,0,80,0,48,"SQ_INSTS_VALU_MFMA_MOPS_BF16",1572864.000000,7888704850151,7888704868272
614,8122,"Agent 1",4,1,1,65536,9122,"fused_moe_kernel",256,0,0,80,0,48,"SQ_INSTS_VALU_MFMA_MOPS_BF16",786432.000000,7888704935786,7888704945448
614,8137,"Agent 1",4,1,1,49152,9121,"fused_moe_kernel",256,0,0,80,0,48,"SQ_INSTS_VALU_MFMA_MOPS_BF16",1572864.000000,7888705311841,7888705329601
614,8139,"Agent 1",4,1,1,65536,9122,"fused_moe_kernel",256,0,0,80,0,48,"SQ_INSTS_VALU_MFMA_MOPS_BF16",786432.000000,7888705402928,7888705413793
614,8154,"Agent 1",4,1,1,49152,9121,"fused_moe_kernel",256,0,0,80,0,48,"SQ_INSTS_VALU_MFMA_MOPS_BF16",1572864.000000,7888705793696,7888705811296
614,8156,"Agent 1",4,1,1,65536,9122,"fused_moe_kernel",256,0,0,80,0,48,"SQ_INSTS_VALU_MFMA_MOPS_BF16",786432.000000,7888705880173,7888705890076
614,8171,"Agent 1",4,1,1,49152,9121,"fused_moe_kernel",256,0,0,80,0,48,"FETCH_SIZE",49197.812500,7888706258233,7888706275833
614,8173,"Agent 1",4,1,1,65536,9122,"fused_moe_kernel",256,0,0,80,0,48,"FETCH_SIZE",24707.000000,7888706379709,7888706389892
614,8188,"Agent 1",4,1,1,49152,9121,"fused_moe_kernel",256,0,0,80,0,48,"FETCH_SIZE",49195.500000,7888706804675,7888706822275
614,8190,"Agent 1",4,1,1,65536,9122,"fused_moe_kernel",256,0,0,80,0,48,"FETCH_SIZE",24707.500000,7888706916770,7888706926352
615,8205,"Agent 1",4,1,1,49152,9121,"fused_moe_kernel",256,0,0,80,0,48,"FETCH_SIZE",49196.000000,7888707325780,7888707343179
615,8207,"Agent 1",4,1,1,65536,9122,"fused_moe_kernel",256,0,0,80,0,48,"FETCH_SIZE",24707.312500,7888707443047,7888707452989
615,8222,"Agent 1",4,1,1,49152,9121,"fused_moe_kernel",256,0,0,80,0,48,"FETCH_SIZE",49197.125000,7888707865367,7888707883247
615,8224,"Agent 1",4,1,1,65536,9122,"fused_moe_kernel",256,0,0,80,0,48,"FETCH_SIZE",24707.000000,7888707979426,7888707989248
615,8239,"Agent 1",4,1,1,49152,9121,"fused_moe_kernel",256,0,0,80,0,48,"WRITE_SIZE",24.000000,7888708384547,7888708402588
615,8241,"Agent 1",4,1,1,65536,9122,"fused_moe_kernel",256,0,0,80,0,48,"WRITE_SIZE",32.000000,7888708488664,7888708498567
615,8256,"Agent 1",4,1,1,49152,9121,"fused_moe_kernel",256,0,0,80,0,48,"WRITE_SIZE",24.000000,7888708886849,7888708904810
615,8258,"Agent 1",4,1,1,65536,9122,"fused_moe_kernel",256,0,0,80,0,48,"WRITE_SIZE",32.000000,7888708986837,7888708996659
615,8273,"Agent 1",4,1,1,49152,9121,"fused_moe_kernel",256,0,0,80,0,48,"WRITE_SIZE",24.000000,7888709391196,7888709409197
615,8275,"Agent 1",4,1,1,65536,9122,"fused_moe_kernel",256,0,0,80,0,48,"WRITE_SIZE",32.000000,7888709489500,7888709499843
615,8290,"Agent 1",4,1,1,49152,9121,"fused_moe_kernel",256,0,0,80,0,48,"WRITE_SIZE",24.000000,7888709900715,7888709919197
615,8292,"Agent 1",4,1,1,65536,9122,"fused_moe_kernel",256,0,0,80,0,48,"WRITE_SIZE",32.000000,7888709996973,7888710006515
615,8307,"Agent 1",4,1,1,49152,9121,"fused_moe_kernel",256,0,0,80,0,48,"SQ_INSTS_VALU_MFMA_MOPS_BF16",1572864.000000,7888710407828,7888710425949
615,8309,"Agent 1",4,1,1,65536,9122,"fused_moe_kernel",256,0,0,80,0,48,"SQ_INSTS_VALU_MFMA_MOPS_BF16",786432.000000,7888710494304,7888710504087
615,8324,"Agent 1",4,1,1,49152,9121,"fused_moe_kernel",256,0,0,80,0,48,"SQ_INSTS_VALU_MFMA_MOPS_BF16",1572864.000000,7888710878418,7888710896419
615,8326,"Agent 1",4,1,1,65536,9122,"fused_moe_kernel",256,0,0,80,0,48,"SQ_INSTS_VALU_MFMA_MOPS_BF16",786432.000000,7888710962048,7888710972151
615,8341,"Agent 1",4,1,1,49152,9121,"fused_moe_kernel",256,0,0,80,0,48,"SQ_INSTS_VALU_MFMA_MOPS_BF16",1572864.000000,7888711343034,7888711360714
615,8343,"Agent 1",4,1,1,65536,9122,"fused_moe_kernel",256,0,0,80,0,48,"SQ_INSTS_VALU_MFMA_MOPS_BF16",786432.000000,7888711428548,7888711440496
615,8358,"Agent 1",4,1,1,49152,9121,"fused_moe_kernel",256,0,0,80,0,48,"SQ_INSTS_VALU_MFMA_MOPS_BF16",1572864.000000,7888711804844,7888711823045
615,8360,"Agent 1",4,1,1,65536,9122,"fused_moe_kernel",256,0,0,80,0,48,"SQ_INSTS_VALU_MFMA_MOPS_BF16",786432.000000,7888711890158,7888711899860
615,8375,"Agent 1",4,1,1,49152,9121,"fused_moe_kernel",256,0,0,80,0,48,"FETCH_SIZE",49194.000000,7888712268979,7888712287502
615,8377,"Agent 1",4,1,1,65536,9122,"fused_moe_kernel",256,0,0,80,0,48,"FETCH_SIZE",24707.000000,7888712388451,7888712398153
615,8392,"Agent 1",4,1,1,49152,9121,"fused_moe_kernel",256,0,0,80,0,48,"FETCH_SIZE",49196.000000,7888712780943,7888712799385
615,8394,"Agent 1",4,1,1,65536,9122,"fused_moe_kernel",256,0,0,80,0,48,"FETCH_SIZE",24707.000000,7888712891475,7888712900896
615,8409,"Agent 1",4,1,1,49152,9121,"fused_moe_kernel",256,0,0,80,0,48,"FETCH_SIZE",49196.000000,7888713287134,7888713305216
615,8411,"Agent 1",4,1,1,65536,9122,"fused_moe_kernel",256,0,0,80,0,48,"FETCH_SIZE",24707.500000,7888713402196,7888713412139
615,8426,"Agent 1",4,1,1,49152,9121,"fused_moe_kernel",256,0,0,80,0,48,"FETCH_SIZE",49193.750000,7888713788394,7888713806916
615,8428,"Agent 1",4,1,1,65536,9122,"fused_moe_kernel",256,0,0,80,0,48,"FETCH_SIZE",24707.000000,7888713904458,7888713913879
615,8443,"Agent 1",4,1,1,49152,9121,"fused_moe_kernel",256,0,0,80,0,48,"WRITE_SIZE",24.000000,7888714301922,7888714319762
615,8445,"Agent 1",4,1,1,65536,9122,"fused_moe_kernel",256,0,0,80,0,48,"WRITE_SIZE",32.000000,7888714401187,7888714410970
616,8460,"Agent 1",4,1,1,49152,9121,"fused_moe_kernel",256,0,0,80,0,48,"WRITE_SIZE",24.000000,7888714784780,7888714802500
616,8462,"Agent 1",4,1,1,65536,9122,"fused_moe_kernel",256,0,0,80,0,48,"WRITE_SIZE",32.000000,7888714883644,7888714893627
616,8477,"Agent 1",4,1,1,49152,9121,"fused_moe_kernel",256,0,0,80,0,48,"WRITE_SIZE",24.000000,7888715281228,7888715299951
616,8479,"Agent 1",4,1,1,65536,9122,"fused_moe_kernel",256,0,0,80,0,48,"WRITE_SIZE",32.000000,7888715398695,7888715408438
616,8494,"Agent 1",4,1,1,49152,9121,"fused_moe_kernel",256,0,0,80,0,48,"WRITE_SIZE",24.000000,7888715792511,7888715809550
616,8496,"Agent 1",4,1,1,65536,9122,"fused_moe_kernel",256,0,0,80,0,48,"WRITE_SIZE",32.000000,7888715892418,7888715902321
647,8541,"Agent 1",4,1,1,49152,9121,"fused_moe_kernel",256,0,0,80,0,48,"SQ_INSTS_VALU_MFMA_MOPS_BF16",1572864.000000,7888717206566,7888717224848
647,8543,"Agent 1",4,1,1,65536,9122,"fused_moe_kernel",256,0,0,80,0,48,"SQ_INSTS_VALU_MFMA_MOPS_BF16",786432.000000,7888717336341,7888717346685
647,8558,"Agent 1",4,1,1,49152,9121,"fused_moe_kernel",256,0,0,80,0,48,"SQ_INSTS_VALU_MFMA_MOPS_BF16",1572864.000000,7888717968980,7888717986980
647,8560,"Agent 1",4,1,1,65536,9122,"fused_moe_kernel",256,0,0,80,0,48,"SQ_INSTS_VALU_MFMA_MOPS_BF16",786432.000000,7888718053251,7888718062913
647,8575,"Agent 1",4,1,1,49152,9121,"fused_moe_kernel",256,0,0,80,0,48,"SQ_INSTS_VALU_MFMA_MOPS_BF16",1572864.000000,7888718832744,7888718851226
647,8577,"Agent 1",4,1,1,65536,9122,"fused_moe_kernel",256,0,0,80,0,48,"SQ_INSTS_VALU_MFMA_MOPS_BF16",786432.000000,7888722693442,7888722704186
647,8592,"Agent 1",4,1,1,49152,9121,"fused_moe_kernel",256,0,0,80,0,48,"SQ_INSTS_VALU_MFMA_MOPS_BF16",1572864.000000,7888728293254,7888728311496
647,8594,"Agent 1",4,1,1,65536,9122,"fused_moe_kernel",256,0,0,80,0,48,"SQ_INSTS_VALU_MFMA_MOPS_BF16",786432.000000,7888730048325,7888730057706
647,8609,"Agent 1",4,1,1,49152,9121,"fused_moe_kernel",256,0,0,80,0,48,"FETCH_SIZE",49197.250000,7888740036114,7888740053434
647,8611,"Agent 1",4,1,1,65536,9122,"fused_moe_kernel",256,0,0,80,0,48,"FETCH_SIZE",24707.687500,7888741903921,7888741913182
647,8626,"Agent 1",4,1,1,49152,9121,"fused_moe_kernel",256,0,0,80,0,48,"FETCH_SIZE",49195.250000,7888753643494,7888753660973
647,8628,"Agent 1",4,1,1,65536,9122,"fused_moe_kernel",256,0,0,80,0,48,"FETCH_SIZE",24707.000000,7888755339390,7888755348891
647,8643,"Agent 1",4,1,1,49152,9121,"fused_moe_kernel",256,0,0,80,0,48,"FETCH_SIZE",49196.375000,7888765512400,7888765529680
647,8645,"Agent 1",4,1,1,65536,9122,"fused_moe_kernel",256,0,0,80,0,48,"FETCH_SIZE",24707.500000,7888766057199,7888766067583
647,8660,"Agent 1",4,1,1,49152,9121,"fused_moe_kernel",256,0,0,80,0,48,"FETCH_SIZE",49193.500000,7888766646539,7888766664019
647,8662,"Agent 1",4,1,1,65536,9122,"fused_moe_kernel",256,0,0,80,0,48,"FETCH_SIZE",24707.000000,7888766759556,7888766769338
647,8677,"Agent 1",4,1,1,49152,9121,"fused_moe_kernel",256,0,0,80,0,48,"WRITE_SIZE",24.000000,7888767171252,7888767188812
647,8679,"Agent 1",4,1,1,65536,9122,"fused_moe_kernel",256,0,0,80,0,48,"WRITE_SIZE",32.000000,7888767273324,7888767283427
647,8694,"Agent 1",4,1,1,49152,9121,"fused_moe_kernel",256,0,0,80,0,48,"WRITE_SIZE",24.000000,7888767675679,7888767693640
647,8696,"Agent 1",4,1,1,65536,9122,"fused_moe_kernel",256,0,0,80,0,48,"WRITE_SIZE",32.000000,7888767781399,7888767790660
647,8711,"Agent 1",4,1,1,49152,9121,"fused_moe_kernel",256,0,0,80,0,48,"WRITE_SIZE",24.000000,7888768183955,7888768202437
647,8713,"Agent 1",4,1,1,65536,9122,"fused_moe_kernel",256,0,0,80,0,48,"WRITE_SIZE",32.000000,7888768287831,7888768298335
647,8728,"Agent 1",4,1,1,49152,9121,"fused_moe_kernel",256,0,0,80,0,48,"WRITE_SIZE",24.000000,7888768701251,7888768718851
647,8730,"Agent 1",4,1,1,65536,9122,"fused_moe_kernel",256,0,0,80,0,48,"WRITE_SIZE",32.000000,7888768804686,7888768814669
647,8745,"Agent 1",4,1,1,49152,9121,"fused_moe_kernel",256,0,0,80,0,48,"SQ_INSTS_VALU_MFMA_MOPS_BF16",1572864.000000,7888769207081,7888769224481
647,8747,"Agent 1",4,1,1,65536,9122,"fused_moe_kernel",256,0,0,80,0,48,"SQ_INSTS_VALU_MFMA_MOPS_BF16",786432.000000,7888769294359,7888769303460
647,8762,"Agent 1",4,1,1,49152,9121,"fused_moe_kernel",256,0,0,80,0,48,"SQ_INSTS_VALU_MFMA_MOPS_BF16",1572864.000000,7888769683965,7888769701565
647,8764,"Agent 1",4,1,1,65536,9122,"fused_moe_kernel",256,0,0,80,0,48,"SQ_INSTS_VALU_MFMA_MOPS_BF16",786432.000000,7888769769359,7888769779182
647,8779,"Agent 1",4,1,1,49152,9121,"fused_moe_kernel",256,0,0,80,0,48,"SQ_INSTS_VALU_MFMA_MOPS_BF16",1572864.000000,7888770150386,7888770168667
647,8781,"Agent 1",4,1,1,65536,9122,"fused_moe_kernel",256,0,0,80,0,48,"SQ_INSTS_VALU_MFMA_MOPS_BF16",786432.000000,7888770235058,7888770245602
648,8796,"Agent 1",4,1,1,49152,9121,"fused_moe_kernel",256,0,0,80,0,48,"SQ_INSTS_VALU_MFMA_MOPS_BF16",1572864.000000,7888770622419,7888770639939
648,8798,"Agent 1",4,1,1,65536,9122,"fused_moe_kernel",256,0,0,80,0,48,"SQ_INSTS_VALU_MFMA_MOPS_BF16",786432.000000,7888770705087,7888770715431
648,8813,"Agent 1",4,1,1,49152,9121,"fused_moe_kernel",256,0,0,80,0,48,"FETCH_SIZE",49195.312500,7888771077093,7888771095495
648,8815,"Agent 1",4,1,1,65536,9122,"fused_moe_kernel",256,0,0,80,0,48,"FETCH_SIZE",24707.000000,7888771192836,7888771202217
648,8830,"Agent 1",4,1,1,49152,9121,"fused_moe_kernel",256,0,0,80,0,48,"FETCH_SIZE",49196.500000,7888771605174,7888771622854
648,8832,"Agent 1",4,1,1,65536,9122,"fused_moe_kernel",256,0,0,80,0,48,"FETCH_SIZE",24707.000000,7888771720436,7888771730138
648,8847,"Agent 1",4,1,1,49152,9121,"fused_moe_kernel",256,0,0,80,0,48,"FETCH_SIZE",49197.250000,7888772128884,7888772147206
648,8849,"Agent 1",4,1,1,65536,9122,"fused_moe_kernel",256,0,0,80,0,48,"FETCH_SIZE",24707.500000,7888772240939,7888772251042
648,8864,"Agent 1",4,1,1,49152,9121,"fused_moe_kernel",256,0,0,80,0,48,"FETCH_SIZE",49196.500000,7888772660894,7888772678334
648,8866,"Agent 1",4,1,1,65536,9122,"fused_moe_kernel",256,0,0,80,0,48,"FETCH_SIZE",24707.500000,7888772773109,7888772782531
648,8881,"Agent 1",4,1,1,49152,9121,"fused_moe_kernel",256,0,0,80,0,48,"WRITE_SIZE",24.000000,7888773173780,7888773191420
648,8883,"Agent 1",4,1,1,65536,9122,"fused_moe_kernel",256,0,0,80,0,48,"WRITE_SIZE",32.000000,7888773274730,7888773284312
648,8898,"Agent 1",4,1,1,49152,9121,"fused_moe_kernel",256,0,0,80,0,48,"WRITE_SIZE",24.000000,7888773675601,7888773693201
648,8900,"Agent 1",4,1,1,65536,9122,"fused_moe_kernel",256,0,0,80,0,48,"WRITE_SIZE",32.000000,7888773782324,7888773792347
648,8915,"Agent 1",4,1,1,49152,9121,"fused_moe_kernel",256,0,0,80,0,48,"WRITE_SIZE",24.000000,7888774190612,7888774208172
648,8917,"Agent 1",4,1,1,65536,9122,"fused_moe_kernel",256,0,0,80,0,48,"WRITE_SIZE",32.000000,7888774296733,7888774306796
648,8932,"Agent 1",4,1,1,49152,9121,"fused_moe_kernel",256,0,0,80,0,48,"WRITE_SIZE",24.000000,7888774699048,7888774716769
648,8934,"Agent 1",4,1,1,65536,9122,"fused_moe_kernel",256,0,0,80,0,48,"WRITE_SIZE",32.000000,7888774805250,7888774815553
648,8949,"Agent 1",4,1,1,49152,9121,"fused_moe_kernel",256,0,0,80,0,48,"SQ_INSTS_VALU_MFMA_MOPS_BF16",1572864.000000,7888775189844,7888775208767
648,8951,"Agent 1",4,1,1,65536,9122,"fused_moe_kernel",256,0,0,80,0,48,"SQ_INSTS_VALU_MFMA_MOPS_BF16",786432.000000,7888775279047,7888775288749
648,8966,"Agent 1",4,1,1,49152,9121,"fused_moe_kernel",256,0,0,80,0,48,"SQ_INSTS_VALU_MFMA_MOPS_BF16",1572864.000000,7888775656786,7888775674626
648,8968,"Agent 1",4,1,1,65536,9122,"fused_moe_kernel",256,0,0,80,0,48,"SQ_INSTS_VALU_MFMA_MOPS_BF16",786432.000000,7888775739093,7888775748835
648,8983,"Agent 1",4,1,1,49152,9121,"fused_moe_kernel",256,0,0,80,0,48,"SQ_INSTS_VALU_MFMA_MOPS_BF16",1572864.000000,7888776113985,7888776131265
648,8985,"Agent 1",4,1,1,65536,9122,"fused_moe_kernel",256,0,0,80,0,48,"SQ_INSTS_VALU_MFMA_MOPS_BF16",786432.000000,7888776197936,7888776207237
648,9000,"Agent 1",4,1,1,49152,9121,"fused_moe_kernel",256,0,0,80,0,48,"SQ_INSTS_VALU_MFMA_MOPS_BF16",1572864.000000,7888776567737,7888776585097
648,9002,"Agent 1",4,1,1,65536,9122,"fused_moe_kernel",256,0,0,80,0,48,"SQ_INSTS_VALU_MFMA_MOPS_BF16",786432.000000,7888776650285,7888776659827
648,9017,"Agent 1",4,1,1,49152,9121,"fused_moe_kernel",256,0,0,80,0,48,"FETCH_SIZE",49197.625000,7888777033837,7888777051357
648,9019,"Agent 1",4,1,1,65536,9122,"fused_moe_kernel",256,0,0,80,0,48,"FETCH_SIZE",24708.187500,7888777147295,7888777157598
648,9034,"Agent 1",4,1,1,49152,9121,"fused_moe_kernel",256,0,0,80,0,48,"FETCH_SIZE",49195.000000,7888777550612,7888777569014
648,9036,"Agent 1",4,1,1,65536,9122,"fused_moe_kernel",256,0,0,80,0,48,"FETCH_SIZE",24707.500000,7888777666997,7888777676418
649,9051,"Agent 1",4,1,1,49152,9121,"fused_moe_kernel",256,0,0,80,0,48,"FETCH_SIZE",49194.875000,7888778084605,7888778102085
649,9053,"Agent 1",4,1,1,65536,9122,"fused_moe_kernel",256,0,0,80,0,48,"FETCH_SIZE",24707.500000,7888778197582,7888778206883
649,9068,"Agent 1",4,1,1,49152,9121,"fused_moe_kernel",256,0,0,80,0,48,"FETCH_SIZE",49197.250000,7888778608476,7888778625675
649,9070,"Agent 1",4,1,1,65536,9122,"fused_moe_kernel",256,0,0,80,0,48,"FETCH_SIZE",24707.500000,7888778717845,7888778727106
649,9085,"Agent 1",4,1,1,49152,9121,"fused_moe_kernel",256,0,0,80,0,48,"WRITE_SIZE",24.000000,7888779111540,7888779129541
649,9087,"Agent 1",4,1,1,65536,9122,"fused_moe_kernel",256,0,0,80,0,48,"WRITE_SIZE",32.000000,7888779212008,7888779222231
649,9102,"Agent 1",4,1,1,49152,9121,"fused_moe_kernel",256,0,0,80,0,48,"WRITE_SIZE",24.000000,7888779617169,7888779634810
649,9104,"Agent 1",4,1,1,65536,9122,"fused_moe_kernel",256,0,0,80,0,48,"WRITE_SIZE",32.000000,7888779724975,7888779734356
649,9119,"Agent 1",4,1,1,49152,9121,"fused_moe_kernel",256,0,0,80,0,48,"WRITE_SIZE",24.000000,7888780111574,7888780129695
649,9121,"Agent 1",4,1,1,65536,9122,"fused_moe_kernel",256,0,0,80,0,48,"WRITE_SIZE",32.000000,7888780214848,7888780225272
649,9136,"Agent 1",4,1,1,49152,9121,"fused_moe_kernel",256,0,0,80,0,48,"WRITE_SIZE",24.000000,7888780614597,7888780632959
649,9138,"Agent 1",4,1,1,65536,9122,"fused_moe_kernel",256,0,0,80,0,48,"WRITE_SIZE",32.000000,7888780718433,7888780728256
649,9153,"Agent 1",4,1,1,49152,9121,"fused_moe_kernel",256,0,0,80,0,48,"SQ_INSTS_VALU_MFMA_MOPS_BF16",1572864.000000,7888781111487,7888781129328
649,9155,"Agent 1",4,1,1,65536,9122,"fused_moe_kernel",256,0,0,80,0,48,"SQ_INSTS_VALU_MFMA_MOPS_BF16",786432.000000,7888781197002,7888781206904
649,9170,"Agent 1",4,1,1,49152,9121,"fused_moe_kernel",256,0,0,80,0,48,"SQ_INSTS_VALU_MFMA_MOPS_BF16",1572864.000000,7888781575622,7888781593102
649,9172,"Agent 1",4,1,1,65536,9122,"fused_moe_kernel",256,0,0,80,0,48,"SQ_INSTS_VALU_MFMA_MOPS_BF16",786432.000000,7888781655203,7888781665667
649,9187,"Agent 1",4,1,1,49152,9121,"fused_moe_kernel",256,0,0,80,0,48,"SQ_INSTS_VALU_MFMA_MOPS_BF16",1572864.000000,7888782019873,7888782037633
649,9189,"Agent 1",4,1,1,65536,9122,"fused_moe_kernel",256,0,0,80,0,48,"SQ_INSTS_VALU_MFMA_MOPS_BF16",786432.000000,7888782104745,7888782114127
649,9204,"Agent 1",4,1,1,49152,9121,"fused_moe_kernel",256,0,0,80,0,48,"SQ_INSTS_VALU_MFMA_MOPS_BF16",1572864.000000,7888782479678,7888782498000
649,9206,"Agent 1",4,1,1,65536,9122,"fused_moe_kernel",256,0,0,80,0,48,"SQ_INSTS_VALU_MFMA_MOPS_BF16",786432.000000,7888782571807,7888782580988
649,9221,"Agent 1",4,1,1,49152,9121,"fused_moe_kernel",256,0,0,80,0,48,"FETCH_SIZE",49196.750000,7888782928779,7888782946459
649,9223,"Agent 1",4,1,1,65536,9122,"fused_moe_kernel",256,0,0,80,0,48,"FETCH_SIZE",24707.500000,7888783046206,7888783055668
649,9238,"Agent 1",4,1,1,49152,9121,"fused_moe_kernel",256,0,0,80,0,48,"FETCH_SIZE",49194.812500,7888783445634,7888783463916
649,9240,"Agent 1",4,1,1,65536,9122,"fused_moe_kernel",256,0,0,80,0,48,"FETCH_SIZE",24707.500000,7888783567792,7888783577494
649,9255,"Agent 1",4,1,1,49152,9121,"fused_moe_kernel",256,0,0,80,0,48,"FETCH_SIZE",49195.250000,7888783953389,7888783971029
649,9257,"Agent 1",4,1,1,65536,9122,"fused_moe_kernel",256,0,0,80,0,48,"FETCH_SIZE",24707.000000,7888784060312,7888784070134
649,9272,"Agent 1",4,1,1,49152,9121,"fused_moe_kernel",256,0,0,80,0,48,"FETCH_SIZE",49194.500000,7888784455330,7888784473612
649,9274,"Agent 1",4,1,1,65536,9122,"fused_moe_kernel",256,0,0,80,0,48,"FETCH_SIZE",24707.500000,7888784571033,7888784580855
649,9289,"Agent 1",4,1,1,49152,9121,"fused_moe_kernel",256,0,0,80,0,48,"WRITE_SIZE",24.000000,7888784959917,7888784977397
649,9291,"Agent 1",4,1,1,65536,9122,"fused_moe_kernel",256,0,0,80,0,48,"WRITE_SIZE",32.000000,7888785064034,7888785074458
650,9306,"Agent 1",4,1,1,49152,9121,"fused_moe_kernel",256,0,0,80,0,48,"WRITE_SIZE",24.000000,7888785456807,7888785474287
650,9308,"Agent 1",4,1,1,65536,9122,"fused_moe_kernel",256,0,0,80,0,48,"WRITE_SIZE",32.000000,7888785564973,7888785575036
650,9323,"Agent 1",4,1,1,49152,9121,"fused_moe_kernel",256,0,0,80,0,48,"WRITE_SIZE",24.000000,7888785946521,7888785963680
650,9325,"Agent 1",4,1,1,65536,9122,"fused_moe_kernel",256,0,0,80,0,48,"WRITE_SIZE",32.000000,7888786049114,7888786059538
650,9340,"Agent 1",4,1,1,49152,9121,"fused_moe_kernel",256,0,0,80,0,48,"WRITE_SIZE",24.000000,7888786430661,7888786448101
650,9342,"Agent 1",4,1,1,65536,9122,"fused_moe_kernel",256,0,0,80,0,48,"WRITE_SIZE",32.000000,7888786530689,7888786540792
681,9387,"Agent 1",4,1,1,49152,9121,"fused_moe_kernel",256,0,0,80,0,48,"SQ_INSTS_VALU_MFMA_MOPS_BF16",1572864.000000,7888787858628,7888787876950
681,9389,"Agent 1",4,1,1,65536,9122,"fused_moe_kernel",256,0,0,80,0,48,"SQ_INSTS_VALU_MFMA_MOPS_BF16",786432.000000,7888787973970,7888787983312
681,9404,"Agent 1",4,1,1,49152,9121,"fused_moe_kernel",256,0,0,80,0,48,"SQ_INSTS_VALU_MFMA_MOPS_BF16",1572864.000000,7888788570286,7888788588087
681,9406,"Agent 1",4,1,1,65536,9122,"fused_moe_kernel",256,0,0,80,0,48,"SQ_INSTS_VALU_MFMA_MOPS_BF16",786432.000000,7888788657725,7888788667708
681,9421,"Agent 1",4,1,1,49152,9121,"fused_moe_kernel",256,0,0,80,0,48,"SQ_INSTS_VALU_MFMA_MOPS_BF16",1572864.000000,7888789211023,7888789229625
681,9423,"Agent 1",4,1,1,65536,9122,"fused_moe_kernel",256,0,0,80,0,48,"SQ_INSTS_VALU_MFMA_MOPS_BF16",786432.000000,7888789377081,7888789387304
681,9438,"Agent 1",4,1,1,49152,9121,"fused_moe_kernel",256,0,0,80,0,48,"SQ_INSTS_VALU_MFMA_MOPS_BF16",1572864.000000,7888793064064,7888793082706
681,9440,"Agent 1",4,1,1,65536,9122,"fused_moe_kernel",256,0,0,80,0,48,"SQ_INSTS_VALU_MFMA_MOPS_BF16",786432.000000,7888793992575,7888794002758
681,9455,"Agent 1",4,1,1,49152,9121,"fused_moe_kernel",256,0,0,80,0,48,"FETCH_SIZE",49196.250000,7888799888781,7888799906261
681,9457,"Agent 1",4,1,1,65536,9122,"fused_moe_kernel",256,0,0,80,0,48,"FETCH_SIZE",24707.000000,7888801583034,7888801592455
681,9472,"Agent 1",4,1,1,49152,9121,"fused_moe_kernel",256,0,0,80,0,48,"FETCH_SIZE",49194.000000,7888811644070,7888811661990
681,9474,"Agent 1",4,1,1,65536,9122,"fused_moe_kernel",256,0,0,80,0,48,"FETCH_SIZE",24707.500000,7888812929472,7888812938934
681,9489,"Agent 1",4,1,1,49152,9121,"fused_moe_kernel",256,0,0,80,0,48,"FETCH_SIZE",49196.375000,7888823568462,7888823586103
681,9491,"Agent 1",4,1,1,65536,9122,"fused_moe_kernel",256,0,0,80,0,48,"FETCH_SIZE",24707.500000,7888825267125,7888825276867
681,9506,"Agent 1",4,1,1,49152,9121,"fused_moe_kernel",256,0,0,80,0,48,"FETCH_SIZE",49195.750000,7888835322668,7888835340589
681,9508,"Agent 1",4,1,1,65536,9122,"fused_moe_kernel",256,0,0,80,0,48,"FETCH_SIZE",24708.000000,7888836630121,7888836640384
681,9523,"Agent 1",4,1,1,49152,9121,"fused_moe_kernel",256,0,0,80,0,48,"WRITE_SIZE",24.000000,7888837231328,7888837249289
681,9525,"Agent 1",4,1,1,65536,9122,"fused_moe_kernel",256,0,0,80,0,48,"WRITE_SIZE",32.000000,7888837333200,7888837342902
681,9540,"Agent 1",4,1,1,49152,9121,"fused_moe_kernel",256,0,0,80,0,48,"WRITE_SIZE",24.000000,7888837743011,7888837760411
681,9542,"Agent 1",4,1,1,65536,9122,"fused_moe_kernel",256,0,0,80,0,48,"WRITE_SIZE",32.000000,7888837849774,7888837860078
681,9557,"Agent 1",4,1,1,49152,9121,"fused_moe_kernel",256,0,0,80,0,48,"WRITE_SIZE",24.000000,7888838252049,7888838270210
681,9559,"Agent 1",4,1,1,65536,9122,"fused_moe_kernel",256,0,0,80,0,48,"WRITE_SIZE",32.000000,7888838360295,7888838370358
681,9574,"Agent 1",4,1,1,49152,9121,"fused_moe_kernel",256,0,0,80,0,48,"WRITE_SIZE",24.000000,7888838770788,7888838788308
681,9576,"Agent 1",4,1,1,65536,9122,"fused_moe_kernel",256,0,0,80,0,48,"WRITE_SIZE",32.000000,7888838870776,7888838880398
681,9591,"Agent 1",4,1,1,49152,9121,"fused_moe_kernel",256,0,0,80,0,48,"SQ_INSTS_VALU_MFMA_MOPS_BF16",1572864.000000,7888839263068,7888839280628
681,9593,"Agent 1",4,1,1,65536,9122,"fused_moe_kernel",256,0,0,80,0,48,"SQ_INSTS_VALU_MFMA_MOPS_BF16",786432.000000,7888839348342,7888839357763
681,9608,"Agent 1",4,1,1,49152,9121,"fused_moe_kernel",256,0,0,80,0,48,"SQ_INSTS_VALU_MFMA_MOPS_BF16",1572864.000000,7888839740233,7888839757552
681,9610,"Agent 1",4,1,1,65536,9122,"fused_moe_kernel",256,0,0,80,0,48,"SQ_INSTS_VALU_MFMA_MOPS_BF16",786432.000000,7888839823141,7888839832723
681,9625,"Agent 1",4,1,1,49152,9121,"fused_moe_kernel",256,0,0,80,0,48,"SQ_INSTS_VALU_MFMA_MOPS_BF16",1572864.000000,7888840212987,7888840230227
681,9627,"Agent 1",4,1,1,65536,9122,"fused_moe_kernel",256,0,0,80,0,48,"SQ_INSTS_VALU_MFMA_MOPS_BF16",786432.000000,7888840297019,7888840307402
682,9642,"Agent 1",4,1,1,49152,9121,"fused_moe_kernel",256,0,0,80,0,48,"SQ_INSTS_VALU_MFMA_MOPS_BF16",1572864.000000,7888840699593,7888840717434
682,9644,"Agent 1",4,1,1,65536,9122,"fused_moe_kernel",256,0,0,80,0,48,"SQ_INSTS_VALU_MFMA_MOPS_BF16",786432.000000,7888840788435,7888840797937
682,9659,"Agent 1",4,1,1,49152,9121,"fused_moe_kernel",256,0,0,80,0,48,"FETCH_SIZE",49194.437500,7888841185859,7888841204662
682,9661,"Agent 1",4,1,1,65536,9122,"fused_moe_kernel",256,0,0,80,0,48,"FETCH_SIZE",24707.500000,7888841301963,7888841312387
682,9676,"Agent 1",4,1,1,49152,9121,"fused_moe_kernel",256,0,0,80,0,48,"FETCH_SIZE",49197.062500,7888841718871,7888841737473
682,9678,"Agent 1",4,1,1,65536,9122,"fused_moe_kernel",256,0,0,80,0,48,"FETCH_SIZE",24707.000000,7888841832529,7888841842272
682,9693,"Agent 1",4,1,1,49152,9121,"fused_moe_kernel",256,0,0,80,0,48,"FETCH_SIZE",49196.000000,7888842243263,7888842261264
682,9695,"Agent 1",4,1,1,65536,9122,"fused_moe_kernel",256,0,0,80,0,48,"FETCH_SIZE",24707.000000,7888842360771,7888842370072
682,9710,"Agent 1",4,1,1,49152,9121,"fused_moe_kernel",256,0,0,80,0,48,"FETCH_SIZE",49196.750000,7888842765090,7888842783532
682,9712,"Agent 1",4,1,1,65536,9122,"fused_moe_kernel",256,0,0,80,0,48,"FETCH_SIZE",24707.000000,7888842877225,7888842887488
682,9727,"Agent 1",4,1,1,49152,9121,"fused_moe_kernel",256,0,0,80,0,48,"WRITE_SIZE",24.000000,7888843293892,7888843311733
682,9729,"Agent 1",4,1,1,65536,9122,"fused_moe_kernel",256,0,0,80,0,48,"WRITE_SIZE",32.000000,7888843389349,7888843399693
682,9744,"Agent 1",4,1,1,49152,9121,"fused_moe_kernel",256,0,0,80,0,48,"WRITE_SIZE",24.000000,7888843809905,7888843827465
682,9746,"Agent 1",4,1,1,65536,9122,"fused_moe_kernel",256,0,0,80,0,48,"WRITE_SIZE",32.000000,7888843914864,7888843924887
682,9761,"Agent 1",4,1,1,49152,9121,"fused_moe_kernel",256,0,0,80,0,48,"WRITE_SIZE",24.000000,7888844319544,7888844337946
682,9763,"Agent 1",4,1,1,65536,9122,"fused_moe_kernel",256,0,0,80,0,48,"WRITE_SIZE",32.000000,7888844421576,7888844431519
682,9778,"Agent 1",4,1,1,49152,9121,"fused_moe_kernel",256,0,0,80,0,48,"WRITE_SIZE",24.000000,7888844829624,7888844847865
682,9780,"Agent 1",4,1,1,65536,9122,"fused_moe_kernel",256,0,0,80,0,48,"WRITE_SIZE",32.000000,7888844934302,7888844944365
682,9795,"Agent 1",4,1,1,49152,9121,"fused_moe_kernel",256,0,0,80,0,48,"SQ_INSTS_VALU_MFMA_MOPS_BF16",1572864.000000,7888845341067,7888845359509
682,9797,"Agent 1",4,1,1,65536,9122,"fused_moe_kernel",256,0,0,80,0,48,"SQ_INSTS_VALU_MFMA_MOPS_BF16",786432.000000,7888845426421,7888845436684
682,9812,"Agent 1",4,1,1,49152,9121,"fused_moe_kernel",256,0,0,80,0,48,"SQ_INSTS_VALU_MFMA_MOPS_BF16",1572864.000000,7888845815546,7888845834228
682,9814,"Agent 1",4,1,1,65536,9122,"fused_moe_kernel",256,0,0,80,0,48,"SQ_INSTS_VALU_MFMA_MOPS_BF16",786432.000000,7888845899657,7888845909479
682,9829,"Agent 1",4,1,1,49152,9121,"fused_moe_kernel",256,0,0,80,0,48,"SQ_INSTS_VALU_MFMA_MOPS_BF16",1572864.000000,7888846289143,7888846306582
682,9831,"Agent 1",4,1,1,65536,9122,"fused_moe_kernel",256,0,0,80,0,48,"SQ_INSTS_VALU_MFMA_MOPS_BF16",786432.000000,7888846374336,7888846383758
682,9846,"Agent 1",4,1,1,49152,9121,"fused_moe_kernel",256,0,0,80,0,48,"SQ_INSTS_VALU_MFMA_MOPS_BF16",1572864.000000,7888846764543,7888846782905
682,9848,"Agent 1",4,1,1,65536,9122,"fused_moe_kernel",256,0,0,80,0,48,"SQ_INSTS_VALU_MFMA_MOPS_BF16",786432.000000,7888846848775,7888846859038
682,9863,"Agent 1",4,1,1,49152,9121,"fused_moe_kernel",256,0,0,80,0,48,"FETCH_SIZE",49195.875000,7888847221102,7888847238822
682,9865,"Agent 1",4,1,1,65536,9122,"fused_moe_kernel",256,0,0,80,0,48,"FETCH_SIZE",24707.000000,7888847330310,7888847340613
682,9880,"Agent 1",4,1,1,49152,9121,"fused_moe_kernel",256,0,0,80,0,48,"FETCH_SIZE",49195.250000,7888847739079,7888847756679
682,9882,"Agent 1",4,1,1,65536,9122,"fused_moe_kernel",256,0,0,80,0,48,"FETCH_SIZE",24707.000000,7888847855063,7888847864284
683,9897,"Agent 1",4,1,1,49152,9121,"fused_moe_kernel",256,0,0,80,0,48,"FETCH_SIZE",49195.812500,7888848255934,7888848274136
683,9899,"Agent 1",4,1,1,65536,9122,"fused_moe_kernel",256,0,0,80,0,48,"FETCH_SIZE",24707.000000,7888848370034,7888848379495
683,9914,"Agent 1",4,1,1,49152,9121,"fused_moe_kernel",256,0,0,80,0,48,"FETCH_SIZE",49195.750000,7888848766054,7888848784496
683,9916,"Agent 1",4,1,1,65536,9122,"fused_moe_kernel",256,0,0,80,0,48,"FETCH_SIZE",24707.000000,7888848880956,7888848890818
683,9931,"Agent 1",4,1,1,49152,9121,"fused_moe_kernel",256,0,0,80,0,48,"WRITE_SIZE",24.000000,7888849290166,7888849308688
683,9933,"Agent 1",4,1,1,65536,9122,"fused_moe_kernel",256,0,0,80,0,48,"WRITE_SIZE",32.000000,7888849394122,7888849403624
683,9948,"Agent 1",4,1,1,49152,9121,"fused_moe_kernel",256,0,0,80,0,48,"WRITE_SIZE",24.000000,7888849794914,7888849812995
683,9950,"Agent 1",4,1,1,65536,9122,"fused_moe_kernel",256,0,0,80,0,48,"WRITE_SIZE",32.000000,7888849896064,7888849906407
683,9965,"Agent 1",4,1,1,49152,9121,"fused_moe_kernel",256,0,0,80,0,48,"WRITE_SIZE",24.000000,7888850286030,7888850304111
683,9967,"Agent 1",4,1,1,65536,9122,"fused_moe_kernel",256,0,0,80,0,48,"WRITE_SIZE",32.000000,7888850390267,7888850400370
683,9982,"Agent 1",4,1,1,49152,9121,"fused_moe_kernel",256,0,0,80,0,48,"WRITE_SIZE",24.000000,7888850789736,7888850807376
683,9984,"Agent 1",4,1,1,65536,9122,"fused_moe_kernel",256,0,0,80,0,48,"WRITE_SIZE",32.000000,7888850886796,7888850896619
683,9999,"Agent 1",4,1,1,49152,9121,"fused_moe_kernel",256,0,0,80,0,48,"SQ_INSTS_VALU_MFMA_MOPS_BF16",1572864.000000,7888851267943,7888851285543
683,10001,"Agent 1",4,1,1,65536,9122,"fused_moe_kernel",256,0,0,80,0,48,"SQ_INSTS_VALU_MFMA_MOPS_BF16",786432.000000,7888851350090,7888851360113
683,10016,"Agent 1",4,1,1,49152,9121,"fused_moe_kernel",256,0,0,80,0,48,"SQ_INSTS_VALU_MFMA_MOPS_BF16",1572864.000000,7888851732279,7888851750400
683,10018,"Agent 1",4,1,1,65536,9122,"fused_moe_kernel",256,0,0,80,0,48,"SQ_INSTS_VALU_MFMA_MOPS_BF16",786432.000000,7888851815789,7888851825571
683,10033,"Agent 1",4,1,1,49152,9121,"fused_moe_kernel",256,0,0,80,0,48,"SQ_INSTS_VALU_MFMA_MOPS_BF16",1572864.000000,7888852192365,7888852211729
683,10035,"Agent 1",4,1,1,65536,9122,"fused_moe_kernel",256,0,0,80,0,48,"SQ_INSTS_VALU_MFMA_MOPS_BF16",786432.000000,7888852278120,7888852288343
683,10050,"Agent 1",4,1,1,49152,9121,"fused_moe_kernel",256,0,0,80,0,48,"SQ_INSTS_VALU_MFMA_MOPS_BF16",1572864.000000,7888852648722,7888852667204
683,10052,"Agent 1",4,1,1,65536,9122,"fused_moe_kernel",256,0,0,80,0,48,"SQ_INSTS_VALU_MFMA_MOPS_BF16",786432.000000,7888852738246,7888852748229
683,10067,"Agent 1",4,1,1,49152,9121,"fused_moe_kernel",256,0,0,80,0,48,"FETCH_SIZE",49195.687500,7888853116025,7888853134146
683,10069,"Agent 1",4,1,1,65536,9122,"fused_moe_kernel",256,0,0,80,0,48,"FETCH_SIZE",24707.000000,7888853227919,7888853237662
683,10084,"Agent 1",4,1,1,49152,9121,"fused_moe_kernel",256,0,0,80,0,48,"FETCH_SIZE",49194.312500,7888853636609,7888853654329
683,10086,"Agent 1",4,1,1,65536,9122,"fused_moe_kernel",256,0,0,80,0,48,"FETCH_SIZE",24707.000000,7888853753274,7888853763417
683,10101,"Agent 1",4,1,1,49152,9121,"fused_moe_kernel",256,0,0,80,0,48,"FETCH_SIZE",49196.750000,7888854156751,7888854175193
683,10103,"Agent 1",4,1,1,65536,9122,"fused_moe_kernel",256,0,0,80,0,48,"FETCH_SIZE",24707.000000,7888854271091,7888854281715
683,10118,"Agent 1",4,1,1,49152,9121,"fused_moe_kernel",256,0,0,80,0,48,"FETCH_SIZE",49196.000000,7888854668234,7888854686957
683,10120,"Agent 1",4,1,1,65536,9122,"fused_moe_kernel",256,0,0,80,0,48,"FETCH_SIZE",24707.000000,7888854777723,7888854787225
683,10135,"Agent 1",4,1,1,49152,9121,"fused_moe_kernel",256,0,0,80,0,48,"WRITE_SIZE",24.000000,7888855176510,7888855193950
683,10137,"Agent 1",4,1,1,65536,9122,"fused_moe_kernel",256,0,0,80,0,48,"WRITE_SIZE",32.000000,7888855278823,7888855289487
684,10152,"Agent 1",4,1,1,49152,9121,"fused_moe_kernel",256,0,0,80,0,48,"WRITE_SIZE",24.000000,7888855659488,7888855677850
684,10154,"Agent 1",4,1,1,65536,9122,"fused_moe_kernel",256,0,0,80,0,48,"WRITE_SIZE",32.000000,7888855758513,7888855768616
684,10169,"Agent 1",4,1,1,49152,9121,"fused_moe_kernel",256,0,0,80,0,48,"WRITE_SIZE",24.000000,7888856146916,7888856165078
684,10171,"Agent 1",4,1,1,65536,9122,"fused_moe_kernel",256,0,0,80,0,48,"WRITE_SIZE",32.000000,7888856246904,7888856256646
684,10186,"Agent 1",4,1,1,49152,9121,"fused_moe_kernel",256,0,0,80,0,48,"WRITE_SIZE",24.000000,7888856625444,7888856643726
684,10188,"Agent 1",4,1,1,65536,9122,"fused_moe_kernel",256,0,0,80,0,48,"WRITE_SIZE",32.000000,7888856736377,7888856746840
715,10233,"Agent 1",4,1,1,49152,9121,"fused_moe_kernel",256,0,0,80,0,48,"SQ_INSTS_VALU_MFMA_MOPS_BF16",1572864.000000,7888858067363,7888858086206
715,10235,"Agent 1",4,1,1,65536,9122,"fused_moe_kernel",256,0,0,80,0,48,"SQ_INSTS_VALU_MFMA_MOPS_BF16",786432.000000,7888858204595,7888858214658
715,10250,"Agent 1",4,1,1,49152,9121,"fused_moe_kernel",256,0,0,80,0,48,"SQ_INSTS_VALU_MFMA_MOPS_BF16",1572864.000000,7888858832262,7888858849782
715,10252,"Agent 1",4,1,1,65536,9122,"fused_moe_kernel",256,0,0,80,0,48,"SQ_INSTS_VALU_MFMA_MOPS_BF16",786432.000000,7888858916814,7888858926597
715,10267,"Agent 1",4,1,1,49152,9121,"fused_moe_kernel",256,0,0,80,0,48,"SQ_INSTS_VALU_MFMA_MOPS_BF16",1572864.000000,7888859671170,7888859689331
715,10269,"Agent 1",4,1,1,65536,9122,"fused_moe_kernel",256,0,0,80,0,48,"SQ_INSTS_VALU_MFMA_MOPS_BF16",786432.000000,7888859786953,7888859797777
715,10284,"Agent 1",4,1,1,49152,9121,"fused_moe_kernel",256,0,0,80,0,48,"SQ_INSTS_VALU_MFMA_MOPS_BF16",1572864.000000,7888872699071,7888872717433
715,10286,"Agent 1",4,1,1,65536,9122,"fused_moe_kernel",256,0,0,80,0,48,"SQ_INSTS_VALU_MFMA_MOPS_BF16",786432.000000,7888874387270,7888874396932
715,10301,"Agent 1",4,1,1,49152,9121,"fused_moe_kernel",256,0,0,80,0,48,"FETCH_SIZE",49196.000000,7888880854935,7888880872776
715,10303,"Agent 1",4,1,1,65536,9122,"fused_moe_kernel",256,0,0,80,0,48,"FETCH_SIZE",24707.000000,7888881490621,7888881501004
715,10318,"Agent 1",4,1,1,49152,9121,"fused_moe_kernel",256,0,0,80,0,48,"FETCH_SIZE",49195.000000,7888888388384,7888888406506
715,10320,"Agent 1",4,1,1,65536,9122,"fused_moe_kernel",256,0,0,80,0,48,"FETCH_SIZE",24707.500000,7888888908888,7888888918470
715,10335,"Agent 1",4,1,1,49152,9121,"fused_moe_kernel",256,0,0,80,0,48,"FETCH_SIZE",49197.062500,7888896090778,7888896108378
715,10337,"Agent 1",4,1,1,65536,9122,"fused_moe_kernel",256,0,0,80,0,48,"FETCH_SIZE",24707.062500,7888897375859,7888897386003
715,10352,"Agent 1",4,1,1,49152,9121,"fused_moe_kernel",256,0,0,80,0,48,"FETCH_SIZE",49192.750000,7888907546798,7888907564799
715,10354,"Agent 1",4,1,1,65536,9122,"fused_moe_kernel",256,0,0,80,0,48,"FETCH_SIZE",24707.000000,7888907862355,7888907872097
715,10369,"Agent 1",4,1,1,49152,9121,"fused_moe_kernel",256,0,0,80,0,48,"WRITE_SIZE",24.000000,7888908476873,7888908496036
715,10371,"Agent 1",4,1,1,65536,9122,"fused_moe_kernel",256,0,0,80,0,48,"WRITE_SIZE",32.000000,7888908581831,7888908591974
715,10386,"Agent 1",4,1,1,49152,9121,"fused_moe_kernel",256,0,0,80,0,48,"WRITE_SIZE",24.000000,7888909001987,7888909019186
715,10388,"Agent 1",4,1,1,65536,9122,"fused_moe_kernel",256,0,0,80,0,48,"WRITE_SIZE",32.000000,7888909106945,7888909116407
715,10403,"Agent 1",4,1,1,49152,9121,"fused_moe_kernel",256,0,0,80,0,48,"WRITE_SIZE",24.000000,7888909520566,7888909538607
715,10405,"Agent 1",4,1,1,65536,9122,"fused_moe_kernel",256,0,0,80,0,48,"WRITE_SIZE",32.000000,7888909621916,7888909632179
715,10420,"Agent 1",4,1,1,49152,9121,"fused_moe_kernel",256,0,0,80,0,48,"WRITE_SIZE",24.000000,7888910038824,7888910056665
715,10422,"Agent 1",4,1,1,65536,9122,"fused_moe_kernel",256,0,0,80,0,48,"WRITE_SIZE",32.000000,7888910145426,7888910155569
715,10437,"Agent 1",4,1,1,49152,9121,"fused_moe_kernel",256,0,0,80,0,48,"SQ_INSTS_VALU_MFMA_MOPS_BF16",1572864.000000,7888910569471,7888910586950
715,10439,"Agent 1",4,1,1,65536,9122,"fused_moe_kernel",256,0,0,80,0,48,"SQ_INSTS_VALU_MFMA_MOPS_BF16",786432.000000,7888910659395,7888910669017
715,10454,"Agent 1",4,1,1,49152,9121,"fused_moe_kernel",256,0,0,80,0,48,"SQ_INSTS_VALU_MFMA_MOPS_BF16",1572864.000000,7888911081675,7888911100077
715,10456,"Agent 1",4,1,1,65536,9122,"fused_moe_kernel",256,0,0,80,0,48,"SQ_INSTS_VALU_MFMA_MOPS_BF16",786432.000000,7888911172361,7888911182304
715,10471,"Agent 1",4,1,1,49152,9121,"fused_moe_kernel",256,0,0,80,0,48,"SQ_INSTS_VALU_MFMA_MOPS_BF16",1572864.000000,7888911567861,7888911586262
715,10473,"Agent 1",4,1,1,65536,9122,"fused_moe_kernel",256,0,0,80,0,48,"SQ_INSTS_VALU_MFMA_MOPS_BF16",786432.000000,7888911657184,7888911666966
716,10488,"Agent 1",4,1,1,49152,9121,"fused_moe_kernel",256,0,0,80,0,48,"SQ_INSTS_VALU_MFMA_MOPS_BF16",1572864.000000,7888912046709,7888912064951
716,10490,"Agent 1",4,1,1,65536,9122,"fused_moe_kernel",256,0,0,80,0,48,"SQ_INSTS_VALU_MFMA_MOPS_BF16",786432.000000,7888912130941,7888912140282
716,10505,"Agent 1",4,1,1,49152,9121,"fused_moe_kernel",256,0,0,80,0,48,"FETCH_SIZE",49195.125000,7888912523674,7888912541274
716,10507,"Agent 1",4,1,1,65536,9122,"fused_moe_kernel",256,0,0,80,0,48,"FETCH_SIZE",24707.000000,7888912633443,7888912643586
716,10522,"Agent 1",4,1,1,49152,9121,"fused_moe_kernel",256,0,0,80,0,48,"FETCH_SIZE",49195.750000,7888913064223,7888913082625
716,10524,"Agent 1",4,1,1,65536,9122,"fused_moe_kernel",256,0,0,80,0,48,"FETCH_SIZE",24707.312500,7888913181931,7888913191913
716,10539,"Agent 1",4,1,1,49152,9121,"fused_moe_kernel",256,0,0,80,0,48,"FETCH_SIZE",49196.812500,7888913598077,7888913615356
716,10541,"Agent 1",4,1,1,65536,9122,"fused_moe_kernel",256,0,0,80,0,48,"FETCH_SIZE",24707.000000,7888913710973,7888913721277
716,10556,"Agent 1",4,1,1,49152,9121,"fused_moe_kernel",256,0,0,80,0,48,"FETCH_SIZE",49195.750000,7888914158711,7888914176432
716,10558,"Agent 1",4,1,1,65536,9122,"fused_moe_kernel",256,0,0,80,0,48,"FETCH_SIZE",24707.000000,7888914273252,7888914283235
716,10573,"Agent 1",4,1,1,49152,9121,"fused_moe_kernel",256,0,0,80,0,48,"WRITE_SIZE",24.000000,7888914686552,7888914703991
716,10575,"Agent 1",4,1,1,65536,9122,"fused_moe_kernel",256,0,0,80,0,48,"WRITE_SIZE",32.000000,7888914789947,7888914799609
716,10590,"Agent 1",4,1,1,49152,9121,"fused_moe_kernel",256,0,0,80,0,48,"WRITE_SIZE",24.000000,7888915198716,7888915216837
716,10592,"Agent 1",4,1,1,65536,9122,"fused_moe_kernel",256,0,0,80,0,48,"WRITE_SIZE",32.000000,7888915301189,7888915311292
716,10607,"Agent 1",4,1,1,49152,9121,"fused_moe_kernel",256,0,0,80,0,48,"WRITE_SIZE",24.000000,7888915698452,7888915715692
716,10609,"Agent 1",4,1,1,65536,9122,"fused_moe_kernel",256,0,0,80,0,48,"WRITE_SIZE",32.000000,7888915798921,7888915809505
716,10624,"Agent 1",4,1,1,49152,9121,"fused_moe_kernel",256,0,0,80,0,48,"WRITE_SIZE",24.000000,7888916207289,7888916225651
716,10626,"Agent 1",4,1,1,65536,9122,"fused_moe_kernel",256,0,0,80,0,48,"WRITE_SIZE",32.000000,7888916307076,7888916316818
716,10641,"Agent 1",4,1,1,49152,9121,"fused_moe_kernel",256,0,0,80,0,48,"SQ_INSTS_VALU_MFMA_MOPS_BF16",1572864.000000,7888916703858,7888916721659
716,10643,"Agent 1",4,1,1,65536,9122,"fused_moe_kernel",256,0,0,80,0,48,"SQ_INSTS_VALU_MFMA_MOPS_BF16",786432.000000,7888916786607,7888916796269
716,10658,"Agent 1",4,1,1,49152,9121,"fused_moe_kernel",256,0,0,80,0,48,"SQ_INSTS_VALU_MFMA_MOPS_BF16",1572864.000000,7888917183509,7888917201550
716,10660,"Agent 1",4,1,1,65536,9122,"fused_moe_kernel",256,0,0,80,0,48,"SQ_INSTS_VALU_MFMA_MOPS_BF16",786432.000000,7888917266097,7888917276721
716,10675,"Agent 1",4,1,1,49152,9121,"fused_moe_kernel",256,0,0,80,0,48,"SQ_INSTS_VALU_MFMA_MOPS_BF16",1572864.000000,7888917633773,7888917652415
716,10677,"Agent 1",4,1,1,65536,9122,"fused_moe_kernel",256,0,0,80,0,48,"SQ_INSTS_VALU_MFMA_MOPS_BF16",786432.000000,7888917716160,7888917726263
716,10692,"Agent 1",4,1,1,49152,9121,"fused_moe_kernel",256,0,0,80,0,48,"SQ_INSTS_VALU_MFMA_MOPS_BF16",1572864.000000,7888918109494,7888918127535
716,10694,"Agent 1",4,1,1,65536,9122,"fused_moe_kernel",256,0,0,80,0,48,"SQ_INSTS_VALU_MFMA_MOPS_BF16",786432.000000,7888918194087,7888918203789
716,10709,"Agent 1",4,1,1,49152,9121,"fused_moe_kernel",256,0,0,80,0,48,"FETCH_SIZE",49195.000000,7888918566373,7888918583252
716,10711,"Agent 1",4,1,1,65536,9122,"fused_moe_kernel",256,0,0,80,0,48,"FETCH_SIZE",24707.500000,7888918676263,7888918686286
716,10726,"Agent 1",4,1,1,49152,9121,"fused_moe_kernel",256,0,0,80,0,48,"FETCH_SIZE",49195.750000,7888919090004,7888919107804
716,10728,"Agent 1",4,1,1,65536,9122,"fused_moe_kernel",256,0,0,80,0,48,"FETCH_SIZE",24707.500000,7888919206950,7888919216612
717,10743,"Agent 1",4,1,1,49152,9121,"fused_moe_kernel",256,0,0,80,0,48,"FETCH_SIZE",49196.500000,7888919619889,7888919637489
717,10745,"Agent 1",4,1,1,65536,9122,"fused_moe_kernel",256,0,0,80,0,48,"FETCH_SIZE",24707.000000,7888919731703,7888919741325
717,10760,"Agent 1",4,1,1,49152,9121,"fused_moe_kernel",256,0,0,80,0,48,"FETCH_SIZE",49196.750000,7888920164046,7888920181646
717,10762,"Agent 1",4,1,1,65536,9122,"fused_moe_kernel",256,0,0,80,0,48,"FETCH_SIZE",24707.000000,7888920281553,7888920291375
717,10777,"Agent 1",4,1,1,49152,9121,"fused_moe_kernel",256,0,0,80,0,48,"WRITE_SIZE",24.000000,7888920684630,7888920703633
717,10779,"Agent 1",4,1,1,65536,9122,"fused_moe_kernel",256,0,0,80,0,48,"WRITE_SIZE",32.000000,7888920785459,7888920795682
717,10794,"Agent 1",4,1,1,49152,9121,"fused_moe_kernel",256,0,0,80,0,48,"WRITE_SIZE",24.000000,7888921194148,7888921212390
717,10796,"Agent 1",4,1,1,65536,9122,"fused_moe_kernel",256,0,0,80,0,48,"WRITE_SIZE",32.000000,7888921296340,7888921306644
717,10811,"Agent 1",4,1,1,49152,9121,"fused_moe_kernel",256,0,0,80,0,48,"WRITE_SIZE",24.000000,7888921693363,7888921710803
717,10813,"Agent 1",4,1,1,65536,9122,"fused_moe_kernel",256,0,0,80,0,48,"WRITE_SIZE",32.000000,7888921797680,7888921807102
717,10828,"Agent 1",4,1,1,49152,9121,"fused_moe_kernel",256,0,0,80,0,48,"WRITE_SIZE",24.000000,7888922207051,7888922224491
717,10830,"Agent 1",4,1,1,65536,9122,"fused_moe_kernel",256,0,0,80,0,48,"WRITE_SIZE",32.000000,7888922310727,7888922320990
717,10845,"Agent 1",4,1,1,49152,9121,"fused_moe_kernel",256,0,0,80,0,48,"SQ_INSTS_VALU_MFMA_MOPS_BF16",1572864.000000,7888922713723,7888922731804
717,10847,"Agent 1",4,1,1,65536,9122,"fused_moe_kernel",256,0,0,80,0,48,"SQ_INSTS_VALU_MFMA_MOPS_BF16",786432.000000,7888922799117,7888922809100
717,10862,"Agent 1",4,1,1,49152,9121,"fused_moe_kernel",256,0,0,80,0,48,"SQ_INSTS_VALU_MFMA_MOPS_BF16",1572864.000000,7888923189284,7888923207726
717,10864,"Agent 1",4,1,1,65536,9122,"fused_moe_kernel",256,0,0,80,0,48,"SQ_INSTS_VALU_MFMA_MOPS_BF16",786432.000000,7888923276002,7888923285664
717,10879,"Agent 1",4,1,1,49152,9121,"fused_moe_kernel",256,0,0,80,0,48,"SQ_INSTS_VALU_MFMA_MOPS_BF16",1572864.000000,7888923648448,7888923666931
717,10881,"Agent 1",4,1,1,65536,9122,"fused_moe_kernel",256,0,0,80,0,48,"SQ_INSTS_VALU_MFMA_MOPS_BF16",786432.000000,7888923730675,7888923740578
717,10896,"Agent 1",4,1,1,49152,9121,"fused_moe_kernel",256,0,0,80,0,48,"SQ_INSTS_VALU_MFMA_MOPS_BF16",1572864.000000,7888924100396,7888924118638
717,10898,"Agent 1",4,1,1,65536,9122,"fused_moe_kernel",256,0,0,80,0,48,"SQ_INSTS_VALU_MFMA_MOPS_BF16",786432.000000,7888924183265,7888924193367
717,10913,"Agent 1",4,1,1,49152,9121,"fused_moe_kernel",256,0,0,80,0,48,"FETCH_SIZE",49196.875000,7888924554709,7888924572550
717,10915,"Agent 1",4,1,1,65536,9122,"fused_moe_kernel",256,0,0,80,0,48,"FETCH_SIZE",24707.500000,7888924665521,7888924675023
717,10930,"Agent 1",4,1,1,49152,9121,"fused_moe_kernel",256,0,0,80,0,48,"FETCH_SIZE",49195.500000,7888925071564,7888925089886
717,10932,"Agent 1",4,1,1,65536,9122,"fused_moe_kernel",256,0,0,80,0,48,"FETCH_SIZE",24707.500000,7888925184862,7888925194243
717,10947,"Agent 1",4,1,1,49152,9121,"fused_moe_kernel",256,0,0,80,0,48,"FETCH_SIZE",49194.750000,7888925579038,7888925596879
717,10949,"Agent 1",4,1,1,65536,9122,"fused_moe_kernel",256,0,0,80,0,48,"FETCH_SIZE",24707.000000,7888925691133,7888925700915
717,10964,"Agent 1",4,1,1,49152,9121,"fused_moe_kernel",256,0,0,80,0,48,"FETCH_SIZE",49195.000000,7888926109284,7888926127084
717,10966,"Agent 1",4,1,1,65536,9122,"fused_moe_kernel",256,0,0,80,0,48,"FETCH_SIZE",24707.000000,7888926222862,7888926233165
717,10981,"Agent 1",4,1,1,49152,9121,"fused_moe_kernel",256,0,0,80,0,48,"WRITE_SIZE",24.000000,7888926624656,7888926641414
717,10983,"Agent 1",4,1,1,65536,9122,"fused_moe_kernel",256,0,0,80,0,48,"WRITE_SIZE",32.000000,7888926719311,7888926728933
718,10998,"Agent 1",4,1,1,49152,9121,"fused_moe_kernel",256,0,0,80,0,48,"WRITE_SIZE",24.000000,7888927116374,7888927134214
718,11000,"Agent 1",4,1,1,65536,9122,"fused_moe_kernel",256,0,0,80,0,48,"WRITE_SIZE",32.000000,7888927214116,7888927224058
718,11015,"Agent 1",4,1,1,49152,9121,"fused_moe_kernel",256,0,0,80,0,48,"WRITE_SIZE",24.000000,7888927599312,7888927617473
718,11017,"Agent 1",4,1,1,65536,9122,"fused_moe_kernel",256,0,0,80,0,48,"WRITE_SIZE",32.000000,7888927699700,7888927709723
718,11032,"Agent 1",4,1,1,49152,9121,"fused_moe_kernel",256,0,0,80,0,48,"WRITE_SIZE",24.000000,7888928083332,7888928101574
718,11034,"Agent 1",4,1,1,65536,9122,"fused_moe_kernel",256,0,0,80,0,48,"WRITE_SIZE",32.000000,7888928187128,7888928197392
749,11079,"Agent 1",4,1,1,49152,9121,"fused_moe_kernel",256,0,0,80,0,48,"SQ_INSTS_VALU_MFMA_MOPS_BF16",1572864.000000,7888929614694,7888929633056
749,11081,"Agent 1",4,1,1,65536,9122,"fused_moe_kernel",256,0,0,80,0,48,"SQ_INSTS_VALU_MFMA_MOPS_BF16",786432.000000,7888929730117,7888929740620
749,11096,"Agent 1",4,1,1,49152,9121,"fused_moe_kernel",256,0,0,80,0,48,"SQ_INSTS_VALU_MFMA_MOPS_BF16",1572864.000000,7888930290471,7888930308271
749,11098,"Agent 1",4,1,1,65536,9122,"fused_moe_kernel",256,0,0,80,0,48,"SQ_INSTS_VALU_MFMA_MOPS_BF16",786432.000000,7888930394267,7888930404650
749,11113,"Agent 1",4,1,1,49152,9121,"fused_moe_kernel",256,0,0,80,0,48,"SQ_INSTS_VALU_MFMA_MOPS_BF16",1572864.000000,7888934655475,7888934674198
749,11115,"Agent 1",4,1,1,65536,9122,"fused_moe_kernel",256,0,0,80,0,48,"SQ_INSTS_VALU_MFMA_MOPS_BF16",786432.000000,7888936467556,7888936477458
749,11130,"Agent 1",4,1,1,49152,9121,"fused_moe_kernel",256,0,0,80,0,48,"SQ_INSTS_VALU_MFMA_MOPS_BF16",1572864.000000,7888945000036,7888945018438
749,11132,"Agent 1",4,1,1,65536,9122,"fused_moe_kernel",256,0,0,80,0,48,"SQ_INSTS_VALU_MFMA_MOPS_BF16",786432.000000,7888945118345,7888945128408
749,11147,"Agent 1",4,1,1,49152,9121,"fused_moe_kernel",256,0,0,80,0,48,"FETCH_SIZE",49196.000000,7888954592567,7888954610568
749,11149,"Agent 1",4,1,1,65536,9122,"fused_moe_kernel",256,0,0,80,0,48,"FETCH_SIZE",24707.000000,7888955172966,7888955183671
749,11164,"Agent 1",4,1,1,49152,9121,"fused_moe_kernel",256,0,0,80,0,48,"FETCH_SIZE",49199.000000,7888965287364,7888965305405
749,11166,"Agent 1",4,1,1,65536,9122,"fused_moe_kernel",256,0,0,80,0,48,"FETCH_SIZE",24707.000000,7888966986983,7888966996925
749,11181,"Agent 1",4,1,1,49152,9121,"fused_moe_kernel",256,0,0,80,0,48,"FETCH_SIZE",49194.750000,7888975930518,7888975948439
749,11183,"Agent 1",4,1,1,65536,9122,"fused_moe_kernel",256,0,0,80,0,48,"FETCH_SIZE",24707.062500,7888977097371,7888977107314
749,11198,"Agent 1",4,1,1,49152,9121,"fused_moe_kernel",256,0,0,80,0,48,"FETCH_SIZE",49195.000000,7888978763880,7888978781200
749,11200,"Agent 1",4,1,1,65536,9122,"fused_moe_kernel",256,0,0,80,0,48,"FETCH_SIZE",24707.000000,7888978937234,7888978947137
749,11215,"Agent 1",4,1,1,49152,9121,"fused_moe_kernel",256,0,0,80,0,48,"WRITE_SIZE",24.000000,7888979362962,7888979381164
749,11217,"Agent 1",4,1,1,65536,9122,"fused_moe_kernel",256,0,0,80,0,48,"WRITE_SIZE",32.000000,7888979462870,7888979472972
749,11232,"Agent 1",4,1,1,49152,9121,"fused_moe_kernel",256,0,0,80,0,48,"WRITE_SIZE",24.000000,7888979861736,7888979879697
749,11234,"Agent 1",4,1,1,65536,9122,"fused_moe_kernel",256,0,0,80,0,48,"WRITE_SIZE",32.000000,7888979967497,7888979978001
749,11249,"Agent 1",4,1,1,49152,9121,"fused_moe_kernel",256,0,0,80,0,48,"WRITE_SIZE",24.000000,7888980373219,7888980391621
749,11251,"Agent 1",4,1,1,65536,9122,"fused_moe_kernel",256,0,0,80,0,48,"WRITE_SIZE",32.000000,7888980478860,7888980489323
749,11266,"Agent 1",4,1,1,49152,9121,"fused_moe_kernel",256,0,0,80,0,48,"WRITE_SIZE",24.000000,7888980866661,7888980884342
749,11268,"Agent 1",4,1,1,65536,9122,"fused_moe_kernel",256,0,0,80,0,48,"WRITE_SIZE",32.000000,7888980968453,7888980978075
749,11283,"Agent 1",4,1,1,49152,9121,"fused_moe_kernel",256,0,0,80,0,48,"SQ_INSTS_VALU_MFMA_MOPS_BF16",1572864.000000,7888981380029,7888981397909
749,11285,"Agent 1",4,1,1,65536,9122,"fused_moe_kernel",256,0,0,80,0,48,"SQ_INSTS_VALU_MFMA_MOPS_BF16",786432.000000,7888981460091,7888981470113
749,11300,"Agent 1",4,1,1,49152,9121,"fused_moe_kernel",256,0,0,80,0,48,"SQ_INSTS_VALU_MFMA_MOPS_BF16",1572864.000000,7888981838431,7888981856672
749,11302,"Agent 1",4,1,1,65536,9122,"fused_moe_kernel",256,0,0,80,0,48,"SQ_INSTS_VALU_MFMA_MOPS_BF16",786432.000000,7888981921580,7888981931883
749,11317,"Agent 1",4,1,1,49152,9121,"fused_moe_kernel",256,0,0,80,0,48,"SQ_INSTS_VALU_MFMA_MOPS_BF16",1572864.000000,7888982302767,7888982320687
749,11319,"Agent 1",4,1,1,65536,9122,"fused_moe_kernel",256,0,0,80,0,48,"SQ_INSTS_VALU_MFMA_MOPS_BF16",786432.000000,7888982391569,7888982401631
750,11334,"Agent 1",4,1,1,49152,9121,"fused_moe_kernel",256,0,0,80,0,48,"SQ_INSTS_VALU_MFMA_MOPS_BF16",1572864.000000,7888982777205,7888982795567
750,11336,"Agent 1",4,1,1,65536,9122,"fused_moe_kernel",256,0,0,80,0,48,"SQ_INSTS_VALU_MFMA_MOPS_BF16",786432.000000,7888982860675,7888982871139
750,11351,"Agent 1",4,1,1,49152,9121,"fused_moe_kernel",256,0,0,80,0,48,"FETCH_SIZE",49195.250000,7888983249439,7888983267440
750,11353,"Agent 1",4,1,1,65536,9122,"fused_moe_kernel",256,0,0,80,0,48,"FETCH_SIZE",24707.000000,7888983367427,7888983377210
750,11368,"Agent 1",4,1,1,49152,9121,"fused_moe_kernel",256,0,0,80,0,48,"FETCH_SIZE",49196.500000,7888983772990,7888983791031
750,11370,"Agent 1",4,1,1,65536,9122,"fused_moe_kernel",256,0,0,80,0,48,"FETCH_SIZE",24707.500000,7888983890577,7888983900319
750,11385,"Agent 1",4,1,1,49152,9121,"fused_moe_kernel",256,0,0,80,0,48,"FETCH_SIZE",49195.500000,7888984306483,7888984323682
750,11387,"Agent 1",4,1,1,65536,9122,"fused_moe_kernel",256,0,0,80,0,48,"FETCH_SIZE",24707.000000,7888984415049,7888984424832
750,11402,"Agent 1",4,1,1,49152,9121,"fused_moe_kernel",256,0,0,80,0,48,"FETCH_SIZE",49196.812500,7888984821574,7888984839855
750,11404,"Agent 1",4,1,1,65536,9122,"fused_moe_kernel",256,0,0,80,0,48,"FETCH_SIZE",24707.000000,7888984939241,7888984949264
750,11419,"Agent 1",4,1,1,49152,9121,"fused_moe_kernel",256,0,0,80,0,48,"WRITE_SIZE",24.000000,7888985374030,7888985392752
750,11421,"Agent 1",4,1,1,65536,9122,"fused_moe_kernel",256,0,0,80,0,48,"WRITE_SIZE",32.000000,7888985473536,7888985483559
750,11436,"Agent 1",4,1,1,49152,9121,"fused_moe_kernel",256,0,0,80,0,48,"WRITE_SIZE",24.000000,7888985868995,7888985887397
750,11438,"Agent 1",4,1,1,65536,9122,"fused_moe_kernel",256,0,0,80,0,48,"WRITE_SIZE",32.000000,7888985966577,7888985976760
750,11453,"Agent 1",4,1,1,49152,9121,"fused_moe_kernel",256,0,0,80,0,48,"WRITE_SIZE",24.000000,7888986365123,7888986382924
750,11455,"Agent 1",4,1,1,65536,9122,"fused_moe_kernel",256,0,0,80,0,48,"WRITE_SIZE",32.000000,7888986468639,7888986479303
750,11470,"Agent 1",4,1,1,49152,9121,"fused_moe_kernel",256,0,0,80,0,48,"WRITE_SIZE",24.000000,7888986870031,7888986888193
750,11472,"Agent 1",4,1,1,65536,9122,"fused_moe_kernel",256,0,0,80,0,48,"WRITE_SIZE",32.000000,7888986973908,7888986984091
750,11487,"Agent 1",4,1,1,49152,9121,"fused_moe_kernel",256,0,0,80,0,48,"SQ_INSTS_VALU_MFMA_MOPS_BF16",1572864.000000,7888987371532,7888987390294
750,11489,"Agent 1",4,1,1,65536,9122,"fused_moe_kernel",256,0,0,80,0,48,"SQ_INSTS_VALU_MFMA_MOPS_BF16",786432.000000,7888987461376,7888987471359
750,11504,"Agent 1",4,1,1,49152,9121,"fused_moe_kernel",256,0,0,80,0,48,"SQ_INSTS_VALU_MFMA_MOPS_BF16",1572864.000000,7888987829894,7888987847494
750,11506,"Agent 1",4,1,1,65536,9122,"fused_moe_kernel",256,0,0,80,0,48,"SQ_INSTS_VALU_MFMA_MOPS_BF16",786432.000000,7888987912442,7888987923146
750,11521,"Agent 1",4,1,1,49152,9121,"fused_moe_kernel",256,0,0,80,0,48,"SQ_INSTS_VALU_MFMA_MOPS_BF16",1572864.000000,7888988293348,7888988311749
750,11523,"Agent 1",4,1,1,65536,9122,"fused_moe_kernel",256,0,0,80,0,48,"SQ_INSTS_VALU_MFMA_MOPS_BF16",786432.000000,7888988376617,7888988386399
750,11538,"Agent 1",4,1,1,49152,9121,"fused_moe_kernel",256,0,0,80,0,48,"SQ_INSTS_VALU_MFMA_MOPS_BF16",1572864.000000,7888988743611,7888988761292
750,11540,"Agent 1",4,1,1,65536,9122,"fused_moe_kernel",256,0,0,80,0,48,"SQ_INSTS_VALU_MFMA_MOPS_BF16",786432.000000,7888988826921,7888988837184
750,11555,"Agent 1",4,1,1,49152,9121,"fused_moe_kernel",256,0,0,80,0,48,"FETCH_SIZE",49194.500000,7888989222901,7888989241423
750,11557,"Agent 1",4,1,1,65536,9122,"fused_moe_kernel",256,0,0,80,0,48,"FETCH_SIZE",24707.000000,7888989344818,7888989354641
750,11572,"Agent 1",4,1,1,49152,9121,"fused_moe_kernel",256,0,0,80,0,48,"FETCH_SIZE",49195.000000,7888989769304,7888989787585
750,11574,"Agent 1",4,1,1,65536,9122,"fused_moe_kernel",256,0,0,80,0,48,"FETCH_SIZE",24707.000000,7888989880998,7888989891461
751,11589,"Agent 1",4,1,1,49152,9121,"fused_moe_kernel",256,0,0,80,0,48,"FETCH_SIZE",49195.500000,7888990299188,7888990317229
751,11591,"Agent 1",4,1,1,65536,9122,"fused_moe_kernel",256,0,0,80,0,48,"FETCH_SIZE",24707.000000,7888990415573,7888990425435
751,11606,"Agent 1",4,1,1,49152,9121,"fused_moe_kernel",256,0,0,80,0,48,"FETCH_SIZE",49196.000000,7888990814680,7888990832721
751,11608,"Agent 1",4,1,1,65536,9122,"fused_moe_kernel",256,0,0,80,0,48,"FETCH_SIZE",24707.000000,7888990923368,7888990933030
751,11623,"Agent 1",4,1,1,49152,9121,"fused_moe_kernel",256,0,0,80,0,48,"WRITE_SIZE",24.000000,7888991330052,7888991348494
751,11625,"Agent 1",4,1,1,65536,9122,"fused_moe_kernel",256,0,0,80,0,48,"WRITE_SIZE",32.000000,7888991434129,7888991444713
751,11640,"Agent 1",4,1,1,49152,9121,"fused_moe_kernel",256,0,0,80,0,48,"WRITE_SIZE",24.000000,7888991831152,7888991849072
751,11642,"Agent 1",4,1,1,65536,9122,"fused_moe_kernel",256,0,0,80,0,48,"WRITE_SIZE",32.000000,7888991933224,7888991943487
751,11657,"Agent 1",4,1,1,49152,9121,"fused_moe_kernel",256,0,0,80,0,48,"WRITE_SIZE",24.000000,7888992340991,7888992359553
751,11659,"Agent 1",4,1,1,65536,9122,"fused_moe_kernel",256,0,0,80,0,48,"WRITE_SIZE",32.000000,7888992443263,7888992453807
751,11674,"Agent 1",4,1,1,49152,9121,"fused_moe_kernel",256,0,0,80,0,48,"WRITE_SIZE",24.000000,7888992843373,7888992861494
751,11676,"Agent 1",4,1,1,65536,9122,"fused_moe_kernel",256,0,0,80,0,48,"WRITE_SIZE",32.000000,7888992944243,7888992954626
751,11691,"Agent 1",4,1,1,49152,9121,"fused_moe_kernel",256,0,0,80,0,48,"SQ_INSTS_VALU_MFMA_MOPS_BF16",1572864.000000,7888993348722,7888993366643
751,11693,"Agent 1",4,1,1,65536,9122,"fused_moe_kernel",256,0,0,80,0,48,"SQ_INSTS_VALU_MFMA_MOPS_BF16",786432.000000,7888993430909,7888993441493
751,11708,"Agent 1",4,1,1,49152,9121,"fused_moe_kernel",256,0,0,80,0,48,"SQ_INSTS_VALU_MFMA_MOPS_BF16",1572864.000000,7888993802394,7888993820635
751,11710,"Agent 1",4,1,1,65536,9122,"fused_moe_kernel",256,0,0,80,0,48,"SQ_INSTS_VALU_MFMA_MOPS_BF16",786432.000000,7888993883498,7888993894122
751,11725,"Agent 1",4,1,1,49152,9121,"fused_moe_kernel",256,0,0,80,0,48,"SQ_INSTS_VALU_MFMA_MOPS_BF16",1572864.000000,7888994266770,7888994285091
751,11727,"Agent 1",4,1,1,65536,9122,"fused_moe_kernel",256,0,0,80,0,48,"SQ_INSTS_VALU_MFMA_MOPS_BF16",786432.000000,7888994353567,7888994363750
751,11742,"Agent 1",4,1,1,49152,9121,"fused_moe_kernel",256,0,0,80,0,48,"SQ_INSTS_VALU_MFMA_MOPS_BF16",1572864.000000,7888994702039,7888994720281
751,11744,"Agent 1",4,1,1,65536,9122,"fused_moe_kernel",256,0,0,80,0,48,"SQ_INSTS_VALU_MFMA_MOPS_BF16",786432.000000,7888994784828,7888994794810
751,11759,"Agent 1",4,1,1,49152,9121,"fused_moe_kernel",256,0,0,80,0,48,"FETCH_SIZE",49196.562500,7888995153666,7888995172268
751,11761,"Agent 1",4,1,1,65536,9122,"fused_moe_kernel",256,0,0,80,0,48,"FETCH_SIZE",24707.000000,7888995267244,7888995277267
751,11776,"Agent 1",4,1,1,49152,9121,"fused_moe_kernel",256,0,0,80,0,48,"FETCH_SIZE",49193.750000,7888995658534,7888995676575
751,11778,"Agent 1",4,1,1,65536,9122,"fused_moe_kernel",256,0,0,80,0,48,"FETCH_SIZE",24707.000000,7888995772674,7888995782536
751,11793,"Agent 1",4,1,1,49152,9121,"fused_moe_kernel",256,0,0,80,0,48,"FETCH_SIZE",49195.750000,7888996171821,7888996190303
751,11795,"Agent 1",4,1,1,65536,9122,"fused_moe_kernel",256,0,0,80,0,48,"FETCH_SIZE",24707.000000,7888996281029,7888996290972
751,11810,"Agent 1",4,1,1,49152,9121,"fused_moe_kernel",256,0,0,80,0,48,"FETCH_SIZE",49195.125000,7888996681300,7888996698619
751,11812,"Agent 1",4,1,1,65536,9122,"fused_moe_kernel",256,0,0,80,0,48,"FETCH_SIZE",24707.000000,7888996791751,7888996801373
751,11827,"Agent 1",4,1,1,49152,9121,"fused_moe_kernel",256,0,0,80,0,48,"WRITE_SIZE",24.000000,7888997192141,7888997210342
751,11829,"Agent 1",4,1,1,65536,9122,"fused_moe_kernel",256,0,0,80,0,48,"WRITE_SIZE",32.000000,7888997292569,7888997302953
752,11844,"Agent 1",4,1,1,49152,9121,"fused_moe_kernel",256,0,0,80,0,48,"WRITE_SIZE",24.000000,7888997668504,7888997687307
752,11846,"Agent 1",4,1,1,65536,9122,"fused_moe_kernel",256,0,0,80,0,48,"WRITE_SIZE",32.000000,7888997766647,7888997777071
752,11861,"Agent 1",4,1,1,49152,9121,"fused_moe_kernel",256,0,0,80,0,48,"WRITE_SIZE",24.000000,7888998160864,7888998178865
752,11863,"Agent 1",4,1,1,65536,9122,"fused_moe_kernel",256,0,0,80,0,48,"WRITE_SIZE",32.000000,7888998254356,7888998263938
752,11878,"Agent 1",4,1,1,49152,9121,"fused_moe_kernel",256,0,0,80,0,48,"WRITE_SIZE",24.000000,7888998624358,7888998642599
752,11880,"Agent 1",4,1,1,65536,9122,"fused_moe_kernel",256,0,0,80,0,48,"WRITE_SIZE",32.000000,7888998723744,7888998733526
783,11925,"Agent 1",4,1,1,49152,9121,"fused_moe_kernel",256,0,0,80,0,48,"SQ_INSTS_VALU_MFMA_MOPS_BF16",1572864.000000,7889000042662,7889000061024
783,11927,"Agent 1",4,1,1,65536,9122,"fused_moe_kernel",256,0,0,80,0,48,"SQ_INSTS_VALU_MFMA_MOPS_BF16",786432.000000,7889000140565,7889000149986
783,11942,"Agent 1",4,1,1,49152,9121,"fused_moe_kernel",256,0,0,80,0,48,"SQ_INSTS_VALU_MFMA_MOPS_BF16",1572864.000000,7889000759572,7889000777613
783,11944,"Agent 1",4,1,1,65536,9122,"fused_moe_kernel",256,0,0,80,0,48,"SQ_INSTS_VALU_MFMA_MOPS_BF16",786432.000000,7889000847733,7889000857235
783,11959,"Agent 1",4,1,1,49152,9121,"fused_moe_kernel",256,0,0,80,0,48,"SQ_INSTS_VALU_MFMA_MOPS_BF16",1572864.000000,7889001347429,7889001365029
783,11961,"Agent 1",4,1,1,65536,9122,"fused_moe_kernel",256,0,0,80,0,48,"SQ_INSTS_VALU_MFMA_MOPS_BF16",786432.000000,7889001636727,7889001647511
783,11976,"Agent 1",4,1,1,49152,9121,"fused_moe_kernel",256,0,0,80,0,48,"SQ_INSTS_VALU_MFMA_MOPS_BF16",1572864.000000,7889010226418,7889010244779
783,11978,"Agent 1",4,1,1,65536,9122,"fused_moe_kernel",256,0,0,80,0,48,"SQ_INSTS_VALU_MFMA_MOPS_BF16",786432.000000,7889011507330,7889011517473
783,11993,"Agent 1",4,1,1,49152,9121,"fused_moe_kernel",256,0,0,80,0,48,"FETCH_SIZE",49196.500000,7889019976667,7889019994949
783,11995,"Agent 1",4,1,1,65536,9122,"fused_moe_kernel",256,0,0,80,0,48,"FETCH_SIZE",24707.000000,7889021669797,7889021679619
783,12010,"Agent 1",4,1,1,49152,9121,"fused_moe_kernel",256,0,0,80,0,48,"FETCH_SIZE",49196.187500,7889033465421,7889033483863
783,12012,"Agent 1",4,1,1,65536,9122,"fused_moe_kernel",256,0,0,80,0,48,"FETCH_SIZE",24707.500000,7889035097572,7889035107314
783,12027,"Agent 1",4,1,1,49152,9121,"fused_moe_kernel",256,0,0,80,0,48,"FETCH_SIZE",49196.000000,7889046713583,7889046732065
783,12029,"Agent 1",4,1,1,65536,9122,"fused_moe_kernel",256,0,0,80,0,48,"FETCH_SIZE",24707.000000,7889048878867,7889048888970
783,12044,"Agent 1",4,1,1,49152,9121,"fused_moe_kernel",256,0,0,80,0,48,"FETCH_SIZE",49194.750000,7889049520926,7889049538807
783,12046,"Agent 1",4,1,1,65536,9122,"fused_moe_kernel",256,0,0,80,0,48,"FETCH_SIZE",24707.500000,7889049662168,7889049672110
783,12061,"Agent 1",4,1,1,49152,9121,"fused_moe_kernel",256,0,0,80,0,48,"WRITE_SIZE",24.000000,7889050152482,7889050170604
783,12063,"Agent 1",4,1,1,65536,9122,"fused_moe_kernel",256,0,0,80,0,48,"WRITE_SIZE",32.000000,7889050261731,7889050271313
783,12078,"Agent 1",4,1,1,49152,9121,"fused_moe_kernel",256,0,0,80,0,48,"WRITE_SIZE",24.000000,7889050695277,7889050713558
783,12080,"Agent 1",4,1,1,65536,9122,"fused_moe_kernel",256,0,0,80,0,48,"WRITE_SIZE",32.000000,7889050802520,7889050812704
783,12095,"Agent 1",4,1,1,49152,9121,"fused_moe_kernel",256,0,0,80,0,48,"WRITE_SIZE",24.000000,7889051239915,7889051257395
783,12097,"Agent 1",4,1,1,65536,9122,"fused_moe_kernel",256,0,0,80,0,48,"WRITE_SIZE",32.000000,7889051347279,7889051357222
783,12112,"Agent 1",4,1,1,49152,9121,"fused_moe_kernel",256,0,0,80,0,48,"WRITE_SIZE",24.000000,7889051764147,7889051782028
783,12114,"Agent 1",4,1,1,65536,9122,"fused_moe_kernel",256,0,0,80,0,48,"WRITE_SIZE",32.000000,7889051870348,7889051879770
783,12129,"Agent 1",4,1,1,49152,9121,"fused_moe_kernel",256,0,0,80,0,48,"SQ_INSTS_VALU_MFMA_MOPS_BF16",1572864.000000,7889052308986,7889052327107
783,12131,"Agent 1",4,1,1,65536,9122,"fused_moe_kernel",256,0,0,80,0,48,"SQ_INSTS_VALU_MFMA_MOPS_BF16",786432.000000,7889052400674,7889052410056
783,12146,"Agent 1",4,1,1,49152,9121,"fused_moe_kernel",256,0,0,80,0,48,"SQ_INSTS_VALU_MFMA_MOPS_BF16",1572864.000000,7889052810927,7889052828968
783,12148,"Agent 1",4,1,1,65536,9122,"fused_moe_kernel",256,0,0,80,0,48,"SQ_INSTS_VALU_MFMA_MOPS_BF16",786432.000000,7889052898727,7889052908629
783,12163,"Agent 1",4,1,1,49152,9121,"fused_moe_kernel",256,0,0,80,0,48,"SQ_INSTS_VALU_MFMA_MOPS_BF16",1572864.000000,7889053321207,7889053339369
783,12165,"Agent 1",4,1,1,65536,9122,"fused_moe_kernel",256,0,0,80,0,48,"SQ_INSTS_VALU_MFMA_MOPS_BF16",786432.000000,7889053402713,7889053412174
784,12180,"Agent 1",4,1,1,49152,9121,"fused_moe_kernel",256,0,0,80,0,48,"SQ_INSTS_VALU_MFMA_MOPS_BF16",1572864.000000,7889053784060,7889053802301
784,12182,"Agent 1",4,1,1,65536,9122,"fused_moe_kernel",256,0,0,80,0,48,"SQ_INSTS_VALU_MFMA_MOPS_BF16",786432.000000,7889053874064,7889053884087
784,12197,"Agent 1",4,1,1,49152,9121,"fused_moe_kernel",256,0,0,80,0,48,"FETCH_SIZE",49195.312500,7889054259140,7889054277221
784,12199,"Agent 1",4,1,1,65536,9122,"fused_moe_kernel",256,0,0,80,0,48,"FETCH_SIZE",24707.500000,7889054371074,7889054380255
784,12214,"Agent 1",4,1,1,49152,9121,"fused_moe_kernel",256,0,0,80,0,48,"FETCH_SIZE",49195.250000,7889054781808,7889054799729
784,12216,"Agent 1",4,1,1,65536,9122,"fused_moe_kernel",256,0,0,80,0,48,"FETCH_SIZE",24707.000000,7889054900278,7889054909819
784,12231,"Agent 1",4,1,1,49152,9121,"fused_moe_kernel",256,0,0,80,0,48,"FETCH_SIZE",49195.500000,7889055325925,7889055344047
784,12233,"Agent 1",4,1,1,65536,9122,"fused_moe_kernel",256,0,0,80,0,48,"FETCH_SIZE",24707.500000,7889055446640,7889055457144
784,12248,"Agent 1",4,1,1,49152,9121,"fused_moe_kernel",256,0,0,80,0,48,"FETCH_SIZE",49196.000000,7889055868760,7889055887121
784,12250,"Agent 1",4,1,1,65536,9122,"fused_moe_kernel",256,0,0,80,0,48,"FETCH_SIZE",24707.000000,7889055978289,7889055988271
784,12265,"Agent 1",4,1,1,49152,9121,"fused_moe_kernel",256,0,0,80,0,48,"WRITE_SIZE",24.000000,7889056388181,7889056407104
784,12267,"Agent 1",4,1,1,65536,9122,"fused_moe_kernel",256,0,0,80,0,48,"WRITE_SIZE",32.000000,7889056492418,7889056501839
784,12282,"Agent 1",4,1,1,49152,9121,"fused_moe_kernel",256,0,0,80,0,48,"WRITE_SIZE",24.000000,7889056894452,7889056912934
784,12284,"Agent 1",4,1,1,65536,9122,"fused_moe_kernel",256,0,0,80,0,48,"WRITE_SIZE",32.000000,7889056993397,7889057002938
784,12299,"Agent 1",4,1,1,49152,9121,"fused_moe_kernel",256,0,0,80,0,48,"WRITE_SIZE",24.000000,7889057416038,7889057434079
784,12301,"Agent 1",4,1,1,65536,9122,"fused_moe_kernel",256,0,0,80,0,48,"WRITE_SIZE",32.000000,7889057518270,7889057528253
784,12316,"Agent 1",4,1,1,49152,9121,"fused_moe_kernel",256,0,0,80,0,48,"WRITE_SIZE",24.000000,7889057906192,7889057924594
784,12318,"Agent 1",4,1,1,65536,9122,"fused_moe_kernel",256,0,0,80,0,48,"WRITE_SIZE",32.000000,7889058011552,7889058020973
784,12333,"Agent 1",4,1,1,49152,9121,"fused_moe_kernel",256,0,0,80,0,48,"SQ_INSTS_VALU_MFMA_MOPS_BF16",1572864.000000,7889058424571,7889058441810
784,12335,"Agent 1",4,1,1,65536,9122,"fused_moe_kernel",256,0,0,80,0,48,"SQ_INSTS_VALU_MFMA_MOPS_BF16",786432.000000,7889058510887,7889058520429
784,12350,"Agent 1",4,1,1,49152,9121,"fused_moe_kernel",256,0,0,80,0,48,"SQ_INSTS_VALU_MFMA_MOPS_BF16",1572864.000000,7889058889749,7889058907429
784,12352,"Agent 1",4,1,1,65536,9122,"fused_moe_kernel",256,0,0,80,0,48,"SQ_INSTS_VALU_MFMA_MOPS_BF16",786432.000000,7889058971374,7889058980996
784,12367,"Agent 1",4,1,1,49152,9121,"fused_moe_kernel",256,0,0,80,0,48,"SQ_INSTS_VALU_MFMA_MOPS_BF16",1572864.000000,7889059377778,7889059396020
784,12369,"Agent 1",4,1,1,65536,9122,"fused_moe_kernel",256,0,0,80,0,48,"SQ_INSTS_VALU_MFMA_MOPS_BF16",786432.000000,7889059455715,7889059465899
784,12384,"Agent 1",4,1,1,49152,9121,"fused_moe_kernel",256,0,0,80,0,48,"SQ_INSTS_VALU_MFMA_MOPS_BF16",1572864.000000,7889059852858,7889059870579
784,12386,"Agent 1",4,1,1,65536,9122,"fused_moe_kernel",256,0,0,80,0,48,"SQ_INSTS_VALU_MFMA_MOPS_BF16",786432.000000,7889059936529,7889059945710
784,12401,"Agent 1",4,1,1,49152,9121,"fused_moe_kernel",256,0,0,80,0,48,"FETCH_SIZE",49194.750000,7889060328781,7889060346902
784,12403,"Agent 1",4,1,1,65536,9122,"fused_moe_kernel",256,0,0,80,0,48,"FETCH_SIZE",24707.000000,7889060446248,7889060455950
784,12418,"Agent 1",4,1,1,49152,9121,"fused_moe_kernel",256,0,0,80,0,48,"FETCH_SIZE",49195.000000,7889060865361,7889060882961
784,12420,"Agent 1",4,1,1,65536,9122,"fused_moe_kernel",256,0,0,80,0,48,"FETCH_SIZE",24707.000000,7889060976293,7889060986316
785,12435,"Agent 1",4,1,1,49152,9121,"fused_moe_kernel",256,0,0,80,0,48,"FETCH_SIZE",49194.750000,7889061399655,7889061417817
785,12437,"Agent 1",4,1,1,65536,9122,"fused_moe_kernel",256,0,0,80,0,48,"FETCH_SIZE",24707.000000,7889061510387,7889061520410
785,12452,"Agent 1",4,1,1,49152,9121,"fused_moe_kernel",256,0,0,80,0,48,"FETCH_SIZE",49196.000000,7889061913945,7889061931505
785,12454,"Agent 1",4,1,1,65536,9122,"fused_moe_kernel",256,0,0,80,0,48,"FETCH_SIZE",24707.000000,7889062033336,7889062043319
785,12469,"Agent 1",4,1,1,49152,9121,"fused_moe_kernel",256,0,0,80,0,48,"WRITE_SIZE",24.000000,7889062451808,7889062470049
785,12471,"Agent 1",4,1,1,65536,9122,"fused_moe_kernel",256,0,0,80,0,48,"WRITE_SIZE",32.000000,7889062558170,7889062568313
785,12486,"Agent 1",4,1,1,49152,9121,"fused_moe_kernel",256,0,0,80,0,48,"WRITE_SIZE",24.000000,7889062949058,7889062966698
785,12488,"Agent 1",4,1,1,65536,9122,"fused_moe_kernel",256,0,0,80,0,48,"WRITE_SIZE",32.000000,7889063051932,7889063061955
785,12503,"Agent 1",4,1,1,49152,9121,"fused_moe_kernel",256,0,0,80,0,48,"WRITE_SIZE",24.000000,7889063460421,7889063478542
785,12505,"Agent 1",4,1,1,65536,9122,"fused_moe_kernel",256,0,0,80,0,48,"WRITE_SIZE",32.000000,7889063559446,7889063569429
785,12520,"Agent 1",4,1,1,49152,9121,"fused_moe_kernel",256,0,0,80,0,48,"WRITE_SIZE",24.000000,7889063944361,7889063962843
785,12522,"Agent 1",4,1,1,65536,9122,"fused_moe_kernel",256,0,0,80,0,48,"WRITE_SIZE",32.000000,7889064053008,7889064062470
785,12537,"Agent 1",4,1,1,49152,9121,"fused_moe_kernel",256,0,0,80,0,48,"SQ_INSTS_VALU_MFMA_MOPS_BF16",1572864.000000,7889064449831,7889064467711
785,12539,"Agent 1",4,1,1,65536,9122,"fused_moe_kernel",256,0,0,80,0,48,"SQ_INSTS_VALU_MFMA_MOPS_BF16",786432.000000,7889064536027,7889064546009
785,12554,"Agent 1",4,1,1,49152,9121,"fused_moe_kernel",256,0,0,80,0,48,"SQ_INSTS_VALU_MFMA_MOPS_BF16",1572864.000000,7889064917093,7889064936096
785,12556,"Agent 1",4,1,1,65536,9122,"fused_moe_kernel",256,0,0,80,0,48,"SQ_INSTS_VALU_MFMA_MOPS_BF16",786432.000000,7889064997556,7889065007539
785,12571,"Agent 1",4,1,1,49152,9121,"fused_moe_kernel",256,0,0,80,0,48,"SQ_INSTS_VALU_MFMA_MOPS_BF16",1572864.000000,7889065384436,7889065402156
785,12573,"Agent 1",4,1,1,65536,9122,"fused_moe_kernel",256,0,0,80,0,48,"SQ_INSTS_VALU_MFMA_MOPS_BF16",786432.000000,7889065466943,7889065476645
785,12588,"Agent 1",4,1,1,49152,9121,"fused_moe_kernel",256,0,0,80,0,48,"SQ_INSTS_VALU_MFMA_MOPS_BF16",1572864.000000,7889065847248,7889065866211
785,12590,"Agent 1",4,1,1,65536,9122,"fused_moe_kernel",256,0,0,80,0,48,"SQ_INSTS_VALU_MFMA_MOPS_BF16",786432.000000,7889065930798,7889065940059
785,12605,"Agent 1",4,1,1,49152,9121,"fused_moe_kernel",256,0,0,80,0,48,"FETCH_SIZE",49196.250000,7889066317998,7889066335879
785,12607,"Agent 1",4,1,1,65536,9122,"fused_moe_kernel",256,0,0,80,0,48,"FETCH_SIZE",24707.000000,7889066429532,7889066439234
785,12622,"Agent 1",4,1,1,49152,9121,"fused_moe_kernel",256,0,0,80,0,48,"FETCH_SIZE",49193.250000,7889066829602,7889066847683
785,12624,"Agent 1",4,1,1,65536,9122,"fused_moe_kernel",256,0,0,80,0,48,"FETCH_SIZE",24707.000000,7889066943140,7889066952722
785,12639,"Agent 1",4,1,1,49152,9121,"fused_moe_kernel",256,0,0,80,0,48,"FETCH_SIZE",49195.500000,7889067357963,7889067376044
785,12641,"Agent 1",4,1,1,65536,9122,"fused_moe_kernel",256,0,0,80,0,48,"FETCH_SIZE",24707.000000,7889067474428,7889067485292
785,12656,"Agent 1",4,1,1,49152,9121,"fused_moe_kernel",256,0,0,80,0,48,"FETCH_SIZE",49194.750000,7889067863713,7889067881513
785,12658,"Agent 1",4,1,1,65536,9122,"fused_moe_kernel",256,0,0,80,0,48,"FETCH_SIZE",24707.000000,7889067971799,7889067981541
785,12673,"Agent 1",4,1,1,49152,9121,"fused_moe_kernel",256,0,0,80,0,48,"WRITE_SIZE",24.000000,7889068373111,7889068390751
785,12675,"Agent 1",4,1,1,65536,9122,"fused_moe_kernel",256,0,0,80,0,48,"WRITE_SIZE",32.000000,7889068476025,7889068485727
786,12690,"Agent 1",4,1,1,49152,9121,"fused_moe_kernel",256,0,0,80,0,48,"WRITE_SIZE",24.000000,7889068850356,7889068868838
786,12692,"Agent 1",4,1,1,65536,9122,"fused_moe_kernel",256,0,0,80,0,48,"WRITE_SIZE",32.000000,7889068950344,7889068960326
786,12707,"Agent 1",4,1,1,49152,9121,"fused_moe_kernel",256,0,0,80,0,48,"WRITE_SIZE",24.000000,7889069340070,7889069358391
786,12709,"Agent 1",4,1,1,65536,9122,"fused_moe_kernel",256,0,0,80,0,48,"WRITE_SIZE",32.000000,7889069441420,7889069451603
786,12724,"Agent 1",4,1,1,49152,9121,"fused_moe_kernel",256,0,0,80,0,48,"WRITE_SIZE",24.000000,7889069833712,7889069852555
786,12726,"Agent 1",4,1,1,65536,9122,"fused_moe_kernel",256,0,0,80,0,48,"WRITE_SIZE",32.000000,7889069936145,7889069945727
817,12771,"Agent 1",4,1,1,49152,9121,"fused_moe_kernel",256,0,0,80,0,48,"SQ_INSTS_VALU_MFMA_MOPS_BF16",1572864.000000,7889071314760,7889071333161
817,12773,"Agent 1",4,1,1,65536,9122,"fused_moe_kernel",256,0,0,80,0,48,"SQ_INSTS_VALU_MFMA_MOPS_BF16",786432.000000,7889071433149,7889071442851
817,12788,"Agent 1",4,1,1,49152,9121,"fused_moe_kernel",256,0,0,80,0,48,"SQ_INSTS_VALU_MFMA_MOPS_BF16",1572864.000000,7889072042494,7889072060656
817,12790,"Agent 1",4,1,1,65536,9122,"fused_moe_kernel",256,0,0,80,0,48,"SQ_INSTS_VALU_MFMA_MOPS_BF16",786432.000000,7889072127407,7889072137751
817,12805,"Agent 1",4,1,1,49152,9121,"fused_moe_kernel",256,0,0,80,0,48,"SQ_INSTS_VALU_MFMA_MOPS_BF16",1572864.000000,7889072823871,7889072841712
817,12807,"Agent 1",4,1,1,65536,9122,"fused_moe_kernel",256,0,0,80,0,48,"SQ_INSTS_VALU_MFMA_MOPS_BF16",786432.000000,7889073175069,7889073185774
817,12822,"Agent 1",4,1,1,49152,9121,"fused_moe_kernel",256,0,0,80,0,48,"SQ_INSTS_VALU_MFMA_MOPS_BF16",1572864.000000,7889083572711,7889083590952
817,12824,"Agent 1",4,1,1,65536,9122,"fused_moe_kernel",256,0,0,80,0,48,"SQ_INSTS_VALU_MFMA_MOPS_BF16",786432.000000,7889084563885,7889084573787
817,12839,"Agent 1",4,1,1,49152,9121,"fused_moe_kernel",256,0,0,80,0,48,"FETCH_SIZE",49196.000000,7889097779445,7889097797286
817,12841,"Agent 1",4,1,1,65536,9122,"fused_moe_kernel",256,0,0,80,0,48,"FETCH_SIZE",24707.000000,7889098868241,7889098878504
817,12856,"Agent 1",4,1,1,49152,9121,"fused_moe_kernel",256,0,0,80,0,48,"FETCH_SIZE",49195.125000,7889111815479,7889111833681
817,12858,"Agent 1",4,1,1,65536,9122,"fused_moe_kernel",256,0,0,80,0,48,"FETCH_SIZE",24707.000000,7889113636059,7889113645601
817,12873,"Agent 1",4,1,1,49152,9121,"fused_moe_kernel",256,0,0,80,0,48,"FETCH_SIZE",49195.750000,7889122307295,7889122325256
817,12875,"Agent 1",4,1,1,65536,9122,"fused_moe_kernel",256,0,0,80,0,48,"FETCH_SIZE",24707.000000,7889123378170,7889123387832
817,12890,"Agent 1",4,1,1,49152,9121,"fused_moe_kernel",256,0,0,80,0,48,"FETCH_SIZE",49194.000000,7889123967430,7889123985671
817,12892,"Agent 1",4,1,1,65536,9122,"fused_moe_kernel",256,0,0,80,0,48,"FETCH_SIZE",24707.500000,7889124082170,7889124091752
817,12907,"Agent 1",4,1,1,49152,9121,"fused_moe_kernel",256,0,0,80,0,48,"WRITE_SIZE",24.000000,7889124510985,7889124529026
817,12909,"Agent 1",4,1,1,65536,9122,"fused_moe_kernel",256,0,0,80,0,48,"WRITE_SIZE",32.000000,7889124617267,7889124626969
817,12924,"Agent 1",4,1,1,49152,9121,"fused_moe_kernel",256,0,0,80,0,48,"WRITE_SIZE",24.000000,7889125017016,7889125035378
817,12926,"Agent 1",4,1,1,65536,9122,"fused_moe_kernel",256,0,0,80,0,48,"WRITE_SIZE",32.000000,7889125118487,7889125128670
817,12941,"Agent 1",4,1,1,49152,9121,"fused_moe_kernel",256,0,0,80,0,48,"WRITE_SIZE",24.000000,7889125531706,7889125549827
817,12943,"Agent 1",4,1,1,65536,9122,"fused_moe_kernel",256,0,0,80,0,48,"WRITE_SIZE",32.000000,7889125637266,7889125647008
817,12958,"Agent 1",4,1,1,49152,9121,"fused_moe_kernel",256,0,0,80,0,48,"WRITE_SIZE",24.000000,7889126041345,7889126059386
817,12960,"Agent 1",4,1,1,65536,9122,"fused_moe_kernel",256,0,0,80,0,48,"WRITE_SIZE",32.000000,7889126146143,7889126155805
817,12975,"Agent 1",4,1,1,49152,9121,"fused_moe_kernel",256,0,0,80,0,48,"SQ_INSTS_VALU_MFMA_MOPS_BF16",1572864.000000,7889126545692,7889126564054
817,12977,"Agent 1",4,1,1,65536,9122,"fused_moe_kernel",256,0,0,80,0,48,"SQ_INSTS_VALU_MFMA_MOPS_BF16",786432.000000,7889126631928,7889126642432
817,12992,"Agent 1",4,1,1,49152,9121,"fused_moe_kernel",256,0,0,80,0,48,"SQ_INSTS_VALU_MFMA_MOPS_BF16",1572864.000000,7889127012032,7889127030274
817,12994,"Agent 1",4,1,1,65536,9122,"fused_moe_kernel",256,0,0,80,0,48,"SQ_INSTS_VALU_MFMA_MOPS_BF16",786432.000000,7889127092896,7889127102558
817,13009,"Agent 1",4,1,1,49152,9121,"fused_moe_kernel",256,0,0,80,0,48,"SQ_INSTS_VALU_MFMA_MOPS_BF16",1572864.000000,7889127474203,7889127492324
817,13011,"Agent 1",4,1,1,65536,9122,"fused_moe_kernel",256,0,0,80,0,48,"SQ_INSTS_VALU_MFMA_MOPS_BF16",786432.000000,7889127560359,7889127570422
818,13026,"Agent 1",4,1,1,49152,9121,"fused_moe_kernel",256,0,0,80,0,48,"SQ_INSTS_VALU_MFMA_MOPS_BF16",1572864.000000,7889127936895,7889127954976
818,13028,"Agent 1",4,1,1,65536,9122,"fused_moe_kernel",256,0,0,80,0,48,"SQ_INSTS_VALU_MFMA_MOPS_BF16",786432.000000,7889128027341,7889128037564
818,13043,"Agent 1",4,1,1,49152,9121,"fused_moe_kernel",256,0,0,80,0,48,"FETCH_SIZE",49194.500000,7889128419593,7889128437353
818,13045,"Agent 1",4,1,1,65536,9122,"fused_moe_kernel",256,0,0,80,0,48,"FETCH_SIZE",24707.000000,7889128532249,7889128542031
818,13060,"Agent 1",4,1,1,49152,9121,"fused_moe_kernel",256,0,0,80,0,48,"FETCH_SIZE",49196.250000,7889128936889,7889128955291
818,13062,"Agent 1",4,1,1,65536,9122,"fused_moe_kernel",256,0,0,80,0,48,"FETCH_SIZE",24707.500000,7889129055719,7889129065221
818,13077,"Agent 1",4,1,1,49152,9121,"fused_moe_kernel",256,0,0,80,0,48,"FETCH_SIZE",49196.062500,7889129481888,7889129499608
818,13079,"Agent 1",4,1,1,65536,9122,"fused_moe_kernel",256,0,0,80,0,48,"FETCH_SIZE",24707.000000,7889129597751,7889129607774
818,13094,"Agent 1",4,1,1,49152,9121,"fused_moe_kernel",256,0,0,80,0,48,"FETCH_SIZE",49198.500000,7889130006080,7889130024522
818,13096,"Agent 1",4,1,1,65536,9122,"fused_moe_kernel",256,0,0,80,0,48,"FETCH_SIZE",24708.000000,7889130126313,7889130136055
818,13111,"Agent 1",4,1,1,49152,9121,"fused_moe_kernel",256,0,0,80,0,48,"WRITE_SIZE",24.000000,7889130538210,7889130556571
818,13113,"Agent 1",4,1,1,65536,9122,"fused_moe_kernel",256,0,0,80,0,48,"WRITE_SIZE",32.000000,7889130640442,7889130650505
818,13128,"Agent 1",4,1,1,49152,9121,"fused_moe_kernel",256,0,0,80,0,48,"WRITE_SIZE",24.000000,7889131044641,7889131062883
818,13130,"Agent 1",4,1,1,65536,9122,"fused_moe_kernel",256,0,0,80,0,48,"WRITE_SIZE",32.000000,7889131149199,7889131158861
818,13145,"Agent 1",4,1,1,49152,9121,"fused_moe_kernel",256,0,0,80,0,48,"WRITE_SIZE",24.000000,7889131550912,7889131569114
818,13147,"Agent 1",4,1,1,65536,9122,"fused_moe_kernel",256,0,0,80,0,48,"WRITE_SIZE",32.000000,7889131655871,7889131666054
818,13162,"Agent 1",4,1,1,49152,9121,"fused_moe_kernel",256,0,0,80,0,48,"WRITE_SIZE",24.000000,7889132052413,7889132070895
818,13164,"Agent 1",4,1,1,65536,9122,"fused_moe_kernel",256,0,0,80,0,48,"WRITE_SIZE",32.000000,7889132158013,7889132167755
818,13179,"Agent 1",4,1,1,49152,9121,"fused_moe_kernel",256,0,0,80,0,48,"SQ_INSTS_VALU_MFMA_MOPS_BF16",1572864.000000,7889132563174,7889132581215
818,13181,"Agent 1",4,1,1,65536,9122,"fused_moe_kernel",256,0,0,80,0,48,"SQ_INSTS_VALU_MFMA_MOPS_BF16",786432.000000,7889132648167,7889132657107
818,13196,"Agent 1",4,1,1,49152,9121,"fused_moe_kernel",256,0,0,80,0,48,"SQ_INSTS_VALU_MFMA_MOPS_BF16",1572864.000000,7889133032962,7889133051003
818,13198,"Agent 1",4,1,1,65536,9122,"fused_moe_kernel",256,0,0,80,0,48,"SQ_INSTS_VALU_MFMA_MOPS_BF16",786432.000000,7889133114708,7889133124651
818,13213,"Agent 1",4,1,1,49152,9121,"fused_moe_kernel",256,0,0,80,0,48,"SQ_INSTS_VALU_MFMA_MOPS_BF16",1572864.000000,7889133507641,7889133525402
818,13215,"Agent 1",4,1,1,65536,9122,"fused_moe_kernel",256,0,0,80,0,48,"SQ_INSTS_VALU_MFMA_MOPS_BF16",786432.000000,7889133593477,7889133603098
818,13230,"Agent 1",4,1,1,49152,9121,"fused_moe_kernel",256,0,0,80,0,48,"SQ_INSTS_VALU_MFMA_MOPS_BF16",1572864.000000,7889133961874,7889133980116
818,13232,"Agent 1",4,1,1,65536,9122,"fused_moe_kernel",256,0,0,80,0,48,"SQ_INSTS_VALU_MFMA_MOPS_BF16",786432.000000,7889134043780,7889134053763
818,13247,"Agent 1",4,1,1,49152,9121,"fused_moe_kernel",256,0,0,80,0,48,"FETCH_SIZE",49195.000000,7889134416949,7889134435110
818,13249,"Agent 1",4,1,1,65536,9122,"fused_moe_kernel",256,0,0,80,0,48,"FETCH_SIZE",24707.000000,7889134531489,7889134541031
818,13264,"Agent 1",4,1,1,49152,9121,"fused_moe_kernel",256,0,0,80,0,48,"FETCH_SIZE",49196.187500,7889134930196,7889134948477
818,13266,"Agent 1",4,1,1,65536,9122,"fused_moe_kernel",256,0,0,80,0,48,"FETCH_SIZE",24707.000000,7889135046099,7889135055601
819,13281,"Agent 1",4,1,1,49152,9121,"fused_moe_kernel",256,0,0,80,0,48,"FETCH_SIZE",49195.125000,7889135454668,7889135472389
819,13283,"Agent 1",4,1,1,65536,9122,"fused_moe_kernel",256,0,0,80,0,48,"FETCH_SIZE",24707.500000,7889135569930,7889135579512
819,13298,"Agent 1",4,1,1,49152,9121,"fused_moe_kernel",256,0,0,80,0,48,"FETCH_SIZE",49197.000000,7889135976615,7889135994776
819,13300,"Agent 1",4,1,1,65536,9122,"fused_moe_kernel",256,0,0,80,0,48,"FETCH_SIZE",24707.000000,7889136091717,7889136101138
819,13315,"Agent 1",4,1,1,49152,9121,"fused_moe_kernel",256,0,0,80,0,48,"WRITE_SIZE",24.000000,7889136496196,7889136514719
819,13317,"Agent 1",4,1,1,65536,9122,"fused_moe_kernel",256,0,0,80,0,48,"WRITE_SIZE",32.000000,7889136604122,7889136614265
819,13332,"Agent 1",4,1,1,49152,9121,"fused_moe_kernel",256,0,0,80,0,48,"WRITE_SIZE",24.000000,7889136991683,7889137009604
819,13334,"Agent 1",4,1,1,65536,9122,"fused_moe_kernel",256,0,0,80,0,48,"WRITE_SIZE",32.000000,7889137089826,7889137100049
819,13349,"Agent 1",4,1,1,49152,9121,"fused_moe_kernel",256,0,0,80,0,48,"WRITE_SIZE",24.000000,7889137483561,7889137501723
819,13351,"Agent 1",4,1,1,65536,9122,"fused_moe_kernel",256,0,0,80,0,48,"WRITE_SIZE",32.000000,7889137587277,7889137596939
819,13366,"Agent 1",4,1,1,49152,9121,"fused_moe_kernel",256,0,0,80,0,48,"WRITE_SIZE",24.000000,7889137973876,7889137991516
819,13368,"Agent 1",4,1,1,65536,9122,"fused_moe_kernel",256,0,0,80,0,48,"WRITE_SIZE",32.000000,7889138075908,7889138085610
819,13383,"Agent 1",4,1,1,49152,9121,"fused_moe_kernel",256,0,0,80,0,48,"SQ_INSTS_VALU_MFMA_MOPS_BF16",1572864.000000,7889138470165,7889138488206
819,13385,"Agent 1",4,1,1,65536,9122,"fused_moe_kernel",256,0,0,80,0,48,"SQ_INSTS_VALU_MFMA_MOPS_BF16",786432.000000,7889138554877,7889138564740
819,13400,"Agent 1",4,1,1,49152,9121,"fused_moe_kernel",256,0,0,80,0,48,"SQ_INSTS_VALU_MFMA_MOPS_BF16",1572864.000000,7889138924037,7889138941877
819,13402,"Agent 1",4,1,1,65536,9122,"fused_moe_kernel",256,0,0,80,0,48,"SQ_INSTS_VALU_MFMA_MOPS_BF16",786432.000000,7889139003698,7889139013721
819,13417,"Agent 1",4,1,1,49152,9121,"fused_moe_kernel",256,0,0,80,0,48,"SQ_INSTS_VALU_MFMA_MOPS_BF16",1572864.000000,7889139377147,7889139395228
819,13419,"Agent 1",4,1,1,65536,9122,"fused_moe_kernel",256,0,0,80,0,48,"SQ_INSTS_VALU_MFMA_MOPS_BF16",786432.000000,7889139460416,7889139470680
819,13434,"Agent 1",4,1,1,49152,9121,"fused_moe_kernel",256,0,0,80,0,48,"SQ_INSTS_VALU_MFMA_MOPS_BF16",1572864.000000,7889139825166,7889139843086
819,13436,"Agent 1",4,1,1,65536,9122,"fused_moe_kernel",256,0,0,80,0,48,"SQ_INSTS_VALU_MFMA_MOPS_BF16",786432.000000,7889139904506,7889139914529
819,13451,"Agent 1",4,1,1,49152,9121,"fused_moe_kernel",256,0,0,80,0,48,"FETCH_SIZE",49194.750000,7889140262921,7889140280721
819,13453,"Agent 1",4,1,1,65536,9122,"fused_moe_kernel",256,0,0,80,0,48,"FETCH_SIZE",24707.000000,7889140383235,7889140393177
819,13468,"Agent 1",4,1,1,49152,9121,"fused_moe_kernel",256,0,0,80,0,48,"FETCH_SIZE",49194.000000,7889140784627,7889140803270
819,13470,"Agent 1",4,1,1,65536,9122,"fused_moe_kernel",256,0,0,80,0,48,"FETCH_SIZE",24707.500000,7889140894317,7889140903698
819,13485,"Agent 1",4,1,1,49152,9121,"fused_moe_kernel",256,0,0,80,0,48,"FETCH_SIZE",49196.250000,7889141298476,7889141316637
819,13487,"Agent 1",4,1,1,65536,9122,"fused_moe_kernel",256,0,0,80,0,48,"FETCH_SIZE",24707.000000,7889141416985,7889141426727
819,13502,"Agent 1",4,1,1,49152,9121,"fused_moe_kernel",256,0,0,80,0,48,"FETCH_SIZE",49194.625000,7889141804867,7889141822266
819,13504,"Agent 1",4,1,1,65536,9122,"fused_moe_kernel",256,0,0,80,0,48,"FETCH_SIZE",24707.500000,7889141913073,7889141922975
819,13519,"Agent 1",4,1,1,49152,9121,"fused_moe_kernel",256,0,0,80,0,48,"WRITE_SIZE",24.000000,7889142300233,7889142317954
819,13521,"Agent 1",4,1,1,65536,9122,"fused_moe_kernel",256,0,0,80,0,48,"WRITE_SIZE",32.000000,7889142408760,7889142418783
820,13536,"Agent 1",4,1,1,49152,9121,"fused_moe_kernel",256,0,0,80,0,48,"WRITE_SIZE",24.000000,7889142791911,7889142810193
820,13538,"Agent 1",4,1,1,65536,9122,"fused_moe_kernel",256,0,0,80,0,48,"WRITE_SIZE",32.000000,7889142895386,7889142905129
820,13553,"Agent 1",4,1,1,49152,9121,"fused_moe_kernel",256,0,0,80,0,48,"WRITE_SIZE",24.000000,7889143270038,7889143287999
820,13555,"Agent 1",4,1,1,65536,9122,"fused_moe_kernel",256,0,0,80,0,48,"WRITE_SIZE",32.000000,7889143372431,7889143382173
820,13570,"Agent 1",4,1,1,49152,9121,"fused_moe_kernel",256,0,0,80,0,48,"WRITE_SIZE",24.000000,7889143747644,7889143765485
820,13572,"Agent 1",4,1,1,65536,9122,"fused_moe_kernel",256,0,0,80,0,48,"WRITE_SIZE",32.000000,7889143847792,7889143857294
851,13617,"Agent 1",4,1,1,49152,9121,"fused_moe_kernel",256,0,0,80,0,48,"SQ_INSTS_VALU_MFMA_MOPS_BF16",1572864.000000,7889145128063,7889145146104
851,13619,"Agent 1",4,1,1,65536,9122,"fused_moe_kernel",256,0,0,80,0,48,"SQ_INSTS_VALU_MFMA_MOPS_BF16",786432.000000,7889145224001,7889145234425
851,13634,"Agent 1",4,1,1,49152,9121,"fused_moe_kernel",256,0,0,80,0,48,"SQ_INSTS_VALU_MFMA_MOPS_BF16",1572864.000000,7889145902905,7889145920545
851,13636,"Agent 1",4,1,1,65536,9122,"fused_moe_kernel",256,0,0,80,0,48,"SQ_INSTS_VALU_MFMA_MOPS_BF16",786432.000000,7889145998522,7889146008264
851,13651,"Agent 1",4,1,1,49152,9121,"fused_moe_kernel",256,0,0,80,0,48,"SQ_INSTS_VALU_MFMA_MOPS_BF16",1572864.000000,7889146972216,7889146990498
851,13653,"Agent 1",4,1,1,65536,9122,"fused_moe_kernel",256,0,0,80,0,48,"SQ_INSTS_VALU_MFMA_MOPS_BF16",786432.000000,7889150011567,7889150020868
851,13668,"Agent 1",4,1,1,49152,9121,"fused_moe_kernel",256,0,0,80,0,48,"SQ_INSTS_VALU_MFMA_MOPS_BF16",1572864.000000,7889156836042,7889156853882
851,13670,"Agent 1",4,1,1,65536,9122,"fused_moe_kernel",256,0,0,80,0,48,"SQ_INSTS_VALU_MFMA_MOPS_BF16",786432.000000,7889158414430,7889158424614
851,13685,"Agent 1",4,1,1,49152,9121,"fused_moe_kernel",256,0,0,80,0,48,"FETCH_SIZE",49197.000000,7889165128817,7889165147139
851,13687,"Agent 1",4,1,1,65536,9122,"fused_moe_kernel",256,0,0,80,0,48,"FETCH_SIZE",24707.000000,7889166884690,7889166894351
851,13702,"Agent 1",4,1,1,49152,9121,"fused_moe_kernel",256,0,0,80,0,48,"FETCH_SIZE",49195.750000,7889178698751,7889178717153
851,13704,"Agent 1",4,1,1,65536,9122,"fused_moe_kernel",256,0,0,80,0,48,"FETCH_SIZE",24707.000000,7889180384424,7889180393886
851,13719,"Agent 1",4,1,1,49152,9121,"fused_moe_kernel",256,0,0,80,0,48,"FETCH_SIZE",49198.000000,7889190560081,7889190578282
851,13721,"Agent 1",4,1,1,65536,9122,"fused_moe_kernel",256,0,0,80,0,48,"FETCH_SIZE",24707.562500,7889191611993,7889191620973
851,13736,"Agent 1",4,1,1,49152,9121,"fused_moe_kernel",256,0,0,80,0,48,"FETCH_SIZE",49193.750000,7889194227459,7889194245661
851,13738,"Agent 1",4,1,1,65536,9122,"fused_moe_kernel",256,0,0,80,0,48,"FETCH_SIZE",24707.000000,7889194390430,7889194399972
851,13753,"Agent 1",4,1,1,49152,9121,"fused_moe_kernel",256,0,0,80,0,48,"WRITE_SIZE",24.000000,7889194908047,7889194925527
851,13755,"Agent 1",4,1,1,65536,9122,"fused_moe_kernel",256,0,0,80,0,48,"WRITE_SIZE",32.000000,7889195010360,7889195020823
851,13770,"Agent 1",4,1,1,49152,9121,"fused_moe_kernel",256,0,0,80,0,48,"WRITE_SIZE",24.000000,7889195410469,7889195428510
851,13772,"Agent 1",4,1,1,65536,9122,"fused_moe_kernel",256,0,0,80,0,48,"WRITE_SIZE",32.000000,7889195520239,7889195529861
851,13787,"Agent 1",4,1,1,49152,9121,"fused_moe_kernel",256,0,0,80,0,48,"WRITE_SIZE",24.000000,7889195931815,7889195949375
851,13789,"Agent 1",4,1,1,65536,9122,"fused_moe_kernel",256,0,0,80,0,48,"WRITE_SIZE",32.000000,7889196038056,7889196047598
851,13804,"Agent 1",4,1,1,49152,9121,"fused_moe_kernel",256,0,0,80,0,48,"WRITE_SIZE",24.000000,7889196429987,7889196448109
851,13806,"Agent 1",4,1,1,65536,9122,"fused_moe_kernel",256,0,0,80,0,48,"WRITE_SIZE",32.000000,7889196533623,7889196543686
851,13821,"Agent 1",4,1,1,49152,9121,"fused_moe_kernel",256,0,0,80,0,48,"SQ_INSTS_VALU_MFMA_MOPS_BF16",1572864.000000,7889196933171,7889196951293
851,13823,"Agent 1",4,1,1,65536,9122,"fused_moe_kernel",256,0,0,80,0,48,"SQ_INSTS_VALU_MFMA_MOPS_BF16",786432.000000,7889197018846,7889197028588
851,13838,"Agent 1",4,1,1,49152,9121,"fused_moe_kernel",256,0,0,80,0,48,"SQ_INSTS_VALU_MFMA_MOPS_BF16",1572864.000000,7889197394140,7889197412020
851,13840,"Agent 1",4,1,1,65536,9122,"fused_moe_kernel",256,0,0,80,0,48,"SQ_INSTS_VALU_MFMA_MOPS_BF16",786432.000000,7889197476607,7889197486790
851,13855,"Agent 1",4,1,1,49152,9121,"fused_moe_kernel",256,0,0,80,0,48,"SQ_INSTS_VALU_MFMA_MOPS_BF16",1572864.000000,7889197860119,7889197878280
851,13857,"Agent 1",4,1,1,65536,9122,"fused_moe_kernel",256,0,0,80,0,48,"SQ_INSTS_VALU_MFMA_MOPS_BF16",786432.000000,7889197944832,7889197954414
852,13872,"Agent 1",4,1,1,49152,9121,"fused_moe_kernel",256,0,0,80,0,48,"SQ_INSTS_VALU_MFMA_MOPS_BF16",1572864.000000,7889198313510,7889198331070
852,13874,"Agent 1",4,1,1,65536,9122,"fused_moe_kernel",256,0,0,80,0,48,"SQ_INSTS_VALU_MFMA_MOPS_BF16",786432.000000,7889198393973,7889198404076
852,13889,"Agent 1",4,1,1,49152,9121,"fused_moe_kernel",256,0,0,80,0,48,"FETCH_SIZE",49195.000000,7889198775160,7889198792158
852,13891,"Agent 1",4,1,1,65536,9122,"fused_moe_kernel",256,0,0,80,0,48,"FETCH_SIZE",24707.562500,7889198890422,7889198900244
852,13906,"Agent 1",4,1,1,49152,9121,"fused_moe_kernel",256,0,0,80,0,48,"FETCH_SIZE",49196.750000,7889199307690,7889199325451
852,13908,"Agent 1",4,1,1,65536,9122,"fused_moe_kernel",256,0,0,80,0,48,"FETCH_SIZE",24707.000000,7889199423714,7889199433978
852,13923,"Agent 1",4,1,1,49152,9121,"fused_moe_kernel",256,0,0,80,0,48,"FETCH_SIZE",49195.812500,7889199822581,7889199840462
852,13925,"Agent 1",4,1,1,65536,9122,"fused_moe_kernel",256,0,0,80,0,48,"FETCH_SIZE",24707.000000,7889199941251,7889199950753
852,13940,"Agent 1",4,1,1,49152,9121,"fused_moe_kernel",256,0,0,80,0,48,"FETCH_SIZE",49196.750000,7889200357838,7889200375839
852,13942,"Agent 1",4,1,1,65536,9122,"fused_moe_kernel",256,0,0,80,0,48,"FETCH_SIZE",24707.000000,7889200471096,7889200481078
852,13957,"Agent 1",4,1,1,49152,9121,"fused_moe_kernel",256,0,0,80,0,48,"WRITE_SIZE",24.000000,7889200890810,7889200908330
852,13959,"Agent 1",4,1,1,65536,9122,"fused_moe_kernel",256,0,0,80,0,48,"WRITE_SIZE",32.000000,7889200992201,7889201001662
852,13974,"Agent 1",4,1,1,49152,9121,"fused_moe_kernel",256,0,0,80,0,48,"WRITE_SIZE",24.000000,7889201399607,7889201417327
852,13976,"Agent 1",4,1,1,65536,9122,"fused_moe_kernel",256,0,0,80,0,48,"WRITE_SIZE",32.000000,7889201498071,7889201508454
852,13991,"Agent 1",4,1,1,49152,9121,"fused_moe_kernel",256,0,0,80,0,48,"WRITE_SIZE",24.000000,7889201892488,7889201910569
852,13993,"Agent 1",4,1,1,65536,9122,"fused_moe_kernel",256,0,0,80,0,48,"WRITE_SIZE",32.000000,7889201996163,7889202006507
852,14008,"Agent 1",4,1,1,49152,9121,"fused_moe_kernel",256,0,0,80,0,48,"WRITE_SIZE",24.000000,7889202433758,7889202452000
852,14010,"Agent 1",4,1,1,65536,9122,"fused_moe_kernel",256,0,0,80,0,48,"WRITE_SIZE",32.000000,7889202547898,7889202557480
852,14025,"Agent 1",4,1,1,49152,9121,"fused_moe_kernel",256,0,0,80,0,48,"SQ_INSTS_VALU_MFMA_MOPS_BF16",1572864.000000,7889202965608,7889202983889
852,14027,"Agent 1",4,1,1,65536,9122,"fused_moe_kernel",256,0,0,80,0,48,"SQ_INSTS_VALU_MFMA_MOPS_BF16",786432.000000,7889203052605,7889203061987
852,14042,"Agent 1",4,1,1,49152,9121,"fused_moe_kernel",256,0,0,80,0,48,"SQ_INSTS_VALU_MFMA_MOPS_BF16",1572864.000000,7889203428660,7889203446902
852,14044,"Agent 1",4,1,1,65536,9122,"fused_moe_kernel",256,0,0,80,0,48,"SQ_INSTS_VALU_MFMA_MOPS_BF16",786432.000000,7889203511850,7889203521391
852,14059,"Agent 1",4,1,1,49152,9121,"fused_moe_kernel",256,0,0,80,0,48,"SQ_INSTS_VALU_MFMA_MOPS_BF16",1572864.000000,7889203886862,7889203905144
852,14061,"Agent 1",4,1,1,65536,9122,"fused_moe_kernel",256,0,0,80,0,48,"SQ_INSTS_VALU_MFMA_MOPS_BF16",786432.000000,7889203971976,7889203982159
852,14076,"Agent 1",4,1,1,49152,9121,"fused_moe_kernel",256,0,0,80,0,48,"SQ_INSTS_VALU_MFMA_MOPS_BF16",1572864.000000,7889204357051,7889204374892
852,14078,"Agent 1",4,1,1,65536,9122,"fused_moe_kernel",256,0,0,80,0,48,"SQ_INSTS_VALU_MFMA_MOPS_BF16",786432.000000,7889204438597,7889204448660
852,14093,"Agent 1",4,1,1,49152,9121,"fused_moe_kernel",256,0,0,80,0,48,"FETCH_SIZE",49195.000000,7889204831290,7889204849210
852,14095,"Agent 1",4,1,1,65536,9122,"fused_moe_kernel",256,0,0,80,0,48,"FETCH_SIZE",24707.000000,7889204945429,7889204955292
852,14110,"Agent 1",4,1,1,49152,9121,"fused_moe_kernel",256,0,0,80,0,48,"FETCH_SIZE",49195.750000,7889205354880,7889205373162
852,14112,"Agent 1",4,1,1,65536,9122,"fused_moe_kernel",256,0,0,80,0,48,"FETCH_SIZE",24707.000000,7889205464890,7889205474392
853,14127,"Agent 1",4,1,1,49152,9121,"fused_moe_kernel",256,0,0,80,0,48,"FETCH_SIZE",49193.625000,7889205896472,7889205915034
853,14129,"Agent 1",4,1,1,65536,9122,"fused_moe_kernel",256,0,0,80,0,48,"FETCH_SIZE",24707.000000,7889206015622,7889206025084
853,14144,"Agent 1",4,1,1,49152,9121,"fused_moe_kernel",256,0,0,80,0,48,"FETCH_SIZE",49196.750000,7889206428401,7889206447324
853,14146,"Agent 1",4,1,1,65536,9122,"fused_moe_kernel",256,0,0,80,0,48,"FETCH_SIZE",24707.000000,7889206547552,7889206557655
853,14161,"Agent 1",4,1,1,49152,9121,"fused_moe_kernel",256,0,0,80,0,48,"WRITE_SIZE",24.000000,7889206951270,7889206969271
853,14163,"Agent 1",4,1,1,65536,9122,"fused_moe_kernel",256,0,0,80,0,48,"WRITE_SIZE",32.000000,7889207057151,7889207067133
853,14178,"Agent 1",4,1,1,49152,9121,"fused_moe_kernel",256,0,0,80,0,48,"WRITE_SIZE",24.000000,7889207459225,7889207477146
853,14180,"Agent 1",4,1,1,65536,9122,"fused_moe_kernel",256,0,0,80,0,48,"WRITE_SIZE",32.000000,7889207564905,7889207575609
853,14195,"Agent 1",4,1,1,49152,9121,"fused_moe_kernel",256,0,0,80,0,48,"WRITE_SIZE",24.000000,7889207969625,7889207988027
853,14197,"Agent 1",4,1,1,65536,9122,"fused_moe_kernel",256,0,0,80,0,48,"WRITE_SIZE",32.000000,7889208076308,7889208085729
853,14212,"Agent 1",4,1,1,49152,9121,"fused_moe_kernel",256,0,0,80,0,48,"WRITE_SIZE",24.000000,7889208472489,7889208490650
853,14214,"Agent 1",4,1,1,65536,9122,"fused_moe_kernel",256,0,0,80,0,48,"WRITE_SIZE",32.000000,7889208577087,7889208586468
853,14229,"Agent 1",4,1,1,49152,9121,"fused_moe_kernel",256,0,0,80,0,48,"SQ_INSTS_VALU_MFMA_MOPS_BF16",1572864.000000,7889208961761,7889208979361
853,14231,"Agent 1",4,1,1,65536,9122,"fused_moe_kernel",256,0,0,80,0,48,"SQ_INSTS_VALU_MFMA_MOPS_BF16",786432.000000,7889209042064,7889209052127
853,14246,"Agent 1",4,1,1,49152,9121,"fused_moe_kernel",256,0,0,80,0,48,"SQ_INSTS_VALU_MFMA_MOPS_BF16",1572864.000000,7889209421366,7889209438405
853,14248,"Agent 1",4,1,1,65536,9122,"fused_moe_kernel",256,0,0,80,0,48,"SQ_INSTS_VALU_MFMA_MOPS_BF16",786432.000000,7889209505638,7889209515540
853,14263,"Agent 1",4,1,1,49152,9121,"fused_moe_kernel",256,0,0,80,0,48,"SQ_INSTS_VALU_MFMA_MOPS_BF16",1572864.000000,7889209876200,7889209894843
853,14265,"Agent 1",4,1,1,65536,9122,"fused_moe_kernel",256,0,0,80,0,48,"SQ_INSTS_VALU_MFMA_MOPS_BF16",786432.000000,7889209961033,7889209971257
853,14280,"Agent 1",4,1,1,49152,9121,"fused_moe_kernel",256,0,0,80,0,48,"SQ_INSTS_VALU_MFMA_MOPS_BF16",1572864.000000,7889210330153,7889210349436
853,14282,"Agent 1",4,1,1,65536,9122,"fused_moe_kernel",256,0,0,80,0,48,"SQ_INSTS_VALU_MFMA_MOPS_BF16",786432.000000,7889210415787,7889210425850
853,14297,"Agent 1",4,1,1,49152,9121,"fused_moe_kernel",256,0,0,80,0,48,"FETCH_SIZE",49193.250000,7889210797455,7889210815656
853,14299,"Agent 1",4,1,1,65536,9122,"fused_moe_kernel",256,0,0,80,0,48,"FETCH_SIZE",24707.000000,7889210909309,7889210919252
853,14314,"Agent 1",4,1,1,49152,9121,"fused_moe_kernel",256,0,0,80,0,48,"FETCH_SIZE",49194.500000,7889211303646,7889211321326
853,14316,"Agent 1",4,1,1,65536,9122,"fused_moe_kernel",256,0,0,80,0,48,"FETCH_SIZE",24707.000000,7889211420231,7889211430334
853,14331,"Agent 1",4,1,1,49152,9121,"fused_moe_kernel",256,0,0,80,0,48,"FETCH_SIZE",49195.500000,7889211815730,7889211833731
853,14333,"Agent 1",4,1,1,65536,9122,"fused_moe_kernel",256,0,0,80,0,48,"FETCH_SIZE",24707.000000,7889211926141,7889211936525
853,14348,"Agent 1",4,1,1,49152,9121,"fused_moe_kernel",256,0,0,80,0,48,"FETCH_SIZE",49194.750000,7889212310415,7889212328175
853,14350,"Agent 1",4,1,1,65536,9122,"fused_moe_kernel",256,0,0,80,0,48,"FETCH_SIZE",24707.000000,7889212420425,7889212429847
853,14365,"Agent 1",4,1,1,49152,9121,"fused_moe_kernel",256,0,0,80,0,48,"WRITE_SIZE",24.000000,7889212807706,7889212825426
853,14367,"Agent 1",4,1,1,65536,9122,"fused_moe_kernel",256,0,0,80,0,48,"WRITE_SIZE",32.000000,7889212906891,7889212917515
854,14382,"Agent 1",4,1,1,49152,9121,"fused_moe_kernel",256,0,0,80,0,48,"WRITE_SIZE",24.000000,7889213297219,7889213315019
854,14384,"Agent 1",4,1,1,65536,9122,"fused_moe_kernel",256,0,0,80,0,48,"WRITE_SIZE",32.000000,7889213395643,7889213405184
854,14399,"Agent 1",4,1,1,49152,9121,"fused_moe_kernel",256,0,0,80,0,48,"WRITE_SIZE",24.000000,7889213782683,7889213800283
854,14401,"Agent 1",4,1,1,65536,9122,"fused_moe_kernel",256,0,0,80,0,48,"WRITE_SIZE",32.000000,7889213884835,7889213894938
854,14416,"Agent 1",4,1,1,49152,9121,"fused_moe_kernel",256,0,0,80,0,48,"WRITE_SIZE",24.000000,7889214266623,7889214283582
854,14418,"Agent 1",4,1,1,65536,9122,"fused_moe_kernel",256,0,0,80,0,48,"WRITE_SIZE",32.000000,7889214368374,7889214378598
885,14463,"Agent 1",4,1,1,49152,9121,"fused_moe_kernel",256,0,0,80,0,48,"SQ_INSTS_VALU_MFMA_MOPS_BF16",1572864.000000,7889215679275,7889215697637
885,14465,"Agent 1",4,1,1,65536,9122,"fused_moe_kernel",256,0,0,80,0,48,"SQ_INSTS_VALU_MFMA_MOPS_BF16",786432.000000,7889215834187,7889215844250
885,14480,"Agent 1",4,1,1,49152,9121,"fused_moe_kernel",256,0,0,80,0,48,"SQ_INSTS_VALU_MFMA_MOPS_BF16",1572864.000000,7889216450509,7889216468149
885,14482,"Agent 1",4,1,1,65536,9122,"fused_moe_kernel",256,0,0,80,0,48,"SQ_INSTS_VALU_MFMA_MOPS_BF16",786432.000000,7889216557632,7889216567655
885,14497,"Agent 1",4,1,1,49152,9121,"fused_moe_kernel",256,0,0,80,0,48,"SQ_INSTS_VALU_MFMA_MOPS_BF16",1572864.000000,7889221449111,7889221466791
885,14499,"Agent 1",4,1,1,65536,9122,"fused_moe_kernel",256,0,0,80,0,48,"SQ_INSTS_VALU_MFMA_MOPS_BF16",786432.000000,7889221570106,7889221580530
885,14514,"Agent 1",4,1,1,49152,9121,"fused_moe_kernel",256,0,0,80,0,48,"SQ_INSTS_VALU_MFMA_MOPS_BF16",1572864.000000,7889228219144,7889228236824
885,14516,"Agent 1",4,1,1,65536,9122,"fused_moe_kernel",256,0,0,80,0,48,"SQ_INSTS_VALU_MFMA_MOPS_BF16",786432.000000,7889228333684,7889228343186
885,14531,"Agent 1",4,1,1,49152,9121,"fused_moe_kernel",256,0,0,80,0,48,"FETCH_SIZE",49193.250000,7889238350740,7889238368581
885,14533,"Agent 1",4,1,1,65536,9122,"fused_moe_kernel",256,0,0,80,0,48,"FETCH_SIZE",24707.000000,7889240037496,7889240047438
885,14548,"Agent 1",4,1,1,49152,9121,"fused_moe_kernel",256,0,0,80,0,48,"FETCH_SIZE",49196.250000,7889251778351,7889251796352
885,14550,"Agent 1",4,1,1,65536,9122,"fused_moe_kernel",256,0,0,80,0,48,"FETCH_SIZE",24707.500000,7889253471040,7889253480582
885,14565,"Agent 1",4,1,1,49152,9121,"fused_moe_kernel",256,0,0,80,0,48,"FETCH_SIZE",49195.000000,7889263645093,7889263662813
885,14567,"Agent 1",4,1,1,65536,9122,"fused_moe_kernel",256,0,0,80,0,48,"FETCH_SIZE",24707.062500,7889264479510,7889264489653
885,14582,"Agent 1",4,1,1,49152,9121,"fused_moe_kernel",256,0,0,80,0,48,"FETCH_SIZE",49195.000000,7889265074182,7889265092223
885,14584,"Agent 1",4,1,1,65536,9122,"fused_moe_kernel",256,0,0,80,0,48,"FETCH_SIZE",24707.000000,7889265199988,7889265209891
885,14599,"Agent 1",4,1,1,49152,9121,"fused_moe_kernel",256,0,0,80,0,48,"WRITE_SIZE",24.000000,7889265607274,7889265624955
885,14601,"Agent 1",4,1,1,65536,9122,"fused_moe_kernel",256,0,0,80,0,48,"WRITE_SIZE",32.000000,7889265710309,7889265720813
885,14616,"Agent 1",4,1,1,49152,9121,"fused_moe_kernel",256,0,0,80,0,48,"WRITE_SIZE",24.000000,7889266112182,7889266130063
885,14618,"Agent 1",4,1,1,65536,9122,"fused_moe_kernel",256,0,0,80,0,48,"WRITE_SIZE",32.000000,7889266212811,7889266222634
885,14633,"Agent 1",4,1,1,49152,9121,"fused_moe_kernel",256,0,0,80,0,48,"WRITE_SIZE",24.000000,7889266621380,7889266640263
885,14635,"Agent 1",4,1,1,65536,9122,"fused_moe_kernel",256,0,0,80,0,48,"WRITE_SIZE",32.000000,7889266727421,7889266737163
885,14650,"Agent 1",4,1,1,49152,9121,"fused_moe_kernel",256,0,0,80,0,48,"WRITE_SIZE",24.000000,7889267127651,7889267145091
885,14652,"Agent 1",4,1,1,65536,9122,"fused_moe_kernel",256,0,0,80,0,48,"WRITE_SIZE",32.000000,7889267234815,7889267244798
885,14667,"Agent 1",4,1,1,49152,9121,"fused_moe_kernel",256,0,0,80,0,48,"SQ_INSTS_VALU_MFMA_MOPS_BF16",1572864.000000,7889267625503,7889267643183
885,14669,"Agent 1",4,1,1,65536,9122,"fused_moe_kernel",256,0,0,80,0,48,"SQ_INSTS_VALU_MFMA_MOPS_BF16",786432.000000,7889267708813,7889267718635
885,14684,"Agent 1",4,1,1,49152,9121,"fused_moe_kernel",256,0,0,80,0,48,"SQ_INSTS_VALU_MFMA_MOPS_BF16",1572864.000000,7889268095011,7889268112611
885,14686,"Agent 1",4,1,1,65536,9122,"fused_moe_kernel",256,0,0,80,0,48,"SQ_INSTS_VALU_MFMA_MOPS_BF16",786432.000000,7889268181768,7889268191831
885,14701,"Agent 1",4,1,1,49152,9121,"fused_moe_kernel",256,0,0,80,0,48,"SQ_INSTS_VALU_MFMA_MOPS_BF16",1572864.000000,7889268566643,7889268584845
885,14703,"Agent 1",4,1,1,65536,9122,"fused_moe_kernel",256,0,0,80,0,48,"SQ_INSTS_VALU_MFMA_MOPS_BF16",786432.000000,7889268649512,7889268658973
886,14718,"Agent 1",4,1,1,49152,9121,"fused_moe_kernel",256,0,0,80,0,48,"SQ_INSTS_VALU_MFMA_MOPS_BF16",1572864.000000,7889269039198,7889269057038
886,14720,"Agent 1",4,1,1,65536,9122,"fused_moe_kernel",256,0,0,80,0,48,"SQ_INSTS_VALU_MFMA_MOPS_BF16",786432.000000,7889269122427,7889269132530
886,14735,"Agent 1",4,1,1,49152,9121,"fused_moe_kernel",256,0,0,80,0,48,"FETCH_SIZE",49197.000000,7889269505458,7889269523298
886,14737,"Agent 1",4,1,1,65536,9122,"fused_moe_kernel",256,0,0,80,0,48,"FETCH_SIZE",24707.000000,7889269614385,7889269624529
886,14752,"Agent 1",4,1,1,49152,9121,"fused_moe_kernel",256,0,0,80,0,48,"FETCH_SIZE",49194.250000,7889270014094,7889270031855
886,14754,"Agent 1",4,1,1,65536,9122,"fused_moe_kernel",256,0,0,80,0,48,"FETCH_SIZE",24707.062500,7889270132163,7889270141704
886,14769,"Agent 1",4,1,1,49152,9121,"fused_moe_kernel",256,0,0,80,0,48,"FETCH_SIZE",49194.000000,7889270534237,7889270551436
886,14771,"Agent 1",4,1,1,65536,9122,"fused_moe_kernel",256,0,0,80,0,48,"FETCH_SIZE",24707.000000,7889270643966,7889270653749
886,14786,"Agent 1",4,1,1,49152,9121,"fused_moe_kernel",256,0,0,80,0,48,"FETCH_SIZE",49196.750000,7889271071138,7889271089540
886,14788,"Agent 1",4,1,1,65536,9122,"fused_moe_kernel",256,0,0,80,0,48,"FETCH_SIZE",24707.000000,7889271184676,7889271194578
886,14803,"Agent 1",4,1,1,49152,9121,"fused_moe_kernel",256,0,0,80,0,48,"WRITE_SIZE",24.000000,7889271601423,7889271619184
886,14805,"Agent 1",4,1,1,65536,9122,"fused_moe_kernel",256,0,0,80,0,48,"WRITE_SIZE",32.000000,7889271714681,7889271724183
886,14820,"Agent 1",4,1,1,49152,9121,"fused_moe_kernel",256,0,0,80,0,48,"WRITE_SIZE",24.000000,7889272118078,7889272135999
886,14822,"Agent 1",4,1,1,65536,9122,"fused_moe_kernel",256,0,0,80,0,48,"WRITE_SIZE",32.000000,7889272219709,7889272228970
886,14837,"Agent 1",4,1,1,49152,9121,"fused_moe_kernel",256,0,0,80,0,48,"WRITE_SIZE",24.000000,7889272626033,7889272644395
886,14839,"Agent 1",4,1,1,65536,9122,"fused_moe_kernel",256,0,0,80,0,48,"WRITE_SIZE",32.000000,7889272734520,7889272744623
886,14854,"Agent 1",4,1,1,49152,9121,"fused_moe_kernel",256,0,0,80,0,48,"WRITE_SIZE",24.000000,7889273145294,7889273163295
886,14856,"Agent 1",4,1,1,65536,9122,"fused_moe_kernel",256,0,0,80,0,48,"WRITE_SIZE",32.000000,7889273254221,7889273263843
886,14871,"Agent 1",4,1,1,49152,9121,"fused_moe_kernel",256,0,0,80,0,48,"SQ_INSTS_VALU_MFMA_MOPS_BF16",1572864.000000,7889273647917,7889273665436
886,14873,"Agent 1",4,1,1,65536,9122,"fused_moe_kernel",256,0,0,80,0,48,"SQ_INSTS_VALU_MFMA_MOPS_BF16",786432.000000,7889273726736,7889273736598
886,14888,"Agent 1",4,1,1,49152,9121,"fused_moe_kernel",256,0,0,80,0,48,"SQ_INSTS_VALU_MFMA_MOPS_BF16",1572864.000000,7889274108965,7889274126805
886,14890,"Agent 1",4,1,1,65536,9122,"fused_moe_kernel",256,0,0,80,0,48,"SQ_INSTS_VALU_MFMA_MOPS_BF16",786432.000000,7889274191272,7889274200453
886,14905,"Agent 1",4,1,1,49152,9121,"fused_moe_kernel",256,0,0,80,0,48,"SQ_INSTS_VALU_MFMA_MOPS_BF16",1572864.000000,7889274560913,7889274578673
886,14907,"Agent 1",4,1,1,65536,9122,"fused_moe_kernel",256,0,0,80,0,48,"SQ_INSTS_VALU_MFMA_MOPS_BF16",786432.000000,7889274649594,7889274659497
886,14922,"Agent 1",4,1,1,49152,9121,"fused_moe_kernel",256,0,0,80,0,48,"SQ_INSTS_VALU_MFMA_MOPS_BF16",1572864.000000,7889275029618,7889275047098
886,14924,"Agent 1",4,1,1,65536,9122,"fused_moe_kernel",256,0,0,80,0,48,"SQ_INSTS_VALU_MFMA_MOPS_BF16",786432.000000,7889275117418,7889275126839
886,14939,"Agent 1",4,1,1,49152,9121,"fused_moe_kernel",256,0,0,80,0,48,"FETCH_SIZE",49194.000000,7889275491829,7889275509269
886,14941,"Agent 1",4,1,1,65536,9122,"fused_moe_kernel",256,0,0,80,0,48,"FETCH_SIZE",24707.000000,7889275603042,7889275613025
886,14956,"Agent 1",4,1,1,49152,9121,"fused_moe_kernel",256,0,0,80,0,48,"FETCH_SIZE",49196.000000,7889276009566,7889276027166
886,14958,"Agent 1",4,1,1,65536,9122,"fused_moe_kernel",256,0,0,80,0,48,"FETCH_SIZE",24707.000000,7889276122102,7889276131884
887,14973,"Agent 1",4,1,1,49152,9121,"fused_moe_kernel",256,0,0,80,0,48,"FETCH_SIZE",49194.750000,7889276521530,7889276539050
887,14975,"Agent 1",4,1,1,65536,9122,"fused_moe_kernel",256,0,0,80,0,48,"FETCH_SIZE",24707.000000,7889276633665,7889276643688
887,14990,"Agent 1",4,1,1,49152,9121,"fused_moe_kernel",256,0,0,80,0,48,"FETCH_SIZE",49198.000000,7889277047887,7889277065768
887,14992,"Agent 1",4,1,1,65536,9122,"fused_moe_kernel",256,0,0,80,0,48,"FETCH_SIZE",24707.000000,7889277159260,7889277169003
887,15007,"Agent 1",4,1,1,49152,9121,"fused_moe_kernel",256,0,0,80,0,48,"WRITE_SIZE",24.000000,7889277556123,7889277573723
887,15009,"Agent 1",4,1,1,65536,9122,"fused_moe_kernel",256,0,0,80,0,48,"WRITE_SIZE",32.000000,7889277660560,7889277670743
887,15024,"Agent 1",4,1,1,49152,9121,"fused_moe_kernel",256,0,0,80,0,48,"WRITE_SIZE",24.000000,7889278057984,7889278075544
887,15026,"Agent 1",4,1,1,65536,9122,"fused_moe_kernel",256,0,0,80,0,48,"WRITE_SIZE",32.000000,7889278162943,7889278173005
887,15041,"Agent 1",4,1,1,49152,9121,"fused_moe_kernel",256,0,0,80,0,48,"WRITE_SIZE",24.000000,7889278546134,7889278563814
887,15043,"Agent 1",4,1,1,65536,9122,"fused_moe_kernel",256,0,0,80,0,48,"WRITE_SIZE",32.000000,7889278645720,7889278655302
887,15058,"Agent 1",4,1,1,49152,9121,"fused_moe_kernel",256,0,0,80,0,48,"WRITE_SIZE",24.000000,7889279024542,7889279042783
887,15060,"Agent 1",4,1,1,65536,9122,"fused_moe_kernel",256,0,0,80,0,48,"WRITE_SIZE",32.000000,7889279127776,7889279137719
887,15075,"Agent 1",4,1,1,49152,9121,"fused_moe_kernel",256,0,0,80,0,48,"SQ_INSTS_VALU_MFMA_MOPS_BF16",1572864.000000,7889279512210,7889279529891
887,15077,"Agent 1",4,1,1,65536,9122,"fused_moe_kernel",256,0,0,80,0,48,"SQ_INSTS_VALU_MFMA_MOPS_BF16",786432.000000,7889279597725,7889279607708
887,15092,"Agent 1",4,1,1,49152,9121,"fused_moe_kernel",256,0,0,80,0,48,"SQ_INSTS_VALU_MFMA_MOPS_BF16",1572864.000000,7889279977669,7889279995469
887,15094,"Agent 1",4,1,1,65536,9122,"fused_moe_kernel",256,0,0,80,0,48,"SQ_INSTS_VALU_MFMA_MOPS_BF16",786432.000000,7889280064667,7889280074770
887,15109,"Agent 1",4,1,1,49152,9121,"fused_moe_kernel",256,0,0,80,0,48,"SQ_INSTS_VALU_MFMA_MOPS_BF16",1572864.000000,7889280429616,7889280447216
887,15111,"Agent 1",4,1,1,65536,9122,"fused_moe_kernel",256,0,0,80,0,48,"SQ_INSTS_VALU_MFMA_MOPS_BF16",786432.000000,7889280514730,7889280524352
887,15126,"Agent 1",4,1,1,49152,9121,"fused_moe_kernel",256,0,0,80,0,48,"SQ_INSTS_VALU_MFMA_MOPS_BF16",1572864.000000,7889280886174,7889280903855
887,15128,"Agent 1",4,1,1,65536,9122,"fused_moe_kernel",256,0,0,80,0,48,"SQ_INSTS_VALU_MFMA_MOPS_BF16",786432.000000,7889280966317,7889280975939
887,15143,"Agent 1",4,1,1,49152,9121,"fused_moe_kernel",256,0,0,80,0,48,"FETCH_SIZE",49194.000000,7889281342973,7889281360493
887,15145,"Agent 1",4,1,1,65536,9122,"fused_moe_kernel",256,0,0,80,0,48,"FETCH_SIZE",24707.000000,7889281452863,7889281462525
887,15160,"Agent 1",4,1,1,49152,9121,"fused_moe_kernel",256,0,0,80,0,48,"FETCH_SIZE",49194.500000,7889281863877,7889281882480
887,15162,"Agent 1",4,1,1,65536,9122,"fused_moe_kernel",256,0,0,80,0,48,"FETCH_SIZE",24707.000000,7889281974689,7889281984672
887,15177,"Agent 1",4,1,1,49152,9121,"fused_moe_kernel",256,0,0,80,0,48,"FETCH_SIZE",49194.750000,7889282364295,7889282382657
887,15179,"Agent 1",4,1,1,65536,9122,"fused_moe_kernel",256,0,0,80,0,48,"FETCH_SIZE",24707.000000,7889282476270,7889282486132
887,15194,"Agent 1",4,1,1,49152,9121,"fused_moe_kernel",256,0,0,80,0,48,"FETCH_SIZE",49193.750000,7889282873413,7889282891253
887,15196,"Agent 1",4,1,1,65536,9122,"fused_moe_kernel",256,0,0,80,0,48,"FETCH_SIZE",24707.000000,7889282986510,7889282996172
887,15211,"Agent 1",4,1,1,49152,9121,"fused_moe_kernel",256,0,0,80,0,48,"WRITE_SIZE",24.000000,7889283379925,7889283397444
887,15213,"Agent 1",4,1,1,65536,9122,"fused_moe_kernel",256,0,0,80,0,48,"WRITE_SIZE",32.000000,7889283480674,7889283490496
888,15228,"Agent 1",4,1,1,49152,9121,"fused_moe_kernel",256,0,0,80,0,48,"WRITE_SIZE",24.000000,7889283878739,7889283896659
888,15230,"Agent 1",4,1,1,65536,9122,"fused_moe_kernel",256,0,0,80,0,48,"WRITE_SIZE",32.000000,7889284002811,7889284012633
888,15245,"Agent 1",4,1,1,49152,9121,"fused_moe_kernel",256,0,0,80,0,48,"WRITE_SIZE",24.000000,7889284375899,7889284393419
888,15247,"Agent 1",4,1,1,65536,9122,"fused_moe_kernel",256,0,0,80,0,48,"WRITE_SIZE",32.000000,7889284477610,7889284487793
888,15262,"Agent 1",4,1,1,49152,9121,"fused_moe_kernel",256,0,0,80,0,48,"WRITE_SIZE",24.000000,7889284866414,7889284884135
888,15264,"Agent 1",4,1,1,65536,9122,"fused_moe_kernel",256,0,0,80,0,48,"WRITE_SIZE",32.000000,7889284972135,7889284981877
919,15309,"Agent 1",4,1,1,49152,9121,"fused_moe_kernel",256,0,0,80,0,48,"SQ_INSTS_VALU_MFMA_MOPS_BF16",1572864.000000,7889286304203,7889286321643
919,15311,"Agent 1",4,1,1,65536,9122,"fused_moe_kernel",256,0,0,80,0,48,"SQ_INSTS_VALU_MFMA_MOPS_BF16",786432.000000,7889286421270,7889286431493
919,15326,"Agent 1",4,1,1,49152,9121,"fused_moe_kernel",256,0,0,80,0,48,"SQ_INSTS_VALU_MFMA_MOPS_BF16",1572864.000000,7889287040638,7889287058759
919,15328,"Agent 1",4,1,1,65536,9122,"fused_moe_kernel",256,0,0,80,0,48,"SQ_INSTS_VALU_MFMA_MOPS_BF16",786432.000000,7889287154296,7889287164479
919,15343,"Agent 1",4,1,1,49152,9121,"fused_moe_kernel",256,0,0,80,0,48,"SQ_INSTS_VALU_MFMA_MOPS_BF16",1572864.000000,7889291249929,7889291267889
919,15345,"Agent 1",4,1,1,65536,9122,"fused_moe_kernel",256,0,0,80,0,48,"SQ_INSTS_VALU_MFMA_MOPS_BF16",786432.000000,7889293006162,7889293016345
919,15360,"Agent 1",4,1,1,49152,9121,"fused_moe_kernel",256,0,0,80,0,48,"SQ_INSTS_VALU_MFMA_MOPS_BF16",1572864.000000,7889299713773,7889299731533
919,15362,"Agent 1",4,1,1,65536,9122,"fused_moe_kernel",256,0,0,80,0,48,"SQ_INSTS_VALU_MFMA_MOPS_BF16",786432.000000,7889301410431,7889301419652
919,15377,"Agent 1",4,1,1,49152,9121,"fused_moe_kernel",256,0,0,80,0,48,"FETCH_SIZE",49195.500000,7889311406319,7889311424440
919,15379,"Agent 1",4,1,1,65536,9122,"fused_moe_kernel",256,0,0,80,0,48,"FETCH_SIZE",24707.000000,7889311582279,7889311591420
919,15394,"Agent 1",4,1,1,49152,9121,"fused_moe_kernel",256,0,0,80,0,48,"FETCH_SIZE",49194.750000,7889323453431,7889323471351
919,15396,"Agent 1",4,1,1,65536,9122,"fused_moe_kernel",256,0,0,80,0,48,"FETCH_SIZE",24707.000000,7889325037272,7889325046693
919,15411,"Agent 1",4,1,1,49152,9121,"fused_moe_kernel",256,0,0,80,0,48,"FETCH_SIZE",49195.750000,7889333511981,7889333529862
919,15413,"Agent 1",4,1,1,65536,9122,"fused_moe_kernel",256,0,0,80,0,48,"FETCH_SIZE",24707.000000,7889335121441,7889335131383
919,15428,"Agent 1",4,1,1,49152,9121,"fused_moe_kernel",256,0,0,80,0,48,"FETCH_SIZE",49195.000000,7889335649321,7889335667683
919,15430,"Agent 1",4,1,1,65536,9122,"fused_moe_kernel",256,0,0,80,0,48,"FETCH_SIZE",24707.562500,7889335786874,7889335796896
919,15445,"Agent 1",4,1,1,49152,9121,"fused_moe_kernel",256,0,0,80,0,48,"WRITE_SIZE",24.000000,7889336187184,7889336205185
919,15447,"Agent 1",4,1,1,65536,9122,"fused_moe_kernel",256,0,0,80,0,48,"WRITE_SIZE",32.000000,7889336290900,7889336300080
919,15462,"Agent 1",4,1,1,49152,9121,"fused_moe_kernel",256,0,0,80,0,48,"WRITE_SIZE",24.000000,7889336690288,7889336708529
919,15464,"Agent 1",4,1,1,65536,9122,"fused_moe_kernel",256,0,0,80,0,48,"WRITE_SIZE",32.000000,7889336793402,7889336803345
919,15479,"Agent 1",4,1,1,49152,9121,"fused_moe_kernel",256,0,0,80,0,48,"WRITE_SIZE",24.000000,7889337174509,7889337192349
919,15481,"Agent 1",4,1,1,65536,9122,"fused_moe_kernel",256,0,0,80,0,48,"WRITE_SIZE",32.000000,7889337276501,7889337286604
919,15496,"Agent 1",4,1,1,49152,9121,"fused_moe_kernel",256,0,0,80,0,48,"WRITE_SIZE",24.000000,7889337664703,7889337681662
919,15498,"Agent 1",4,1,1,65536,9122,"fused_moe_kernel",256,0,0,80,0,48,"WRITE_SIZE",32.000000,7889337766455,7889337776437
919,15513,"Agent 1",4,1,1,49152,9121,"fused_moe_kernel",256,0,0,80,0,48,"SQ_INSTS_VALU_MFMA_MOPS_BF16",1572864.000000,7889338168409,7889338185928
919,15515,"Agent 1",4,1,1,65536,9122,"fused_moe_kernel",256,0,0,80,0,48,"SQ_INSTS_VALU_MFMA_MOPS_BF16",786432.000000,7889338254845,7889338264908
919,15530,"Agent 1",4,1,1,49152,9121,"fused_moe_kernel",256,0,0,80,0,48,"SQ_INSTS_VALU_MFMA_MOPS_BF16",1572864.000000,7889338643769,7889338661329
919,15532,"Agent 1",4,1,1,65536,9122,"fused_moe_kernel",256,0,0,80,0,48,"SQ_INSTS_VALU_MFMA_MOPS_BF16",786432.000000,7889338728923,7889338738625
919,15547,"Agent 1",4,1,1,49152,9121,"fused_moe_kernel",256,0,0,80,0,48,"SQ_INSTS_VALU_MFMA_MOPS_BF16",1572864.000000,7889339106542,7889339124101
919,15549,"Agent 1",4,1,1,65536,9122,"fused_moe_kernel",256,0,0,80,0,48,"SQ_INSTS_VALU_MFMA_MOPS_BF16",786432.000000,7889339185040,7889339194983
920,15564,"Agent 1",4,1,1,49152,9121,"fused_moe_kernel",256,0,0,80,0,48,"SQ_INSTS_VALU_MFMA_MOPS_BF16",1572864.000000,7889339554961,7889339573203
920,15566,"Agent 1",4,1,1,65536,9122,"fused_moe_kernel",256,0,0,80,0,48,"SQ_INSTS_VALU_MFMA_MOPS_BF16",786432.000000,7889339636426,7889339646690
920,15581,"Agent 1",4,1,1,49152,9121,"fused_moe_kernel",256,0,0,80,0,48,"FETCH_SIZE",49195.750000,7889340031204,7889340049886
920,15583,"Agent 1",4,1,1,65536,9122,"fused_moe_kernel",256,0,0,80,0,48,"FETCH_SIZE",24707.000000,7889340144983,7889340154364
920,15598,"Agent 1",4,1,1,49152,9121,"fused_moe_kernel",256,0,0,80,0,48,"FETCH_SIZE",49195.500000,7889340556398,7889340574640
920,15600,"Agent 1",4,1,1,65536,9122,"fused_moe_kernel",256,0,0,80,0,48,"FETCH_SIZE",24707.062500,7889340672302,7889340682405
920,15615,"Agent 1",4,1,1,49152,9121,"fused_moe_kernel",256,0,0,80,0,48,"FETCH_SIZE",49195.250000,7889341091134,7889341108413
920,15617,"Agent 1",4,1,1,65536,9122,"fused_moe_kernel",256,0,0,80,0,48,"FETCH_SIZE",24707.000000,7889341203389,7889341213653
920,15632,"Agent 1",4,1,1,49152,9121,"fused_moe_kernel",256,0,0,80,0,48,"FETCH_SIZE",49196.750000,7889341611237,7889341629278
920,15634,"Agent 1",4,1,1,65536,9122,"fused_moe_kernel",256,0,0,80,0,48,"FETCH_SIZE",24707.000000,7889341718962,7889341729145
920,15649,"Agent 1",4,1,1,49152,9121,"fused_moe_kernel",256,0,0,80,0,48,"WRITE_SIZE",24.000000,7889342132863,7889342150382
920,15651,"Agent 1",4,1,1,65536,9122,"fused_moe_kernel",256,0,0,80,0,48,"WRITE_SIZE",32.000000,7889342231126,7889342241069
920,15666,"Agent 1",4,1,1,49152,9121,"fused_moe_kernel",256,0,0,80,0,48,"WRITE_SIZE",24.000000,7889342617484,7889342635766
920,15668,"Agent 1",4,1,1,65536,9122,"fused_moe_kernel",256,0,0,80,0,48,"WRITE_SIZE",32.000000,7889342722684,7889342732867
920,15683,"Agent 1",4,1,1,49152,9121,"fused_moe_kernel",256,0,0,80,0,48,"WRITE_SIZE",24.000000,7889343132215,7889343149855
920,15685,"Agent 1",4,1,1,65536,9122,"fused_moe_kernel",256,0,0,80,0,48,"WRITE_SIZE",32.000000,7889343229436,7889343239138
920,15700,"Agent 1",4,1,1,49152,9121,"fused_moe_kernel",256,0,0,80,0,48,"WRITE_SIZE",24.000000,7889343635800,7889343653881
920,15702,"Agent 1",4,1,1,65536,9122,"fused_moe_kernel",256,0,0,80,0,48,"WRITE_SIZE",32.000000,7889343743805,7889343753989
920,15717,"Agent 1",4,1,1,49152,9121,"fused_moe_kernel",256,0,0,80,0,48,"SQ_INSTS_VALU_MFMA_MOPS_BF16",1572864.000000,7889344145358,7889344162357
920,15719,"Agent 1",4,1,1,65536,9122,"fused_moe_kernel",256,0,0,80,0,48,"SQ_INSTS_VALU_MFMA_MOPS_BF16",786432.000000,7889344227585,7889344237007
920,15734,"Agent 1",4,1,1,49152,9121,"fused_moe_kernel",256,0,0,80,0,48,"SQ_INSTS_VALU_MFMA_MOPS_BF16",1572864.000000,7889344595021,7889344612942
920,15736,"Agent 1",4,1,1,65536,9122,"fused_moe_kernel",256,0,0,80,0,48,"SQ_INSTS_VALU_MFMA_MOPS_BF16",786432.000000,7889344677488,7889344687391
920,15751,"Agent 1",4,1,1,49152,9121,"fused_moe_kernel",256,0,0,80,0,48,"SQ_INSTS_VALU_MFMA_MOPS_BF16",1572864.000000,7889345075634,7889345093795
920,15753,"Agent 1",4,1,1,65536,9122,"fused_moe_kernel",256,0,0,80,0,48,"SQ_INSTS_VALU_MFMA_MOPS_BF16",786432.000000,7889345159344,7889345168645
920,15768,"Agent 1",4,1,1,49152,9121,"fused_moe_kernel",256,0,0,80,0,48,"SQ_INSTS_VALU_MFMA_MOPS_BF16",1572864.000000,7889345518681,7889345536722
920,15770,"Agent 1",4,1,1,65536,9122,"fused_moe_kernel",256,0,0,80,0,48,"SQ_INSTS_VALU_MFMA_MOPS_BF16",786432.000000,7889345603273,7889345613136
920,15785,"Agent 1",4,1,1,49152,9121,"fused_moe_kernel",256,0,0,80,0,48,"FETCH_SIZE",49195.000000,7889345987106,7889346005267
920,15787,"Agent 1",4,1,1,65536,9122,"fused_moe_kernel",256,0,0,80,0,48,"FETCH_SIZE",24707.000000,7889346098479,7889346108101
920,15802,"Agent 1",4,1,1,49152,9121,"fused_moe_kernel",256,0,0,80,0,48,"FETCH_SIZE",49195.750000,7889346523668,7889346541027
920,15804,"Agent 1",4,1,1,65536,9122,"fused_moe_kernel",256,0,0,80,0,48,"FETCH_SIZE",24707.000000,7889346634480,7889346644542
921,15819,"Agent 1",4,1,1,49152,9121,"fused_moe_kernel",256,0,0,80,0,48,"FETCH_SIZE",49194.000000,7889347059245,7889347076805
921,15821,"Agent 1",4,1,1,65536,9122,"fused_moe_kernel",256,0,0,80,0,48,"FETCH_SIZE",24707.000000,7889347172864,7889347183127
921,15836,"Agent 1",4,1,1,49152,9121,"fused_moe_kernel",256,0,0,80,0,48,"FETCH_SIZE",49196.250000,7889347581032,7889347598632
921,15838,"Agent 1",4,1,1,65536,9122,"fused_moe_kernel",256,0,0,80,0,48,"FETCH_SIZE",24707.000000,7889347693367,7889347702588
921,15853,"Agent 1",4,1,1,49152,9121,"fused_moe_kernel",256,0,0,80,0,48,"WRITE_SIZE",24.000000,7889348110075,7889348127635
921,15855,"Agent 1",4,1,1,65536,9122,"fused_moe_kernel",256,0,0,80,0,48,"WRITE_SIZE",32.000000,7889348209421,7889348218922
921,15870,"Agent 1",4,1,1,49152,9121,"fused_moe_kernel",256,0,0,80,0,48,"WRITE_SIZE",24.000000,7889348599748,7889348618350
921,15872,"Agent 1",4,1,1,65536,9122,"fused_moe_kernel",256,0,0,80,0,48,"WRITE_SIZE",32.000000,7889348706872,7889348716133
921,15887,"Agent 1",4,1,1,49152,9121,"fused_moe_kernel",256,0,0,80,0,48,"WRITE_SIZE",24.000000,7889349102130,7889349121334
921,15889,"Agent 1",4,1,1,65536,9122,"fused_moe_kernel",256,0,0,80,0,48,"WRITE_SIZE",32.000000,7889349205966,7889349216069
921,15904,"Agent 1",4,1,1,49152,9121,"fused_moe_kernel",256,0,0,80,0,48,"WRITE_SIZE",24.000000,7889349596134,7889349615097
921,15906,"Agent 1",4,1,1,65536,9122,"fused_moe_kernel",256,0,0,80,0,48,"WRITE_SIZE",32.000000,7889349700972,7889349710674
921,15921,"Agent 1",4,1,1,49152,9121,"fused_moe_kernel",256,0,0,80,0,48,"SQ_INSTS_VALU_MFMA_MOPS_BF16",1572864.000000,7889350094787,7889350113470
921,15923,"Agent 1",4,1,1,65536,9122,"fused_moe_kernel",256,0,0,80,0,48,"SQ_INSTS_VALU_MFMA_MOPS_BF16",786432.000000,7889350179179,7889350189643
921,15938,"Agent 1",4,1,1,49152,9121,"fused_moe_kernel",256,0,0,80,0,48,"SQ_INSTS_VALU_MFMA_MOPS_BF16",1572864.000000,7889350552187,7889350569707
921,15940,"Agent 1",4,1,1,65536,9122,"fused_moe_kernel",256,0,0,80,0,48,"SQ_INSTS_VALU_MFMA_MOPS_BF16",786432.000000,7889350633612,7889350643435
921,15955,"Agent 1",4,1,1,49152,9121,"fused_moe_kernel",256,0,0,80,0,48,"SQ_INSTS_VALU_MFMA_MOPS_BF16",1572864.000000,7889350998963,7889351016563
921,15957,"Agent 1",4,1,1,65536,9122,"fused_moe_kernel",256,0,0,80,0,48,"SQ_INSTS_VALU_MFMA_MOPS_BF16",786432.000000,7889351081591,7889351091453
921,15972,"Agent 1",4,1,1,49152,9121,"fused_moe_kernel",256,0,0,80,0,48,"SQ_INSTS_VALU_MFMA_MOPS_BF16",1572864.000000,7889351435716,7889351453918
921,15974,"Agent 1",4,1,1,65536,9122,"fused_moe_kernel",256,0,0,80,0,48,"SQ_INSTS_VALU_MFMA_MOPS_BF16",786432.000000,7889351518785,7889351527966
921,15989,"Agent 1",4,1,1,49152,9121,"fused_moe_kernel",256,0,0,80,0,48,"FETCH_SIZE",49194.250000,7889351897125,7889351914645
921,15991,"Agent 1",4,1,1,65536,9122,"fused_moe_kernel",256,0,0,80,0,48,"FETCH_SIZE",24707.000000,7889352011105,7889352020526
921,16006,"Agent 1",4,1,1,49152,9121,"fused_moe_kernel",256,0,0,80,0,48,"FETCH_SIZE",49194.750000,7889352415985,7889352434748
921,16008,"Agent 1",4,1,1,65536,9122,"fused_moe_kernel",256,0,0,80,0,48,"FETCH_SIZE",24707.000000,7889352533091,7889352542433
921,16023,"Agent 1",4,1,1,49152,9121,"fused_moe_kernel",256,0,0,80,0,48,"FETCH_SIZE",49195.000000,7889352916162,7889352934043
921,16025,"Agent 1",4,1,1,65536,9122,"fused_moe_kernel",256,0,0,80,0,48,"FETCH_SIZE",24707.000000,7889353029460,7889353038801
921,16040,"Agent 1",4,1,1,49152,9121,"fused_moe_kernel",256,0,0,80,0,48,"FETCH_SIZE",49195.250000,7889353406197,7889353423516
921,16042,"Agent 1",4,1,1,65536,9122,"fused_moe_kernel",256,0,0,80,0,48,"FETCH_SIZE",24707.000000,7889353515686,7889353525628
921,16057,"Agent 1",4,1,1,49152,9121,"fused_moe_kernel",256,0,0,80,0,48,"WRITE_SIZE",24.000000,7889353908539,7889353925818
921,16059,"Agent 1",4,1,1,65536,9122,"fused_moe_kernel",256,0,0,80,0,48,"WRITE_SIZE",32.000000,7889354009889,7889354020193
922,16074,"Agent 1",4,1,1,49152,9121,"fused_moe_kernel",256,0,0,80,0,48,"WRITE_SIZE",24.000000,7889354386065,7889354403424
922,16076,"Agent 1",4,1,1,65536,9122,"fused_moe_kernel",256,0,0,80,0,48,"WRITE_SIZE",32.000000,7889354488217,7889354498280
922,16091,"Agent 1",4,1,1,49152,9121,"fused_moe_kernel",256,0,0,80,0,48,"WRITE_SIZE",24.000000,7889354874655,7889354892055
922,16093,"Agent 1",4,1,1,65536,9122,"fused_moe_kernel",256,0,0,80,0,48,"WRITE_SIZE",32.000000,7889354978251,7889354988234
922,16108,"Agent 1",4,1,1,49152,9121,"fused_moe_kernel",256,0,0,80,0,48,"WRITE_SIZE",24.000000,7889355359999,7889355378361
922,16110,"Agent 1",4,1,1,65536,9122,"fused_moe_kernel",256,0,0,80,0,48,"WRITE_SIZE",32.000000,7889355462312,7889355472936
953,16155,"Agent 1",4,1,1,49152,9121,"fused_moe_kernel",256,0,0,80,0,48,"SQ_INSTS_VALU_MFMA_MOPS_BF16",1572864.000000,7889356800595,7889356818275
953,16157,"Agent 1",4,1,1,65536,9122,"fused_moe_kernel",256,0,0,80,0,48,"SQ_INSTS_VALU_MFMA_MOPS_BF16",786432.000000,7889356917941,7889356928084
953,16172,"Agent 1",4,1,1,49152,9121,"fused_moe_kernel",256,0,0,80,0,48,"SQ_INSTS_VALU_MFMA_MOPS_BF16",1572864.000000,7889357528530,7889357546972
953,16174,"Agent 1",4,1,1,65536,9122,"fused_moe_kernel",256,0,0,80,0,48,"SQ_INSTS_VALU_MFMA_MOPS_BF16",786432.000000,7889357606427,7889357616249
953,16189,"Agent 1",4,1,1,49152,9121,"fused_moe_kernel",256,0,0,80,0,48,"SQ_INSTS_VALU_MFMA_MOPS_BF16",1572864.000000,7889358579880,7889358598563
953,16191,"Agent 1",4,1,1,65536,9122,"fused_moe_kernel",256,0,0,80,0,48,"SQ_INSTS_VALU_MFMA_MOPS_BF16",786432.000000,7889358873027,7889358882007
953,16206,"Agent 1",4,1,1,49152,9121,"fused_moe_kernel",256,0,0,80,0,48,"SQ_INSTS_VALU_MFMA_MOPS_BF16",1572864.000000,7889366225584,7889366243585
953,16208,"Agent 1",4,1,1,65536,9122,"fused_moe_kernel",256,0,0,80,0,48,"SQ_INSTS_VALU_MFMA_MOPS_BF16",786432.000000,7889366868606,7889366878308
953,16223,"Agent 1",4,1,1,49152,9121,"fused_moe_kernel",256,0,0,80,0,48,"FETCH_SIZE",49194.750000,7889376330841,7889376349002
953,16225,"Agent 1",4,1,1,65536,9122,"fused_moe_kernel",256,0,0,80,0,48,"FETCH_SIZE",24707.000000,7889377965678,7889377975019
953,16240,"Agent 1",4,1,1,49152,9121,"fused_moe_kernel",256,0,0,80,0,48,"FETCH_SIZE",49197.250000,7889391455149,7889391472429
953,16242,"Agent 1",4,1,1,65536,9122,"fused_moe_kernel",256,0,0,80,0,48,"FETCH_SIZE",24707.000000,7889394787807,7889394797469
953,16257,"Agent 1",4,1,1,49152,9121,"fused_moe_kernel",256,0,0,80,0,48,"FETCH_SIZE",49194.500000,7889404899598,7889404917238
953,16259,"Agent 1",4,1,1,65536,9122,"fused_moe_kernel",256,0,0,80,0,48,"FETCH_SIZE",24707.000000,7889405567477,7889405576578
953,16274,"Agent 1",4,1,1,49152,9121,"fused_moe_kernel",256,0,0,80,0,48,"FETCH_SIZE",49194.000000,7889406167601,7889406185402
953,16276,"Agent 1",4,1,1,65536,9122,"fused_moe_kernel",256,0,0,80,0,48,"FETCH_SIZE",24707.000000,7889406287073,7889406297136
953,16291,"Agent 1",4,1,1,49152,9121,"fused_moe_kernel",256,0,0,80,0,48,"WRITE_SIZE",24.000000,7889406715247,7889406733127
953,16293,"Agent 1",4,1,1,65536,9122,"fused_moe_kernel",256,0,0,80,0,48,"WRITE_SIZE",32.000000,7889406820686,7889406830268
953,16308,"Agent 1",4,1,1,49152,9121,"fused_moe_kernel",256,0,0,80,0,48,"WRITE_SIZE",24.000000,7889407230899,7889407249141
953,16310,"Agent 1",4,1,1,65536,9122,"fused_moe_kernel",256,0,0,80,0,48,"WRITE_SIZE",32.000000,7889407331488,7889407341110
953,16325,"Agent 1",4,1,1,49152,9121,"fused_moe_kernel",256,0,0,80,0,48,"WRITE_SIZE",24.000000,7889407726666,7889407744587
953,16327,"Agent 1",4,1,1,65536,9122,"fused_moe_kernel",256,0,0,80,0,48,"WRITE_SIZE",32.000000,7889407828578,7889407838440
953,16342,"Agent 1",4,1,1,49152,9121,"fused_moe_kernel",256,0,0,80,0,48,"WRITE_SIZE",24.000000,7889408241196,7889408258876
953,16344,"Agent 1",4,1,1,65536,9122,"fused_moe_kernel",256,0,0,80,0,48,"WRITE_SIZE",32.000000,7889408345634,7889408355456
953,16359,"Agent 1",4,1,1,49152,9121,"fused_moe_kernel",256,0,0,80,0,48,"SQ_INSTS_VALU_MFMA_MOPS_BF16",1572864.000000,7889408735320,7889408754042
953,16361,"Agent 1",4,1,1,65536,9122,"fused_moe_kernel",256,0,0,80,0,48,"SQ_INSTS_VALU_MFMA_MOPS_BF16",786432.000000,7889408817587,7889408827088
953,16376,"Agent 1",4,1,1,49152,9121,"fused_moe_kernel",256,0,0,80,0,48,"SQ_INSTS_VALU_MFMA_MOPS_BF16",1572864.000000,7889409235079,7889409253080
953,16378,"Agent 1",4,1,1,65536,9122,"fused_moe_kernel",256,0,0,80,0,48,"SQ_INSTS_VALU_MFMA_MOPS_BF16",786432.000000,7889409318830,7889409328452
953,16393,"Agent 1",4,1,1,49152,9121,"fused_moe_kernel",256,0,0,80,0,48,"SQ_INSTS_VALU_MFMA_MOPS_BF16",1572864.000000,7889409695045,7889409713167
953,16395,"Agent 1",4,1,1,65536,9122,"fused_moe_kernel",256,0,0,80,0,48,"SQ_INSTS_VALU_MFMA_MOPS_BF16",786432.000000,7889409776190,7889409785571
954,16410,"Agent 1",4,1,1,49152,9121,"fused_moe_kernel",256,0,0,80,0,48,"SQ_INSTS_VALU_MFMA_MOPS_BF16",1572864.000000,7889410155492,7889410173413
954,16412,"Agent 1",4,1,1,65536,9122,"fused_moe_kernel",256,0,0,80,0,48,"SQ_INSTS_VALU_MFMA_MOPS_BF16",786432.000000,7889410241287,7889410251150
954,16427,"Agent 1",4,1,1,49152,9121,"fused_moe_kernel",256,0,0,80,0,48,"FETCH_SIZE",49198.750000,7889410613494,7889410631094
954,16429,"Agent 1",4,1,1,65536,9122,"fused_moe_kernel",256,0,0,80,0,48,"FETCH_SIZE",24707.000000,7889410727312,7889410736814
954,16444,"Agent 1",4,1,1,49152,9121,"fused_moe_kernel",256,0,0,80,0,48,"FETCH_SIZE",49193.750000,7889411134759,7889411152519
954,16446,"Agent 1",4,1,1,65536,9122,"fused_moe_kernel",256,0,0,80,0,48,"FETCH_SIZE",24707.062500,7889411246373,7889411256636
954,16461,"Agent 1",4,1,1,49152,9121,"fused_moe_kernel",256,0,0,80,0,48,"FETCH_SIZE",49194.000000,7889411655182,7889411673063
954,16463,"Agent 1",4,1,1,65536,9122,"fused_moe_kernel",256,0,0,80,0,48,"FETCH_SIZE",24707.000000,7889411770484,7889411780427
954,16478,"Agent 1",4,1,1,49152,9121,"fused_moe_kernel",256,0,0,80,0,48,"FETCH_SIZE",49199.062500,7889412186270,7889412204631
954,16480,"Agent 1",4,1,1,65536,9122,"fused_moe_kernel",256,0,0,80,0,48,"FETCH_SIZE",24707.000000,7889412297603,7889412306583
954,16495,"Agent 1",4,1,1,49152,9121,"fused_moe_kernel",256,0,0,80,0,48,"WRITE_SIZE",24.000000,7889412720444,7889412738125
954,16497,"Agent 1",4,1,1,65536,9122,"fused_moe_kernel",256,0,0,80,0,48,"WRITE_SIZE",32.000000,7889412823639,7889412833181
954,16512,"Agent 1",4,1,1,49152,9121,"fused_moe_kernel",256,0,0,80,0,48,"WRITE_SIZE",24.000000,7889413223909,7889413242632
954,16514,"Agent 1",4,1,1,65536,9122,"fused_moe_kernel",256,0,0,80,0,48,"WRITE_SIZE",32.000000,7889413328066,7889413337487
954,16529,"Agent 1",4,1,1,49152,9121,"fused_moe_kernel",256,0,0,80,0,48,"WRITE_SIZE",24.000000,7889413716830,7889413733748
954,16531,"Agent 1",4,1,1,65536,9122,"fused_moe_kernel",256,0,0,80,0,48,"WRITE_SIZE",32.000000,7889413815214,7889413824635
954,16546,"Agent 1",4,1,1,49152,9121,"fused_moe_kernel",256,0,0,80,0,48,"WRITE_SIZE",24.000000,7889414220054,7889414238055
954,16548,"Agent 1",4,1,1,65536,9122,"fused_moe_kernel",256,0,0,80,0,48,"WRITE_SIZE",32.000000,7889414322086,7889414332349
954,16563,"Agent 1",4,1,1,49152,9121,"fused_moe_kernel",256,0,0,80,0,48,"SQ_INSTS_VALU_MFMA_MOPS_BF16",1572864.000000,7889414719710,7889414738032
954,16565,"Agent 1",4,1,1,65536,9122,"fused_moe_kernel",256,0,0,80,0,48,"SQ_INSTS_VALU_MFMA_MOPS_BF16",786432.000000,7889414803100,7889414813443
954,16580,"Agent 1",4,1,1,49152,9121,"fused_moe_kernel",256,0,0,80,0,48,"SQ_INSTS_VALU_MFMA_MOPS_BF16",1572864.000000,7889415191383,7889415208902
954,16582,"Agent 1",4,1,1,65536,9122,"fused_moe_kernel",256,0,0,80,0,48,"SQ_INSTS_VALU_MFMA_MOPS_BF16",786432.000000,7889415274492,7889415284073
954,16597,"Agent 1",4,1,1,49152,9121,"fused_moe_kernel",256,0,0,80,0,48,"SQ_INSTS_VALU_MFMA_MOPS_BF16",1572864.000000,7889415655317,7889415673038
954,16599,"Agent 1",4,1,1,65536,9122,"fused_moe_kernel",256,0,0,80,0,48,"SQ_INSTS_VALU_MFMA_MOPS_BF16",786432.000000,7889415740150,7889415749411
954,16614,"Agent 1",4,1,1,49152,9121,"fused_moe_kernel",256,0,0,80,0,48,"SQ_INSTS_VALU_MFMA_MOPS_BF16",1572864.000000,7889416100209,7889416118290
954,16616,"Agent 1",4,1,1,65536,9122,"fused_moe_kernel",256,0,0,80,0,48,"SQ_INSTS_VALU_MFMA_MOPS_BF16",786432.000000,7889416184000,7889416193942
954,16631,"Agent 1",4,1,1,49152,9121,"fused_moe_kernel",256,0,0,80,0,48,"FETCH_SIZE",49194.000000,7889416545341,7889416564144
954,16633,"Agent 1",4,1,1,65536,9122,"fused_moe_kernel",256,0,0,80,0,48,"FETCH_SIZE",24707.000000,7889416662006,7889416671227
954,16648,"Agent 1",4,1,1,49152,9121,"fused_moe_kernel",256,0,0,80,0,48,"FETCH_SIZE",49195.750000,7889417073622,7889417091383
954,16650,"Agent 1",4,1,1,65536,9122,"fused_moe_kernel",256,0,0,80,0,48,"FETCH_SIZE",24707.000000,7889417197223,7889417206765
955,16665,"Agent 1",4,1,1,49152,9121,"fused_moe_kernel",256,0,0,80,0,48,"FETCH_SIZE",49195.250000,7889417597012,7889417615093
955,16667,"Agent 1",4,1,1,65536,9122,"fused_moe_kernel",256,0,0,80,0,48,"FETCH_SIZE",24707.000000,7889417707023,7889417717366
955,16682,"Agent 1",4,1,1,49152,9121,"fused_moe_kernel",256,0,0,80,0,48,"FETCH_SIZE",49198.000000,7889418128140,7889418146662
955,16684,"Agent 1",4,1,1,65536,9122,"fused_moe_kernel",256,0,0,80,0,48,"FETCH_SIZE",24707.000000,7889418242761,7889418252222
955,16699,"Agent 1",4,1,1,49152,9121,"fused_moe_kernel",256,0,0,80,0,48,"WRITE_SIZE",24.000000,7889418643833,7889418661553
955,16701,"Agent 1",4,1,1,65536,9122,"fused_moe_kernel",256,0,0,80,0,48,"WRITE_SIZE",32.000000,7889418746586,7889418756609
955,16716,"Agent 1",4,1,1,49152,9121,"fused_moe_kernel",256,0,0,80,0,48,"WRITE_SIZE",24.000000,7889419139199,7889419156919
955,16718,"Agent 1",4,1,1,65536,9122,"fused_moe_kernel",256,0,0,80,0,48,"WRITE_SIZE",32.000000,7889419244639,7889419255183
955,16733,"Agent 1",4,1,1,49152,9121,"fused_moe_kernel",256,0,0,80,0,48,"WRITE_SIZE",24.000000,7889419633643,7889419652727
955,16735,"Agent 1",4,1,1,65536,9122,"fused_moe_kernel",256,0,0,80,0,48,"WRITE_SIZE",32.000000,7889419736918,7889419747021
955,16750,"Agent 1",4,1,1,49152,9121,"fused_moe_kernel",256,0,0,80,0,48,"WRITE_SIZE",24.000000,7889420128087,7889420146128
955,16752,"Agent 1",4,1,1,65536,9122,"fused_moe_kernel",256,0,0,80,0,48,"WRITE_SIZE",32.000000,7889420236053,7889420246116
955,16767,"Agent 1",4,1,1,49152,9121,"fused_moe_kernel",256,0,0,80,0,48,"SQ_INSTS_VALU_MFMA_MOPS_BF16",1572864.000000,7889420617600,7889420635802
955,16769,"Agent 1",4,1,1,65536,9122,"fused_moe_kernel",256,0,0,80,0,48,"SQ_INSTS_VALU_MFMA_MOPS_BF16",786432.000000,7889420698063,7889420708487
955,16784,"Agent 1",4,1,1,49152,9121,"fused_moe_kernel",256,0,0,80,0,48,"SQ_INSTS_VALU_MFMA_MOPS_BF16",1572864.000000,7889421055837,7889421073998
955,16786,"Agent 1",4,1,1,65536,9122,"fused_moe_kernel",256,0,0,80,0,48,"SQ_INSTS_VALU_MFMA_MOPS_BF16",786432.000000,7889421136260,7889421146042
955,16801,"Agent 1",4,1,1,49152,9121,"fused_moe_kernel",256,0,0,80,0,48,"SQ_INSTS_VALU_MFMA_MOPS_BF16",1572864.000000,7889421507424,7889421525585
955,16803,"Agent 1",4,1,1,65536,9122,"fused_moe_kernel",256,0,0,80,0,48,"SQ_INSTS_VALU_MFMA_MOPS_BF16",786432.000000,7889421593058,7889421603362
955,16818,"Agent 1",4,1,1,49152,9121,"fused_moe_kernel",256,0,0,80,0,48,"SQ_INSTS_VALU_MFMA_MOPS_BF16",1572864.000000,7889421960454,7889421978254
955,16820,"Agent 1",4,1,1,65536,9122,"fused_moe_kernel",256,0,0,80,0,48,"SQ_INSTS_VALU_MFMA_MOPS_BF16",786432.000000,7889422058236,7889422067577
955,16835,"Agent 1",4,1,1,49152,9121,"fused_moe_kernel",256,0,0,80,0,48,"FETCH_SIZE",49195.000000,7889422424068,7889422442069
955,16837,"Agent 1",4,1,1,65536,9122,"fused_moe_kernel",256,0,0,80,0,48,"FETCH_SIZE",24707.000000,7889422534599,7889422544502
955,16852,"Agent 1",4,1,1,49152,9121,"fused_moe_kernel",256,0,0,80,0,48,"FETCH_SIZE",49194.000000,7889422926971,7889422945694
955,16854,"Agent 1",4,1,1,65536,9122,"fused_moe_kernel",256,0,0,80,0,48,"FETCH_SIZE",24707.000000,7889423044078,7889423054221
955,16869,"Agent 1",4,1,1,49152,9121,"fused_moe_kernel",256,0,0,80,0,48,"FETCH_SIZE",49196.250000,7889423417487,7889423435287
955,16871,"Agent 1",4,1,1,65536,9122,"fused_moe_kernel",256,0,0,80,0,48,"FETCH_SIZE",24707.000000,7889423529541,7889423539444
955,16886,"Agent 1",4,1,1,49152,9121,"fused_moe_kernel",256,0,0,80,0,48,"FETCH_SIZE",49195.750000,7889423913334,7889423932377
955,16888,"Agent 1",4,1,1,65536,9122,"fused_moe_kernel",256,0,0,80,0,48,"FETCH_SIZE",24707.000000,7889424032445,7889424041906
955,16903,"Agent 1",4,1,1,49152,9121,"fused_moe_kernel",256,0,0,80,0,48,"WRITE_SIZE",24.000000,7889424421048,7889424438167
955,16905,"Agent 1",4,1,1,65536,9122,"fused_moe_kernel",256,0,0,80,0,48,"WRITE_SIZE",32.000000,7889424518229,7889424527731
956,16920,"Agent 1",4,1,1,49152,9121,"fused_moe_kernel",256,0,0,80,0,48,"WRITE_SIZE",24.000000,7889424902984,7889424921186
956,16922,"Agent 1",4,1,1,65536,9122,"fused_moe_kernel",256,0,0,80,0,48,"WRITE_SIZE",32.000000,7889425000847,7889425010910
956,16937,"Agent 1",4,1,1,49152,9121,"fused_moe_kernel",256,0,0,80,0,48,"WRITE_SIZE",24.000000,7889425390292,7889425408173
956,16939,"Agent 1",4,1,1,65536,9122,"fused_moe_kernel",256,0,0,80,0,48,"WRITE_SIZE",32.000000,7889425490159,7889425500423
956,16954,"Agent 1",4,1,1,49152,9121,"fused_moe_kernel",256,0,0,80,0,48,"WRITE_SIZE",24.000000,7889425872789,7889425890830
956,16956,"Agent 1",4,1,1,65536,9122,"fused_moe_kernel",256,0,0,80,0,48,"WRITE_SIZE",32.000000,7889425973097,7889425983682
987,17001,"Agent 1",4,1,1,49152,9121,"fused_moe_kernel",256,0,0,80,0,48,"SQ_INSTS_VALU_MFMA_MOPS_BF16",1572864.000000,7889427251645,7889427269245
987,17003,"Agent 1",4,1,1,65536,9122,"fused_moe_kernel",256,0,0,80,0,48,"SQ_INSTS_VALU_MFMA_MOPS_BF16",786432.000000,7889427364621,7889427374043
987,17018,"Agent 1",4,1,1,49152,9121,"fused_moe_kernel",256,0,0,80,0,48,"SQ_INSTS_VALU_MFMA_MOPS_BF16",1572864.000000,7889428017466,7889428035186
987,17020,"Agent 1",4,1,1,65536,9122,"fused_moe_kernel",256,0,0,80,0,48,"SQ_INSTS_VALU_MFMA_MOPS_BF16",786432.000000,7889428104624,7889428114687
987,17035,"Agent 1",4,1,1,49152,9121,"fused_moe_kernel",256,0,0,80,0,48,"SQ_INSTS_VALU_MFMA_MOPS_BF16",1572864.000000,7889432342540,7889432361022
987,17037,"Agent 1",4,1,1,65536,9122,"fused_moe_kernel",256,0,0,80,0,48,"SQ_INSTS_VALU_MFMA_MOPS_BF16",786432.000000,7889433386995,7889433397058
987,17052,"Agent 1",4,1,1,49152,9121,"fused_moe_kernel",256,0,0,80,0,48,"SQ_INSTS_VALU_MFMA_MOPS_BF16",1572864.000000,7889441035105,7889441053065
987,17054,"Agent 1",4,1,1,65536,9122,"fused_moe_kernel",256,0,0,80,0,48,"SQ_INSTS_VALU_MFMA_MOPS_BF16",786432.000000,7889442548666,7889442557767
987,17069,"Agent 1",4,1,1,49152,9121,"fused_moe_kernel",256,0,0,80,0,48,"FETCH_SIZE",49194.000000,7889452380301,7889452397941
987,17071,"Agent 1",4,1,1,65536,9122,"fused_moe_kernel",256,0,0,80,0,48,"FETCH_SIZE",24707.000000,7889454367820,7889454376961
987,17086,"Agent 1",4,1,1,49152,9121,"fused_moe_kernel",256,0,0,80,0,48,"FETCH_SIZE",49194.500000,7889466172300,7889466189539
987,17088,"Agent 1",4,1,1,65536,9122,"fused_moe_kernel",256,0,0,80,0,48,"FETCH_SIZE",24707.000000,7889467339674,7889467349336
987,17103,"Agent 1",4,1,1,49152,9121,"fused_moe_kernel",256,0,0,80,0,48,"FETCH_SIZE",49196.000000,7889476130850,7889476149011
987,17105,"Agent 1",4,1,1,65536,9122,"fused_moe_kernel",256,0,0,80,0,48,"FETCH_SIZE",24707.000000,7889476248998,7889476258500
987,17120,"Agent 1",4,1,1,49152,9121,"fused_moe_kernel",256,0,0,80,0,48,"FETCH_SIZE",49196.500000,7889476862072,7889476880153
987,17122,"Agent 1",4,1,1,65536,9122,"fused_moe_kernel",256,0,0,80,0,48,"FETCH_SIZE",24707.000000,7889476983749,7889476993170
987,17137,"Agent 1",4,1,1,49152,9121,"fused_moe_kernel",256,0,0,80,0,48,"WRITE_SIZE",24.000000,7889477424110,7889477441269
987,17139,"Agent 1",4,1,1,65536,9122,"fused_moe_kernel",256,0,0,80,0,48,"WRITE_SIZE",32.000000,7889477525020,7889477534762
987,17154,"Agent 1",4,1,1,49152,9121,"fused_moe_kernel",256,0,0,80,0,48,"WRITE_SIZE",24.000000,7889477939322,7889477957603
987,17156,"Agent 1",4,1,1,65536,9122,"fused_moe_kernel",256,0,0,80,0,48,"WRITE_SIZE",32.000000,7889478048329,7889478058713
987,17171,"Agent 1",4,1,1,49152,9121,"fused_moe_kernel",256,0,0,80,0,48,"WRITE_SIZE",24.000000,7889478474498,7889478491457
987,17173,"Agent 1",4,1,1,65536,9122,"fused_moe_kernel",256,0,0,80,0,48,"WRITE_SIZE",32.000000,7889478580740,7889478590843
987,17188,"Agent 1",4,1,1,49152,9121,"fused_moe_kernel",256,0,0,80,0,48,"WRITE_SIZE",24.000000,7889478990953,7889479009395
987,17190,"Agent 1",4,1,1,65536,9122,"fused_moe_kernel",256,0,0,80,0,48,"WRITE_SIZE",32.000000,7889479097034,7889479106936
987,17205,"Agent 1",4,1,1,49152,9121,"fused_moe_kernel",256,0,0,80,0,48,"SQ_INSTS_VALU_MFMA_MOPS_BF16",1572864.000000,7889479512659,7889479530259
987,17207,"Agent 1",4,1,1,65536,9122,"fused_moe_kernel",256,0,0,80,0,48,"SQ_INSTS_VALU_MFMA_MOPS_BF16",786432.000000,7889479602062,7889479612005
987,17222,"Agent 1",4,1,1,49152,9121,"fused_moe_kernel",256,0,0,80,0,48,"SQ_INSTS_VALU_MFMA_MOPS_BF16",1572864.000000,7889479999366,7889480018128
987,17224,"Agent 1",4,1,1,65536,9122,"fused_moe_kernel",256,0,0,80,0,48,"SQ_INSTS_VALU_MFMA_MOPS_BF16",786432.000000,7889480088608,7889480097829
987,17239,"Agent 1",4,1,1,49152,9121,"fused_moe_kernel",256,0,0,80,0,48,"SQ_INSTS_VALU_MFMA_MOPS_BF16",1572864.000000,7889480497819,7889480516261
987,17241,"Agent 1",4,1,1,65536,9122,"fused_moe_kernel",256,0,0,80,0,48,"SQ_INSTS_VALU_MFMA_MOPS_BF16",786432.000000,7889480585498,7889480594920
988,17256,"Agent 1",4,1,1,49152,9121,"fused_moe_kernel",256,0,0,80,0,48,"SQ_INSTS_VALU_MFMA_MOPS_BF16",1572864.000000,7889480975705,7889480993987
988,17258,"Agent 1",4,1,1,65536,9122,"fused_moe_kernel",256,0,0,80,0,48,"SQ_INSTS_VALU_MFMA_MOPS_BF16",786432.000000,7889481067675,7889481077136
988,17273,"Agent 1",4,1,1,49152,9121,"fused_moe_kernel",256,0,0,80,0,48,"FETCH_SIZE",49197.000000,7889481471793,7889481489834
988,17275,"Agent 1",4,1,1,65536,9122,"fused_moe_kernel",256,0,0,80,0,48,"FETCH_SIZE",24707.000000,7889481586935,7889481596236
988,17290,"Agent 1",4,1,1,49152,9121,"fused_moe_kernel",256,0,0,80,0,48,"FETCH_SIZE",49195.500000,7889482016672,7889482035154
988,17292,"Agent 1",4,1,1,65536,9122,"fused_moe_kernel",256,0,0,80,0,48,"FETCH_SIZE",24707.062500,7889482133859,7889482143761
988,17307,"Agent 1",4,1,1,49152,9121,"fused_moe_kernel",256,0,0,80,0,48,"FETCH_SIZE",49194.750000,7889482553333,7889482571133
988,17309,"Agent 1",4,1,1,65536,9122,"fused_moe_kernel",256,0,0,80,0,48,"FETCH_SIZE",24707.000000,7889482668073,7889482678377
988,17324,"Agent 1",4,1,1,49152,9121,"fused_moe_kernel",256,0,0,80,0,48,"FETCH_SIZE",49195.000000,7889483064134,7889483081894
988,17326,"Agent 1",4,1,1,65536,9122,"fused_moe_kernel",256,0,0,80,0,48,"FETCH_SIZE",24707.500000,7889483180920,7889483191223
988,17341,"Agent 1",4,1,1,49152,9121,"fused_moe_kernel",256,0,0,80,0,48,"WRITE_SIZE",24.000000,7889483603280,7889483621802
988,17343,"Agent 1",4,1,1,65536,9122,"fused_moe_kernel",256,0,0,80,0,48,"WRITE_SIZE",32.000000,7889483708720,7889483718662
988,17358,"Agent 1",4,1,1,49152,9121,"fused_moe_kernel",256,0,0,80,0,48,"WRITE_SIZE",24.000000,7889484116366,7889484133886
988,17360,"Agent 1",4,1,1,65536,9122,"fused_moe_kernel",256,0,0,80,0,48,"WRITE_SIZE",32.000000,7889484219601,7889484229824
988,17375,"Agent 1",4,1,1,49152,9121,"fused_moe_kernel",256,0,0,80,0,48,"WRITE_SIZE",24.000000,7889484631698,7889484648977
988,17377,"Agent 1",4,1,1,65536,9122,"fused_moe_kernel",256,0,0,80,0,48,"WRITE_SIZE",32.000000,7889484730723,7889484740786
988,17392,"Agent 1",4,1,1,49152,9121,"fused_moe_kernel",256,0,0,80,0,48,"WRITE_SIZE",24.000000,7889485142780,7889485161262
988,17394,"Agent 1",4,1,1,65536,9122,"fused_moe_kernel",256,0,0,80,0,48,"WRITE_SIZE",32.000000,7889485250585,7889485260728
988,17409,"Agent 1",4,1,1,49152,9121,"fused_moe_kernel",256,0,0,80,0,48,"SQ_INSTS_VALU_MFMA_MOPS_BF16",1572864.000000,7889485667092,7889485685053
988,17411,"Agent 1",4,1,1,65536,9122,"fused_moe_kernel",256,0,0,80,0,48,"SQ_INSTS_VALU_MFMA_MOPS_BF16",786432.000000,7889485747676,7889485757217
988,17426,"Agent 1",4,1,1,49152,9121,"fused_moe_kernel",256,0,0,80,0,48,"SQ_INSTS_VALU_MFMA_MOPS_BF16",1572864.000000,7889486133312,7889486150872
988,17428,"Agent 1",4,1,1,65536,9122,"fused_moe_kernel",256,0,0,80,0,48,"SQ_INSTS_VALU_MFMA_MOPS_BF16",786432.000000,7889486220952,7889486230614
988,17443,"Agent 1",4,1,1,49152,9121,"fused_moe_kernel",256,0,0,80,0,48,"SQ_INSTS_VALU_MFMA_MOPS_BF16",1572864.000000,7889486600254,7889486618736
988,17445,"Agent 1",4,1,1,65536,9122,"fused_moe_kernel",256,0,0,80,0,48,"SQ_INSTS_VALU_MFMA_MOPS_BF16",786432.000000,7889486690419,7889486699760
988,17460,"Agent 1",4,1,1,49152,9121,"fused_moe_kernel",256,0,0,80,0,48,"SQ_INSTS_VALU_MFMA_MOPS_BF16",1572864.000000,7889487072408,7889487090248
988,17462,"Agent 1",4,1,1,65536,9122,"fused_moe_kernel",256,0,0,80,0,48,"SQ_INSTS_VALU_MFMA_MOPS_BF16",786432.000000,7889487158844,7889487168586
988,17477,"Agent 1",4,1,1,49152,9121,"fused_moe_kernel",256,0,0,80,0,48,"FETCH_SIZE",49193.250000,7889487545604,7889487564046
988,17479,"Agent 1",4,1,1,65536,9122,"fused_moe_kernel",256,0,0,80,0,48,"FETCH_SIZE",24707.000000,7889487661748,7889487671289
988,17494,"Agent 1",4,1,1,49152,9121,"fused_moe_kernel",256,0,0,80,0,48,"FETCH_SIZE",49195.500000,7889488094131,7889488111811
988,17496,"Agent 1",4,1,1,65536,9122,"fused_moe_kernel",256,0,0,80,0,48,"FETCH_SIZE",24707.000000,7889488213522,7889488223866
989,17511,"Agent 1",4,1,1,49152,9121,"fused_moe_kernel",256,0,0,80,0,48,"FETCH_SIZE",49194.500000,7889488625780,7889488643700
989,17513,"Agent 1",4,1,1,65536,9122,"fused_moe_kernel",256,0,0,80,0,48,"FETCH_SIZE",24707.000000,7889488739198,7889488748699
989,17528,"Agent 1",4,1,1,49152,9121,"fused_moe_kernel",256,0,0,80,0,48,"FETCH_SIZE",49195.500000,7889489148769,7889489167090
989,17530,"Agent 1",4,1,1,65536,9122,"fused_moe_kernel",256,0,0,80,0,48,"FETCH_SIZE",24707.000000,7889489264352,7889489274535
989,17545,"Agent 1",4,1,1,49152,9121,"fused_moe_kernel",256,0,0,80,0,48,"WRITE_SIZE",24.000000,7889489686832,7889489704713
989,17547,"Agent 1",4,1,1,65536,9122,"fused_moe_kernel",256,0,0,80,0,48,"WRITE_SIZE",32.000000,7889489791510,7889489801052
989,17562,"Agent 1",4,1,1,49152,9121,"fused_moe_kernel",256,0,0,80,0,48,"WRITE_SIZE",24.000000,7889490204569,7889490222530
989,17564,"Agent 1",4,1,1,65536,9122,"fused_moe_kernel",256,0,0,80,0,48,"WRITE_SIZE",32.000000,7889490304797,7889490314780
989,17579,"Agent 1",4,1,1,49152,9121,"fused_moe_kernel",256,0,0,80,0,48,"WRITE_SIZE",24.000000,7889490700256,7889490718378
989,17581,"Agent 1",4,1,1,65536,9122,"fused_moe_kernel",256,0,0,80,0,48,"WRITE_SIZE",32.000000,7889490804814,7889490813835
989,17596,"Agent 1",4,1,1,49152,9121,"fused_moe_kernel",256,0,0,80,0,48,"WRITE_SIZE",24.000000,7889491207891,7889491226293
989,17598,"Agent 1",4,1,1,65536,9122,"fused_moe_kernel",256,0,0,80,0,48,"WRITE_SIZE",32.000000,7889491310364,7889491320427
989,17613,"Agent 1",4,1,1,49152,9121,"fused_moe_kernel",256,0,0,80,0,48,"SQ_INSTS_VALU_MFMA_MOPS_BF16",1572864.000000,7889491708749,7889491727232
989,17615,"Agent 1",4,1,1,65536,9122,"fused_moe_kernel",256,0,0,80,0,48,"SQ_INSTS_VALU_MFMA_MOPS_BF16",786432.000000,7889491795106,7889491804808
989,17630,"Agent 1",4,1,1,49152,9121,"fused_moe_kernel",256,0,0,80,0,48,"SQ_INSTS_VALU_MFMA_MOPS_BF16",1572864.000000,7889492166751,7889492185113
989,17632,"Agent 1",4,1,1,65536,9122,"fused_moe_kernel",256,0,0,80,0,48,"SQ_INSTS_VALU_MFMA_MOPS_BF16",786432.000000,7889492250221,7889492260083
989,17647,"Agent 1",4,1,1,49152,9121,"fused_moe_kernel",256,0,0,80,0,48,"SQ_INSTS_VALU_MFMA_MOPS_BF16",1572864.000000,7889492642473,7889492660233
989,17649,"Agent 1",4,1,1,65536,9122,"fused_moe_kernel",256,0,0,80,0,48,"SQ_INSTS_VALU_MFMA_MOPS_BF16",786432.000000,7889492730753,7889492740295
989,17664,"Agent 1",4,1,1,49152,9121,"fused_moe_kernel",256,0,0,80,0,48,"SQ_INSTS_VALU_MFMA_MOPS_BF16",1572864.000000,7889493127896,7889493146218
989,17666,"Agent 1",4,1,1,65536,9122,"fused_moe_kernel",256,0,0,80,0,48,"SQ_INSTS_VALU_MFMA_MOPS_BF16",786432.000000,7889493217139,7889493227443
989,17681,"Agent 1",4,1,1,49152,9121,"fused_moe_kernel",256,0,0,80,0,48,"FETCH_SIZE",49193.750000,7889493603377,7889493621378
989,17683,"Agent 1",4,1,1,65536,9122,"fused_moe_kernel",256,0,0,80,0,48,"FETCH_SIZE",24707.000000,7889493716715,7889493726778
989,17698,"Agent 1",4,1,1,49152,9121,"fused_moe_kernel",256,0,0,80,0,48,"FETCH_SIZE",49194.625000,7889494108847,7889494126767
989,17700,"Agent 1",4,1,1,65536,9122,"fused_moe_kernel",256,0,0,80,0,48,"FETCH_SIZE",24707.000000,7889494225913,7889494235575
989,17715,"Agent 1",4,1,1,49152,9121,"fused_moe_kernel",256,0,0,80,0,48,"FETCH_SIZE",49195.750000,7889494628027,7889494646589
989,17717,"Agent 1",4,1,1,65536,9122,"fused_moe_kernel",256,0,0,80,0,48,"FETCH_SIZE",24707.000000,7889494739641,7889494749223
989,17732,"Agent 1",4,1,1,49152,9121,"fused_moe_kernel",256,0,0,80,0,48,"FETCH_SIZE",49194.000000,7889495146205,7889495165128
989,17734,"Agent 1",4,1,1,65536,9122,"fused_moe_kernel",256,0,0,80,0,48,"FETCH_SIZE",24707.000000,7889495258661,7889495269045
989,17749,"Agent 1",4,1,1,49152,9121,"fused_moe_kernel",256,0,0,80,0,48,"WRITE_SIZE",24.000000,7889495655924,7889495673604
989,17751,"Agent 1",4,1,1,65536,9122,"fused_moe_kernel",256,0,0,80,0,48,"WRITE_SIZE",32.000000,7889495757676,7889495767859
990,17766,"Agent 1",4,1,1,49152,9121,"fused_moe_kernel",256,0,0,80,0,48,"WRITE_SIZE",24.000000,7889496149807,7889496168209
990,17768,"Agent 1",4,1,1,65536,9122,"fused_moe_kernel",256,0,0,80,0,48,"WRITE_SIZE",32.000000,7889496245545,7889496255528
990,17783,"Agent 1",4,1,1,49152,9121,"fused_moe_kernel",256,0,0,80,0,48,"WRITE_SIZE",24.000000,7889496630861,7889496650145
990,17785,"Agent 1",4,1,1,65536,9122,"fused_moe_kernel",256,0,0,80,0,48,"WRITE_SIZE",32.000000,7889496732131,7889496741833
990,17800,"Agent 1",4,1,1,49152,9121,"fused_moe_kernel",256,0,0,80,0,48,"WRITE_SIZE",24.000000,7889497122419,7889497139738
990,17802,"Agent 1",4,1,1,65536,9122,"fused_moe_kernel",256,0,0,80,0,48,"WRITE_SIZE",32.000000,7889497233912,7889497244015
1021,17847,"Agent 1",4,1,1,49152,9121,"fused_moe_kernel",256,0,0,80,0,48,"SQ_INSTS_VALU_MFMA_MOPS_BF16",1572864.000000,7889498538438,7889498557041
1021,17849,"Agent 1",4,1,1,65536,9122,"fused_moe_kernel",256,0,0,80,0,48,"SQ_INSTS_VALU_MFMA_MOPS_BF16",786432.000000,7889498641232,7889498651936
1021,17864,"Agent 1",4,1,1,49152,9121,"fused_moe_kernel",256,0,0,80,0,48,"SQ_INSTS_VALU_MFMA_MOPS_BF16",1572864.000000,7889499274993,7889499292954
1021,17866,"Agent 1",4,1,1,65536,9122,"fused_moe_kernel",256,0,0,80,0,48,"SQ_INSTS_VALU_MFMA_MOPS_BF16",786432.000000,7889499363715,7889499373297
1021,17881,"Agent 1",4,1,1,49152,9121,"fused_moe_kernel",256,0,0,80,0,48,"SQ_INSTS_VALU_MFMA_MOPS_BF16",1572864.000000,7889500033718,7889500052481
1021,17883,"Agent 1",4,1,1,65536,9122,"fused_moe_kernel",256,0,0,80,0,48,"SQ_INSTS_VALU_MFMA_MOPS_BF16",786432.000000,7889500438158,7889500447740
1021,17898,"Agent 1",4,1,1,49152,9121,"fused_moe_kernel",256,0,0,80,0,48,"SQ_INSTS_VALU_MFMA_MOPS_BF16",1572864.000000,7889511477859,7889511496020
1021,17900,"Agent 1",4,1,1,65536,9122,"fused_moe_kernel",256,0,0,80,0,48,"SQ_INSTS_VALU_MFMA_MOPS_BF16",786432.000000,7889511595567,7889511605469
1021,17915,"Agent 1",4,1,1,49152,9121,"fused_moe_kernel",256,0,0,80,0,48,"FETCH_SIZE",49196.000000,7889521539176,7889521557738
1021,17917,"Agent 1",4,1,1,65536,9122,"fused_moe_kernel",256,0,0,80,0,48,"FETCH_SIZE",24707.000000,7889523294206,7889523303828
1021,17932,"Agent 1",4,1,1,49152,9121,"fused_moe_kernel",256,0,0,80,0,48,"FETCH_SIZE",49194.500000,7889530889877,7889530908559
1021,17934,"Agent 1",4,1,1,65536,9122,"fused_moe_kernel",256,0,0,80,0,48,"FETCH_SIZE",24707.000000,7889532589862,7889532599805
1021,17949,"Agent 1",4,1,1,49152,9121,"fused_moe_kernel",256,0,0,80,0,48,"FETCH_SIZE",49197.000000,7889537839305,7889537857186
1021,17951,"Agent 1",4,1,1,65536,9122,"fused_moe_kernel",256,0,0,80,0,48,"FETCH_SIZE",24707.000000,7889539353147,7889539363250
1021,17966,"Agent 1",4,1,1,49152,9121,"fused_moe_kernel",256,0,0,80,0,48,"FETCH_SIZE",49195.750000,7889545821334,7889545839415
1021,17968,"Agent 1",4,1,1,65536,9122,"fused_moe_kernel",256,0,0,80,0,48,"FETCH_SIZE",24707.000000,7889546111835,7889546121697
1021,17983,"Agent 1",4,1,1,49152,9121,"fused_moe_kernel",256,0,0,80,0,48,"WRITE_SIZE",24.000000,7889548475810,7889548493330
1021,17985,"Agent 1",4,1,1,65536,9122,"fused_moe_kernel",256,0,0,80,0,48,"WRITE_SIZE",32.000000,7889548657022,7889548667045
1021,18000,"Agent 1",4,1,1,49152,9121,"fused_moe_kernel",256,0,0,80,0,48,"WRITE_SIZE",24.000000,7889549137595,7889549155595
1021,18002,"Agent 1",4,1,1,65536,9122,"fused_moe_kernel",256,0,0,80,0,48,"WRITE_SIZE",32.000000,7889549235096,7889549244758
1021,18017,"Agent 1",4,1,1,49152,9121,"fused_moe_kernel",256,0,0,80,0,48,"WRITE_SIZE",24.000000,7889549637571,7889549655572
1021,18019,"Agent 1",4,1,1,65536,9122,"fused_moe_kernel",256,0,0,80,0,48,"WRITE_SIZE",32.000000,7889549734712,7889549744815
1021,18034,"Agent 1",4,1,1,49152,9121,"fused_moe_kernel",256,0,0,80,0,48,"WRITE_SIZE",24.000000,7889550132296,7889550149856
1021,18036,"Agent 1",4,1,1,65536,9122,"fused_moe_kernel",256,0,0,80,0,48,"WRITE_SIZE",32.000000,7889550233326,7889550243509
1021,18051,"Agent 1",4,1,1,49152,9121,"fused_moe_kernel",256,0,0,80,0,48,"SQ_INSTS_VALU_MFMA_MOPS_BF16",1572864.000000,7889550641093,7889550659094
1021,18053,"Agent 1",4,1,1,65536,9122,"fused_moe_kernel",256,0,0,80,0,48,"SQ_INSTS_VALU_MFMA_MOPS_BF16",786432.000000,7889550727530,7889550737552
1021,18068,"Agent 1",4,1,1,49152,9121,"fused_moe_kernel",256,0,0,80,0,48,"SQ_INSTS_VALU_MFMA_MOPS_BF16",1572864.000000,7889551109598,7889551127399
1021,18070,"Agent 1",4,1,1,65536,9122,"fused_moe_kernel",256,0,0,80,0,48,"SQ_INSTS_VALU_MFMA_MOPS_BF16",786432.000000,7889551194151,7889551203732
1021,18085,"Agent 1",4,1,1,49152,9121,"fused_moe_kernel",256,0,0,80,0,48,"SQ_INSTS_VALU_MFMA_MOPS_BF16",1572864.000000,7889551591614,7889551609695
1021,18087,"Agent 1",4,1,1,65536,9122,"fused_moe_kernel",256,0,0,80,0,48,"SQ_INSTS_VALU_MFMA_MOPS_BF16",786432.000000,7889551676126,7889551686149
1022,18102,"Agent 1",4,1,1,49152,9121,"fused_moe_kernel",256,0,0,80,0,48,"SQ_INSTS_VALU_MFMA_MOPS_BF16",1572864.000000,7889552052061,7889552069902
1022,18104,"Agent 1",4,1,1,65536,9122,"fused_moe_kernel",256,0,0,80,0,48,"SQ_INSTS_VALU_MFMA_MOPS_BF16",786432.000000,7889552134489,7889552144592
1022,18119,"Agent 1",4,1,1,49152,9121,"fused_moe_kernel",256,0,0,80,0,48,"FETCH_SIZE",49194.250000,7889552533837,7889552551637
1022,18121,"Agent 1",4,1,1,65536,9122,"fused_moe_kernel",256,0,0,80,0,48,"FETCH_SIZE",24707.000000,7889552648217,7889552658320
1022,18136,"Agent 1",4,1,1,49152,9121,"fused_moe_kernel",256,0,0,80,0,48,"FETCH_SIZE",49197.250000,7889553061958,7889553080239
1022,18138,"Agent 1",4,1,1,65536,9122,"fused_moe_kernel",256,0,0,80,0,48,"FETCH_SIZE",24707.000000,7889553189367,7889553199350
1022,18153,"Agent 1",4,1,1,49152,9121,"fused_moe_kernel",256,0,0,80,0,48,"FETCH_SIZE",49195.500000,7889553608921,7889553626401
1022,18155,"Agent 1",4,1,1,65536,9122,"fused_moe_kernel",256,0,0,80,0,48,"FETCH_SIZE",24707.000000,7889553726909,7889553736892
1022,18170,"Agent 1",4,1,1,49152,9121,"fused_moe_kernel",256,0,0,80,0,48,"FETCH_SIZE",49196.250000,7889554135639,7889554153560
1022,18172,"Agent 1",4,1,1,65536,9122,"fused_moe_kernel",256,0,0,80,0,48,"FETCH_SIZE",24707.000000,7889554249377,7889554259160
1022,18187,"Agent 1",4,1,1,49152,9121,"fused_moe_kernel",256,0,0,80,0,48,"WRITE_SIZE",24.000000,7889554665483,7889554684166
1022,18189,"Agent 1",4,1,1,65536,9122,"fused_moe_kernel",256,0,0,80,0,48,"WRITE_SIZE",32.000000,7889554770001,7889554780264
1022,18204,"Agent 1",4,1,1,49152,9121,"fused_moe_kernel",256,0,0,80,0,48,"WRITE_SIZE",24.000000,7889555172556,7889555190758
1022,18206,"Agent 1",4,1,1,65536,9122,"fused_moe_kernel",256,0,0,80,0,48,"WRITE_SIZE",32.000000,7889555272223,7889555281845
1022,18221,"Agent 1",4,1,1,49152,9121,"fused_moe_kernel",256,0,0,80,0,48,"WRITE_SIZE",24.000000,7889555677905,7889555695666
1022,18223,"Agent 1",4,1,1,65536,9122,"fused_moe_kernel",256,0,0,80,0,48,"WRITE_SIZE",32.000000,7889555781661,7889555791524
1022,18238,"Agent 1",4,1,1,49152,9121,"fused_moe_kernel",256,0,0,80,0,48,"WRITE_SIZE",24.000000,7889556175597,7889556193558
1022,18240,"Agent 1",4,1,1,65536,9122,"fused_moe_kernel",256,0,0,80,0,48,"WRITE_SIZE",32.000000,7889556275424,7889556285527
1022,18255,"Agent 1",4,1,1,49152,9121,"fused_moe_kernel",256,0,0,80,0,48,"SQ_INSTS_VALU_MFMA_MOPS_BF16",1572864.000000,7889556667355,7889556685957
1022,18257,"Agent 1",4,1,1,65536,9122,"fused_moe_kernel",256,0,0,80,0,48,"SQ_INSTS_VALU_MFMA_MOPS_BF16",786432.000000,7889556754834,7889556764095
1022,18272,"Agent 1",4,1,1,49152,9121,"fused_moe_kernel",256,0,0,80,0,48,"SQ_INSTS_VALU_MFMA_MOPS_BF16",1572864.000000,7889557137705,7889557155425
1022,18274,"Agent 1",4,1,1,65536,9122,"fused_moe_kernel",256,0,0,80,0,48,"SQ_INSTS_VALU_MFMA_MOPS_BF16",786432.000000,7889557214078,7889557224181
1022,18289,"Agent 1",4,1,1,49152,9121,"fused_moe_kernel",256,0,0,80,0,48,"SQ_INSTS_VALU_MFMA_MOPS_BF16",1572864.000000,7889557588690,7889557606932
1022,18291,"Agent 1",4,1,1,65536,9122,"fused_moe_kernel",256,0,0,80,0,48,"SQ_INSTS_VALU_MFMA_MOPS_BF16",786432.000000,7889557671398,7889557681261
1022,18306,"Agent 1",4,1,1,49152,9121,"fused_moe_kernel",256,0,0,80,0,48,"SQ_INSTS_VALU_MFMA_MOPS_BF16",1572864.000000,7889558060964,7889558078804
1022,18308,"Agent 1",4,1,1,65536,9122,"fused_moe_kernel",256,0,0,80,0,48,"SQ_INSTS_VALU_MFMA_MOPS_BF16",786432.000000,7889558140545,7889558150127
1022,18323,"Agent 1",4,1,1,49152,9121,"fused_moe_kernel",256,0,0,80,0,48,"FETCH_SIZE",49194.750000,7889558513393,7889558531594
1022,18325,"Agent 1",4,1,1,65536,9122,"fused_moe_kernel",256,0,0,80,0,48,"FETCH_SIZE",24707.000000,7889558626450,7889558636312
1022,18340,"Agent 1",4,1,1,49152,9121,"fused_moe_kernel",256,0,0,80,0,48,"FETCH_SIZE",49195.750000,7889559030649,7889559048449
1022,18342,"Agent 1",4,1,1,65536,9122,"fused_moe_kernel",256,0,0,80,0,48,"FETCH_SIZE",24707.000000,7889559148156,7889559157537
1023,18357,"Agent 1",4,1,1,49152,9121,"fused_moe_kernel",256,0,0,80,0,48,"FETCH_SIZE",49194.000000,7889559546702,7889559564984
1023,18359,"Agent 1",4,1,1,65536,9122,"fused_moe_kernel",256,0,0,80,0,48,"FETCH_SIZE",24707.000000,7889559659839,7889559670183
1023,18374,"Agent 1",4,1,1,49152,9121,"fused_moe_kernel",256,0,0,80,0,48,"FETCH_SIZE",49195.750000,7889560063758,7889560082200
1023,18376,"Agent 1",4,1,1,65536,9122,"fused_moe_kernel",256,0,0,80,0,48,"FETCH_SIZE",24707.500000,7889560180623,7889560190245
1023,18391,"Agent 1",4,1,1,49152,9121,"fused_moe_kernel",256,0,0,80,0,48,"WRITE_SIZE",24.000000,7889560589313,7889560607594
1023,18393,"Agent 1",4,1,1,65536,9122,"fused_moe_kernel",256,0,0,80,0,48,"WRITE_SIZE",32.000000,7889560694752,7889560704214
1023,18408,"Agent 1",4,1,1,49152,9121,"fused_moe_kernel",256,0,0,80,0,48,"WRITE_SIZE",24.000000,7889561087886,7889561106248
1023,18410,"Agent 1",4,1,1,65536,9122,"fused_moe_kernel",256,0,0,80,0,48,"WRITE_SIZE",32.000000,7889561201986,7889561211688
1023,18425,"Agent 1",4,1,1,49152,9121,"fused_moe_kernel",256,0,0,80,0,48,"WRITE_SIZE",24.000000,7889561583854,7889561601574
1023,18427,"Agent 1",4,1,1,65536,9122,"fused_moe_kernel",256,0,0,80,0,48,"WRITE_SIZE",32.000000,7889561681997,7889561692260
1023,18442,"Agent 1",4,1,1,49152,9121,"fused_moe_kernel",256,0,0,80,0,48,"WRITE_SIZE",24.000000,7889562079661,7889562098424
1023,18444,"Agent 1",4,1,1,65536,9122,"fused_moe_kernel",256,0,0,80,0,48,"WRITE_SIZE",32.000000,7889562181453,7889562190954
1023,18459,"Agent 1",4,1,1,49152,9121,"fused_moe_kernel",256,0,0,80,0,48,"SQ_INSTS_VALU_MFMA_MOPS_BF16",1572864.000000,7889562581362,7889562599523
1023,18461,"Agent 1",4,1,1,65536,9122,"fused_moe_kernel",256,0,0,80,0,48,"SQ_INSTS_VALU_MFMA_MOPS_BF16",786432.000000,7889562666035,7889562675616
1023,18476,"Agent 1",4,1,1,49152,9121,"fused_moe_kernel",256,0,0,80,0,48,"SQ_INSTS_VALU_MFMA_MOPS_BF16",1572864.000000,7889563038562,7889563056442
1023,18478,"Agent 1",4,1,1,65536,9122,"fused_moe_kernel",256,0,0,80,0,48,"SQ_INSTS_VALU_MFMA_MOPS_BF16",786432.000000,7889563119345,7889563129208
1023,18493,"Agent 1",4,1,1,49152,9121,"fused_moe_kernel",256,0,0,80,0,48,"SQ_INSTS_VALU_MFMA_MOPS_BF16",1572864.000000,7889563494839,7889563512880
1023,18495,"Agent 1",4,1,1,65536,9122,"fused_moe_kernel",256,0,0,80,0,48,"SQ_INSTS_VALU_MFMA_MOPS_BF16",786432.000000,7889563579030,7889563588773
1023,18510,"Agent 1",4,1,1,49152,9121,"fused_moe_kernel",256,0,0,80,0,48,"SQ_INSTS_VALU_MFMA_MOPS_BF16",1572864.000000,7889563942176,7889563960538
1023,18512,"Agent 1",4,1,1,65536,9122,"fused_moe_kernel",256,0,0,80,0,48,"SQ_INSTS_VALU_MFMA_MOPS_BF16",786432.000000,7889564029334,7889564039197
1023,18527,"Agent 1",4,1,1,49152,9121,"fused_moe_kernel",256,0,0,80,0,48,"FETCH_SIZE",49195.250000,7889564390636,7889564408396
1023,18529,"Agent 1",4,1,1,65536,9122,"fused_moe_kernel",256,0,0,80,0,48,"FETCH_SIZE",24707.000000,7889564505256,7889564514999
1023,18544,"Agent 1",4,1,1,49152,9121,"fused_moe_kernel",256,0,0,80,0,48,"FETCH_SIZE",49195.250000,7889564896145,7889564914186
1023,18546,"Agent 1",4,1,1,65536,9122,"fused_moe_kernel",256,0,0,80,0,48,"FETCH_SIZE",24707.000000,7889565006797,7889565017020
1023,18561,"Agent 1",4,1,1,49152,9121,"fused_moe_kernel",256,0,0,80,0,48,"FETCH_SIZE",49194.500000,7889565419696,7889565437897
1023,18563,"Agent 1",4,1,1,65536,9122,"fused_moe_kernel",256,0,0,80,0,48,"FETCH_SIZE",24707.000000,7889565533555,7889565543537
1023,18578,"Agent 1",4,1,1,49152,9121,"fused_moe_kernel",256,0,0,80,0,48,"FETCH_SIZE",49194.125000,7889565923762,7889565941843
1023,18580,"Agent 1",4,1,1,65536,9122,"fused_moe_kernel",256,0,0,80,0,48,"FETCH_SIZE",24707.000000,7889566037781,7889566047804
1023,18595,"Agent 1",4,1,1,49152,9121,"fused_moe_kernel",256,0,0,80,0,48,"WRITE_SIZE",24.000000,7889566435165,7889566453085
1023,18597,"Agent 1",4,1,1,65536,9122,"fused_moe_kernel",256,0,0,80,0,48,"WRITE_SIZE",32.000000,7889566540805,7889566550787
1024,18612,"Agent 1",4,1,1,49152,9121,"fused_moe_kernel",256,0,0,80,0,48,"WRITE_SIZE",24.000000,7889566911327,7889566929649
1024,18614,"Agent 1",4,1,1,65536,9122,"fused_moe_kernel",256,0,0,80,0,48,"WRITE_SIZE",32.000000,7889567014522,7889567024064
1024,18629,"Agent 1",4,1,1,49152,9121,"fused_moe_kernel",256,0,0,80,0,48,"WRITE_SIZE",24.000000,7889567394345,7889567412106
1024,18631,"Agent 1",4,1,1,65536,9122,"fused_moe_kernel",256,0,0,80,0,48,"WRITE_SIZE",32.000000,7889567495495,7889567505558
1024,18646,"Agent 1",4,1,1,49152,9121,"fused_moe_kernel",256,0,0,80,0,48,"WRITE_SIZE",24.000000,7889567883337,7889567901739
1024,18648,"Agent 1",4,1,1,65536,9122,"fused_moe_kernel",256,0,0,80,0,48,"WRITE_SIZE",32.000000,7889567983966,7889567994109
1055,18693,"Agent 1",4,1,1,49152,9121,"fused_moe_kernel",256,0,0,80,0,48,"SQ_INSTS_VALU_MFMA_MOPS_BF16",1572864.000000,7889569289414,7889569307215
1055,18695,"Agent 1",4,1,1,65536,9122,"fused_moe_kernel",256,0,0,80,0,48,"SQ_INSTS_VALU_MFMA_MOPS_BF16",786432.000000,7889569395095,7889569405158
1055,18710,"Agent 1",4,1,1,49152,9121,"fused_moe_kernel",256,0,0,80,0,48,"SQ_INSTS_VALU_MFMA_MOPS_BF16",1572864.000000,7889570019033,7889570037195
1055,18712,"Agent 1",4,1,1,65536,9122,"fused_moe_kernel",256,0,0,80,0,48,"SQ_INSTS_VALU_MFMA_MOPS_BF16",786432.000000,7889570100980,7889570110762
1055,18727,"Agent 1",4,1,1,49152,9121,"fused_moe_kernel",256,0,0,80,0,48,"SQ_INSTS_VALU_MFMA_MOPS_BF16",1572864.000000,7889570818611,7889570836652
1055,18729,"Agent 1",4,1,1,65536,9122,"fused_moe_kernel",256,0,0,80,0,48,"SQ_INSTS_VALU_MFMA_MOPS_BF16",786432.000000,7889570934635,7889570944417
1055,18744,"Agent 1",4,1,1,49152,9121,"fused_moe_kernel",256,0,0,80,0,48,"SQ_INSTS_VALU_MFMA_MOPS_BF16",1572864.000000,7889576067907,7889576085707
1055,18746,"Agent 1",4,1,1,65536,9122,"fused_moe_kernel",256,0,0,80,0,48,"SQ_INSTS_VALU_MFMA_MOPS_BF16",786432.000000,7889576408882,7889576419065
1055,18761,"Agent 1",4,1,1,49152,9121,"fused_moe_kernel",256,0,0,80,0,48,"FETCH_SIZE",49196.500000,7889578218557,7889578236437
1055,18763,"Agent 1",4,1,1,65536,9122,"fused_moe_kernel",256,0,0,80,0,48,"FETCH_SIZE",24707.000000,7889579442259,7889579452522
1055,18778,"Agent 1",4,1,1,49152,9121,"fused_moe_kernel",256,0,0,80,0,48,"FETCH_SIZE",49197.500000,7889588304249,7889588322410
1055,18780,"Agent 1",4,1,1,65536,9122,"fused_moe_kernel",256,0,0,80,0,48,"FETCH_SIZE",24707.000000,7889589997820,7889590007923
1055,18795,"Agent 1",4,1,1,49152,9121,"fused_moe_kernel",256,0,0,80,0,48,"FETCH_SIZE",49198.250000,7889596873052,7889596890933
1055,18797,"Agent 1",4,1,1,65536,9122,"fused_moe_kernel",256,0,0,80,0,48,"FETCH_SIZE",24707.000000,7889598449116,7889598459219
1055,18812,"Agent 1",4,1,1,49152,9121,"fused_moe_kernel",256,0,0,80,0,48,"FETCH_SIZE",49195.250000,7889603590530,7889603608009
1055,18814,"Agent 1",4,1,1,65536,9122,"fused_moe_kernel",256,0,0,80,0,48,"FETCH_SIZE",24707.000000,7889605222240,7889605232423
1055,18829,"Agent 1",4,1,1,49152,9121,"fused_moe_kernel",256,0,0,80,0,48,"WRITE_SIZE",24.000000,7889615305486,7889615323647
1055,18831,"Agent 1",4,1,1,65536,9122,"fused_moe_kernel",256,0,0,80,0,48,"WRITE_SIZE",32.000000,7889615655241,7889615665705
1055,18846,"Agent 1",4,1,1,49152,9121,"fused_moe_kernel",256,0,0,80,0,48,"WRITE_SIZE",24.000000,7889618323188,7889618341629
1055,18848,"Agent 1",4,1,1,65536,9122,"fused_moe_kernel",256,0,0,80,0,48,"WRITE_SIZE",32.000000,7889618454807,7889618465311
1055,18863,"Agent 1",4,1,1,49152,9121,"fused_moe_kernel",256,0,0,80,0,48,"WRITE_SIZE",24.000000,7889618968575,7889618986496
1055,18865,"Agent 1",4,1,1,65536,9122,"fused_moe_kernel",256,0,0,80,0,48,"WRITE_SIZE",32.000000,7889619072170,7889619082314
1055,18880,"Agent 1",4,1,1,49152,9121,"fused_moe_kernel",256,0,0,80,0,48,"WRITE_SIZE",24.000000,7889619487876,7889619505837
1055,18882,"Agent 1",4,1,1,65536,9122,"fused_moe_kernel",256,0,0,80,0,48,"WRITE_SIZE",32.000000,7889619588224,7889619597926
1055,18897,"Agent 1",4,1,1,49152,9121,"fused_moe_kernel",256,0,0,80,0,48,"SQ_INSTS_VALU_MFMA_MOPS_BF16",1572864.000000,7889619996993,7889620015034
1055,18899,"Agent 1",4,1,1,65536,9122,"fused_moe_kernel",256,0,0,80,0,48,"SQ_INSTS_VALU_MFMA_MOPS_BF16",786432.000000,7889620087238,7889620097261
1055,18914,"Agent 1",4,1,1,49152,9121,"fused_moe_kernel",256,0,0,80,0,48,"SQ_INSTS_VALU_MFMA_MOPS_BF16",1572864.000000,7889620478408,7889620496730
1055,18916,"Agent 1",4,1,1,65536,9122,"fused_moe_kernel",256,0,0,80,0,48,"SQ_INSTS_VALU_MFMA_MOPS_BF16",786432.000000,7889620562238,7889620572662
1055,18931,"Agent 1",4,1,1,49152,9121,"fused_moe_kernel",256,0,0,80,0,48,"SQ_INSTS_VALU_MFMA_MOPS_BF16",1572864.000000,7889620944267,7889620962108
1055,18933,"Agent 1",4,1,1,65536,9122,"fused_moe_kernel",256,0,0,80,0,48,"SQ_INSTS_VALU_MFMA_MOPS_BF16",786432.000000,7889621027897,7889621037760
1056,18948,"Agent 1",4,1,1,49152,9121,"fused_moe_kernel",256,0,0,80,0,48,"SQ_INSTS_VALU_MFMA_MOPS_BF16",1572864.000000,7889621404393,7889621422755
1056,18950,"Agent 1",4,1,1,65536,9122,"fused_moe_kernel",256,0,0,80,0,48,"SQ_INSTS_VALU_MFMA_MOPS_BF16",786432.000000,7889621494238,7889621504260
1056,18965,"Agent 1",4,1,1,49152,9121,"fused_moe_kernel",256,0,0,80,0,48,"FETCH_SIZE",49194.750000,7889621873700,7889621891822
1056,18967,"Agent 1",4,1,1,65536,9122,"fused_moe_kernel",256,0,0,80,0,48,"FETCH_SIZE",24707.000000,7889621987198,7889621997181
1056,18982,"Agent 1",4,1,1,49152,9121,"fused_moe_kernel",256,0,0,80,0,48,"FETCH_SIZE",49195.000000,7889622400659,7889622419221
1056,18984,"Agent 1",4,1,1,65536,9122,"fused_moe_kernel",256,0,0,80,0,48,"FETCH_SIZE",24707.000000,7889622513916,7889622524139
1056,18999,"Agent 1",4,1,1,49152,9121,"fused_moe_kernel",256,0,0,80,0,48,"FETCH_SIZE",49195.500000,7889622945537,7889622962456
1056,19001,"Agent 1",4,1,1,65536,9122,"fused_moe_kernel",256,0,0,80,0,48,"FETCH_SIZE",24707.000000,7889623056109,7889623066172
1056,19016,"Agent 1",4,1,1,49152,9121,"fused_moe_kernel",256,0,0,80,0,48,"FETCH_SIZE",49196.500000,7889623476304,7889623494626
1056,19018,"Agent 1",4,1,1,65536,9122,"fused_moe_kernel",256,0,0,80,0,48,"FETCH_SIZE",24707.000000,7889623599825,7889623608685
1056,19033,"Agent 1",4,1,1,49152,9121,"fused_moe_kernel",256,0,0,80,0,48,"WRITE_SIZE",24.000000,7889624020181,7889624038182
1056,19035,"Agent 1",4,1,1,65536,9122,"fused_moe_kernel",256,0,0,80,0,48,"WRITE_SIZE",32.000000,7889624122614,7889624132476
1056,19050,"Agent 1",4,1,1,49152,9121,"fused_moe_kernel",256,0,0,80,0,48,"WRITE_SIZE",24.000000,7889624530782,7889624548783
1056,19052,"Agent 1",4,1,1,65536,9122,"fused_moe_kernel",256,0,0,80,0,48,"WRITE_SIZE",32.000000,7889624635019,7889624644961
1056,19067,"Agent 1",4,1,1,49152,9121,"fused_moe_kernel",256,0,0,80,0,48,"WRITE_SIZE",24.000000,7889625060266,7889625078106
1056,19069,"Agent 1",4,1,1,65536,9122,"fused_moe_kernel",256,0,0,80,0,48,"WRITE_SIZE",32.000000,7889625163901,7889625173804
1056,19084,"Agent 1",4,1,1,49152,9121,"fused_moe_kernel",256,0,0,80,0,48,"WRITE_SIZE",24.000000,7889625583215,7889625601216
1056,19086,"Agent 1",4,1,1,65536,9122,"fused_moe_kernel",256,0,0,80,0,48,"WRITE_SIZE",32.000000,7889625685407,7889625695390
1056,19101,"Agent 1",4,1,1,49152,9121,"fused_moe_kernel",256,0,0,80,0,48,"SQ_INSTS_VALU_MFMA_MOPS_BF16",1572864.000000,7889626086960,7889626105081
1056,19103,"Agent 1",4,1,1,65536,9122,"fused_moe_kernel",256,0,0,80,0,48,"SQ_INSTS_VALU_MFMA_MOPS_BF16",786432.000000,7889626174720,7889626184342
1056,19118,"Agent 1",4,1,1,49152,9121,"fused_moe_kernel",256,0,0,80,0,48,"SQ_INSTS_VALU_MFMA_MOPS_BF16",1572864.000000,7889626559274,7889626577556
1056,19120,"Agent 1",4,1,1,65536,9122,"fused_moe_kernel",256,0,0,80,0,48,"SQ_INSTS_VALU_MFMA_MOPS_BF16",786432.000000,7889626644508,7889626654891
1056,19135,"Agent 1",4,1,1,49152,9121,"fused_moe_kernel",256,0,0,80,0,48,"SQ_INSTS_VALU_MFMA_MOPS_BF16",1572864.000000,7889627041290,7889627059371
1056,19137,"Agent 1",4,1,1,65536,9122,"fused_moe_kernel",256,0,0,80,0,48,"SQ_INSTS_VALU_MFMA_MOPS_BF16",786432.000000,7889627127727,7889627137870
1056,19152,"Agent 1",4,1,1,49152,9121,"fused_moe_kernel",256,0,0,80,0,48,"SQ_INSTS_VALU_MFMA_MOPS_BF16",1572864.000000,7889627511680,7889627529721
1056,19154,"Agent 1",4,1,1,65536,9122,"fused_moe_kernel",256,0,0,80,0,48,"SQ_INSTS_VALU_MFMA_MOPS_BF16",786432.000000,7889627598998,7889627608901
1056,19169,"Agent 1",4,1,1,49152,9121,"fused_moe_kernel",256,0,0,80,0,48,"FETCH_SIZE",49193.750000,7889627972888,7889627991210
1056,19171,"Agent 1",4,1,1,65536,9122,"fused_moe_kernel",256,0,0,80,0,48,"FETCH_SIZE",24707.000000,7889628085464,7889628095848
1056,19186,"Agent 1",4,1,1,49152,9121,"fused_moe_kernel",256,0,0,80,0,48,"FETCH_SIZE",49195.750000,7889628509308,7889628527589
1056,19188,"Agent 1",4,1,1,65536,9122,"fused_moe_kernel",256,0,0,80,0,48,"FETCH_SIZE",24707.000000,7889628618877,7889628628539
1057,19203,"Agent 1",4,1,1,49152,9121,"fused_moe_kernel",256,0,0,80,0,48,"FETCH_SIZE",49195.000000,7889629017463,7889629035063
1057,19205,"Agent 1",4,1,1,65536,9122,"fused_moe_kernel",256,0,0,80,0,48,"FETCH_SIZE",24707.000000,7889629130681,7889629140102
1057,19220,"Agent 1",4,1,1,49152,9121,"fused_moe_kernel",256,0,0,80,0,48,"FETCH_SIZE",49195.750000,7889629532675,7889629551478
1057,19222,"Agent 1",4,1,1,65536,9122,"fused_moe_kernel",256,0,0,80,0,48,"FETCH_SIZE",24707.000000,7889629649380,7889629659122
1057,19237,"Agent 1",4,1,1,49152,9121,"fused_moe_kernel",256,0,0,80,0,48,"WRITE_SIZE",24.000000,7889630062800,7889630080961
1057,19239,"Agent 1",4,1,1,65536,9122,"fused_moe_kernel",256,0,0,80,0,48,"WRITE_SIZE",32.000000,7889630167238,7889630177260
1057,19254,"Agent 1",4,1,1,49152,9121,"fused_moe_kernel",256,0,0,80,0,48,"WRITE_SIZE",24.000000,7889630571918,7889630589879
1057,19256,"Agent 1",4,1,1,65536,9122,"fused_moe_kernel",256,0,0,80,0,48,"WRITE_SIZE",32.000000,7889630676115,7889630686298
1057,19271,"Agent 1",4,1,1,49152,9121,"fused_moe_kernel",256,0,0,80,0,48,"WRITE_SIZE",24.000000,7889631066803,7889631084844
1057,19273,"Agent 1",4,1,1,65536,9122,"fused_moe_kernel",256,0,0,80,0,48,"WRITE_SIZE",32.000000,7889631173606,7889631183508
1057,19288,"Agent 1",4,1,1,49152,9121,"fused_moe_kernel",256,0,0,80,0,48,"WRITE_SIZE",24.000000,7889631580651,7889631599053
1057,19290,"Agent 1",4,1,1,65536,9122,"fused_moe_kernel",256,0,0,80,0,48,"WRITE_SIZE",32.000000,7889631685009,7889631694991
1057,19305,"Agent 1",4,1,1,49152,9121,"fused_moe_kernel",256,0,0,80,0,48,"SQ_INSTS_VALU_MFMA_MOPS_BF16",1572864.000000,7889632093016,7889632110937
1057,19307,"Agent 1",4,1,1,65536,9122,"fused_moe_kernel",256,0,0,80,0,48,"SQ_INSTS_VALU_MFMA_MOPS_BF16",786432.000000,7889632178410,7889632188433
1057,19322,"Agent 1",4,1,1,49152,9121,"fused_moe_kernel",256,0,0,80,0,48,"SQ_INSTS_VALU_MFMA_MOPS_BF16",1572864.000000,7889632574591,7889632592191
1057,19324,"Agent 1",4,1,1,65536,9122,"fused_moe_kernel",256,0,0,80,0,48,"SQ_INSTS_VALU_MFMA_MOPS_BF16",786432.000000,7889632655896,7889632666280
1057,19339,"Agent 1",4,1,1,49152,9121,"fused_moe_kernel",256,0,0,80,0,48,"SQ_INSTS_VALU_MFMA_MOPS_BF16",1572864.000000,7889633029866,7889633048549
1057,19341,"Agent 1",4,1,1,65536,9122,"fused_moe_kernel",256,0,0,80,0,48,"SQ_INSTS_VALU_MFMA_MOPS_BF16",786432.000000,7889633114058,7889633124041
1057,19356,"Agent 1",4,1,1,49152,9121,"fused_moe_kernel",256,0,0,80,0,48,"SQ_INSTS_VALU_MFMA_MOPS_BF16",1572864.000000,7889633493681,7889633511321
1057,19358,"Agent 1",4,1,1,65536,9122,"fused_moe_kernel",256,0,0,80,0,48,"SQ_INSTS_VALU_MFMA_MOPS_BF16",786432.000000,7889633580438,7889633589900
1057,19373,"Agent 1",4,1,1,49152,9121,"fused_moe_kernel",256,0,0,80,0,48,"FETCH_SIZE",49194.250000,7889633971086,7889633989047
1057,19375,"Agent 1",4,1,1,65536,9122,"fused_moe_kernel",256,0,0,80,0,48,"FETCH_SIZE",24707.000000,7889634083221,7889634093445
1057,19390,"Agent 1",4,1,1,49152,9121,"fused_moe_kernel",256,0,0,80,0,48,"FETCH_SIZE",49194.750000,7889634480846,7889634498967
1057,19392,"Agent 1",4,1,1,65536,9122,"fused_moe_kernel",256,0,0,80,0,48,"FETCH_SIZE",24707.000000,7889634591818,7889634601720
1057,19407,"Agent 1",4,1,1,49152,9121,"fused_moe_kernel",256,0,0,80,0,48,"FETCH_SIZE",49195.000000,7889635002151,7889635020593
1057,19409,"Agent 1",4,1,1,65536,9122,"fused_moe_kernel",256,0,0,80,0,48,"FETCH_SIZE",24707.000000,7889635115569,7889635125752
1057,19424,"Agent 1",4,1,1,49152,9121,"fused_moe_kernel",256,0,0,80,0,48,"FETCH_SIZE",49195.750000,7889635515678,7889635533439
1057,19426,"Agent 1",4,1,1,65536,9122,"fused_moe_kernel",256,0,0,80,0,48,"FETCH_SIZE",24707.000000,7889635630700,7889635640763
1057,19441,"Agent 1",4,1,1,49152,9121,"fused_moe_kernel",256,0,0,80,0,48,"WRITE_SIZE",24.000000,7889636031251,7889636049693
1057,19443,"Agent 1",4,1,1,65536,9122,"fused_moe_kernel",256,0,0,80,0,48,"WRITE_SIZE",32.000000,7889636135969,7889636145831
1058,19458,"Agent 1",4,1,1,49152,9121,"fused_moe_kernel",256,0,0,80,0,48,"WRITE_SIZE",24.000000,7889636533593,7889636552075
1058,19460,"Agent 1",4,1,1,65536,9122,"fused_moe_kernel",256,0,0,80,0,48,"WRITE_SIZE",32.000000,7889636634983,7889636644806
1058,19475,"Agent 1",4,1,1,49152,9121,"fused_moe_kernel",256,0,0,80,0,48,"WRITE_SIZE",24.000000,7889637023186,7889637041027
1058,19477,"Agent 1",4,1,1,65536,9122,"fused_moe_kernel",256,0,0,80,0,48,"WRITE_SIZE",32.000000,7889637123013,7889637132595
1058,19492,"Agent 1",4,1,1,49152,9121,"fused_moe_kernel",256,0,0,80,0,48,"WRITE_SIZE",24.000000,7889637504320,7889637522642
1058,19494,"Agent 1",4,1,1,65536,9122,"fused_moe_kernel",256,0,0,80,0,48,"WRITE_SIZE",32.000000,7889637607675,7889637617698
1089,19539,"Agent 1",4,1,1,49152,9121,"fused_moe_kernel",256,0,0,80,0,48,"SQ_INSTS_VALU_MFMA_MOPS_BF16",1572864.000000,7889638934813,7889638953415
1089,19541,"Agent 1",4,1,1,65536,9122,"fused_moe_kernel",256,0,0,80,0,48,"SQ_INSTS_VALU_MFMA_MOPS_BF16",786432.000000,7889639060138,7889639070241
1089,19556,"Agent 1",4,1,1,49152,9121,"fused_moe_kernel",256,0,0,80,0,48,"SQ_INSTS_VALU_MFMA_MOPS_BF16",1572864.000000,7889639647393,7889639665193
1089,19558,"Agent 1",4,1,1,65536,9122,"fused_moe_kernel",256,0,0,80,0,48,"SQ_INSTS_VALU_MFMA_MOPS_BF16",786432.000000,7889639737197,7889639747340
1089,19573,"Agent 1",4,1,1,49152,9121,"fused_moe_kernel",256,0,0,80,0,48,"SQ_INSTS_VALU_MFMA_MOPS_BF16",1572864.000000,7889640503098,7889640521139
1089,19575,"Agent 1",4,1,1,65536,9122,"fused_moe_kernel",256,0,0,80,0,48,"SQ_INSTS_VALU_MFMA_MOPS_BF16",786432.000000,7889640620525,7889640630468
1089,19590,"Agent 1",4,1,1,49152,9121,"fused_moe_kernel",256,0,0,80,0,48,"SQ_INSTS_VALU_MFMA_MOPS_BF16",1572864.000000,7889645989252,7889646007133
1089,19592,"Agent 1",4,1,1,65536,9122,"fused_moe_kernel",256,0,0,80,0,48,"SQ_INSTS_VALU_MFMA_MOPS_BF16",786432.000000,7889646984716,7889646995140
1089,19607,"Agent 1",4,1,1,49152,9121,"fused_moe_kernel",256,0,0,80,0,48,"FETCH_SIZE",49196.625000,7889652114981,7889652132701
1089,19609,"Agent 1",4,1,1,65536,9122,"fused_moe_kernel",256,0,0,80,0,48,"FETCH_SIZE",24707.000000,7889652637208,7889652647632
1089,19624,"Agent 1",4,1,1,49152,9121,"fused_moe_kernel",256,0,0,80,0,48,"FETCH_SIZE",49196.000000,7889663901128,7889663919289
1089,19626,"Agent 1",4,1,1,65536,9122,"fused_moe_kernel",256,0,0,80,0,48,"FETCH_SIZE",24707.000000,7889665600431,7889665610334
1089,19641,"Agent 1",4,1,1,49152,9121,"fused_moe_kernel",256,0,0,80,0,48,"FETCH_SIZE",49196.750000,7889675708935,7889675727297
1089,19643,"Agent 1",4,1,1,65536,9122,"fused_moe_kernel",256,0,0,80,0,48,"FETCH_SIZE",24707.000000,7889677471423,7889677481085
1089,19658,"Agent 1",4,1,1,49152,9121,"fused_moe_kernel",256,0,0,80,0,48,"FETCH_SIZE",49195.500000,7889687513536,7889687531416
1089,19660,"Agent 1",4,1,1,65536,9122,"fused_moe_kernel",256,0,0,80,0,48,"FETCH_SIZE",24707.000000,7889687709461,7889687719444
1089,19675,"Agent 1",4,1,1,49152,9121,"fused_moe_kernel",256,0,0,80,0,48,"WRITE_SIZE",24.000000,7889688298601,7889688317123
1089,19677,"Agent 1",4,1,1,65536,9122,"fused_moe_kernel",256,0,0,80,0,48,"WRITE_SIZE",32.000000,7889688402878,7889688412460
1089,19692,"Agent 1",4,1,1,49152,9121,"fused_moe_kernel",256,0,0,80,0,48,"WRITE_SIZE",24.000000,7889688820588,7889688837386
1089,19694,"Agent 1",4,1,1,65536,9122,"fused_moe_kernel",256,0,0,80,0,48,"WRITE_SIZE",32.000000,7889688922058,7889688932121
1089,19709,"Agent 1",4,1,1,49152,9121,"fused_moe_kernel",256,0,0,80,0,48,"WRITE_SIZE",24.000000,7889689335278,7889689353399
1089,19711,"Agent 1",4,1,1,65536,9122,"fused_moe_kernel",256,0,0,80,0,48,"WRITE_SIZE",32.000000,7889689442482,7889689451943
1089,19726,"Agent 1",4,1,1,49152,9121,"fused_moe_kernel",256,0,0,80,0,48,"WRITE_SIZE",24.000000,7889689849888,7889689867729
1089,19728,"Agent 1",4,1,1,65536,9122,"fused_moe_kernel",256,0,0,80,0,48,"WRITE_SIZE",32.000000,7889689957292,7889689967235
1089,19743,"Agent 1",4,1,1,49152,9121,"fused_moe_kernel",256,0,0,80,0,48,"SQ_INSTS_VALU_MFMA_MOPS_BF16",1572864.000000,7889690368908,7889690387470
1089,19745,"Agent 1",4,1,1,65536,9122,"fused_moe_kernel",256,0,0,80,0,48,"SQ_INSTS_VALU_MFMA_MOPS_BF16",786432.000000,7889690454663,7889690464044
1089,19760,"Agent 1",4,1,1,49152,9121,"fused_moe_kernel",256,0,0,80,0,48,"SQ_INSTS_VALU_MFMA_MOPS_BF16",1572864.000000,7889690854653,7889690872974
1089,19762,"Agent 1",4,1,1,65536,9122,"fused_moe_kernel",256,0,0,80,0,48,"SQ_INSTS_VALU_MFMA_MOPS_BF16",786432.000000,7889690939405,7889690949188
1089,19777,"Agent 1",4,1,1,49152,9121,"fused_moe_kernel",256,0,0,80,0,48,"SQ_INSTS_VALU_MFMA_MOPS_BF16",1572864.000000,7889691321434,7889691339715
1089,19779,"Agent 1",4,1,1,65536,9122,"fused_moe_kernel",256,0,0,80,0,48,"SQ_INSTS_VALU_MFMA_MOPS_BF16",786432.000000,7889691411920,7889691421542
1090,19794,"Agent 1",4,1,1,49152,9121,"fused_moe_kernel",256,0,0,80,0,48,"SQ_INSTS_VALU_MFMA_MOPS_BF16",1572864.000000,7889691820368,7889691838449
1090,19796,"Agent 1",4,1,1,65536,9122,"fused_moe_kernel",256,0,0,80,0,48,"SQ_INSTS_VALU_MFMA_MOPS_BF16",786432.000000,7889691909050,7889691919073
1090,19811,"Agent 1",4,1,1,49152,9121,"fused_moe_kernel",256,0,0,80,0,48,"FETCH_SIZE",49195.125000,7889692305111,7889692322149
1090,19813,"Agent 1",4,1,1,65536,9122,"fused_moe_kernel",256,0,0,80,0,48,"FETCH_SIZE",24707.000000,7889692420934,7889692430275
1090,19828,"Agent 1",4,1,1,49152,9121,"fused_moe_kernel",256,0,0,80,0,48,"FETCH_SIZE",49194.750000,7889692847584,7889692865024
1090,19830,"Agent 1",4,1,1,65536,9122,"fused_moe_kernel",256,0,0,80,0,48,"FETCH_SIZE",24707.062500,7889692968940,7889692978882
1090,19845,"Agent 1",4,1,1,49152,9121,"fused_moe_kernel",256,0,0,80,0,48,"FETCH_SIZE",49195.000000,7889693400481,7889693418642
1090,19847,"Agent 1",4,1,1,65536,9122,"fused_moe_kernel",256,0,0,80,0,48,"FETCH_SIZE",24707.000000,7889693520875,7889693530417
1090,19862,"Agent 1",4,1,1,49152,9121,"fused_moe_kernel",256,0,0,80,0,48,"FETCH_SIZE",49196.750000,7889693950612,7889693968252
1090,19864,"Agent 1",4,1,1,65536,9122,"fused_moe_kernel",256,0,0,80,0,48,"FETCH_SIZE",24707.000000,7889694060702,7889694071086
1090,19879,"Agent 1",4,1,1,49152,9121,"fused_moe_kernel",256,0,0,80,0,48,"WRITE_SIZE",24.000000,7889694490479,7889694509242
1090,19881,"Agent 1",4,1,1,65536,9122,"fused_moe_kernel",256,0,0,80,0,48,"WRITE_SIZE",32.000000,7889694592752,7889694602294
1090,19896,"Agent 1",4,1,1,49152,9121,"fused_moe_kernel",256,0,0,80,0,48,"WRITE_SIZE",24.000000,7889695000439,7889695018761
1090,19898,"Agent 1",4,1,1,65536,9122,"fused_moe_kernel",256,0,0,80,0,48,"WRITE_SIZE",32.000000,7889695109768,7889695119871
1090,19913,"Agent 1",4,1,1,49152,9121,"fused_moe_kernel",256,0,0,80,0,48,"WRITE_SIZE",24.000000,7889695524470,7889695542752
1090,19915,"Agent 1",4,1,1,65536,9122,"fused_moe_kernel",256,0,0,80,0,48,"WRITE_SIZE",32.000000,7889695625620,7889695635884
1090,19930,"Agent 1",4,1,1,49152,9121,"fused_moe_kernel",256,0,0,80,0,48,"WRITE_SIZE",24.000000,7889696040163,7889696058565
1090,19932,"Agent 1",4,1,1,65536,9122,"fused_moe_kernel",256,0,0,80,0,48,"WRITE_SIZE",32.000000,7889696145683,7889696155345
1090,19947,"Agent 1",4,1,1,49152,9121,"fused_moe_kernel",256,0,0,80,0,48,"SQ_INSTS_VALU_MFMA_MOPS_BF16",1572864.000000,7889696542906,7889696561027
1090,19949,"Agent 1",4,1,1,65536,9122,"fused_moe_kernel",256,0,0,80,0,48,"SQ_INSTS_VALU_MFMA_MOPS_BF16",786432.000000,7889696627539,7889696637922
1090,19964,"Agent 1",4,1,1,49152,9121,"fused_moe_kernel",256,0,0,80,0,48,"SQ_INSTS_VALU_MFMA_MOPS_BF16",1572864.000000,7889697010650,7889697028771
1090,19966,"Agent 1",4,1,1,65536,9122,"fused_moe_kernel",256,0,0,80,0,48,"SQ_INSTS_VALU_MFMA_MOPS_BF16",786432.000000,7889697098369,7889697107590
1090,19981,"Agent 1",4,1,1,49152,9121,"fused_moe_kernel",256,0,0,80,0,48,"SQ_INSTS_VALU_MFMA_MOPS_BF16",1572864.000000,7889697487013,7889697505174
1090,19983,"Agent 1",4,1,1,65536,9122,"fused_moe_kernel",256,0,0,80,0,48,"SQ_INSTS_VALU_MFMA_MOPS_BF16",786432.000000,7889697575694,7889697585637
1090,19998,"Agent 1",4,1,1,49152,9121,"fused_moe_kernel",256,0,0,80,0,48,"SQ_INSTS_VALU_MFMA_MOPS_BF16",1572864.000000,7889697966423,7889697985185
1090,20000,"Agent 1",4,1,1,65536,9122,"fused_moe_kernel",256,0,0,80,0,48,"SQ_INSTS_VALU_MFMA_MOPS_BF16",786432.000000,7889698049171,7889698059234
1090,20015,"Agent 1",4,1,1,49152,9121,"fused_moe_kernel",256,0,0,80,0,48,"FETCH_SIZE",49196.250000,7889698423703,7889698441583
1090,20017,"Agent 1",4,1,1,65536,9122,"fused_moe_kernel",256,0,0,80,0,48,"FETCH_SIZE",24707.000000,7889698540167,7889698549669
1090,20032,"Agent 1",4,1,1,49152,9121,"fused_moe_kernel",256,0,0,80,0,48,"FETCH_SIZE",49194.750000,7889698969544,7889698987224
1090,20034,"Agent 1",4,1,1,65536,9122,"fused_moe_kernel",256,0,0,80,0,48,"FETCH_SIZE",24707.000000,7889699081879,7889699091942
1091,20049,"Agent 1",4,1,1,49152,9121,"fused_moe_kernel",256,0,0,80,0,48,"FETCH_SIZE",49194.500000,7889699479623,7889699498105
1091,20051,"Agent 1",4,1,1,65536,9122,"fused_moe_kernel",256,0,0,80,0,48,"FETCH_SIZE",24707.000000,7889699597010,7889699606672
1091,20066,"Agent 1",4,1,1,49152,9121,"fused_moe_kernel",256,0,0,80,0,48,"FETCH_SIZE",49196.000000,7889700002292,7889700020012
1091,20068,"Agent 1",4,1,1,65536,9122,"fused_moe_kernel",256,0,0,80,0,48,"FETCH_SIZE",24707.000000,7889700115990,7889700125452
1091,20083,"Agent 1",4,1,1,49152,9121,"fused_moe_kernel",256,0,0,80,0,48,"WRITE_SIZE",24.000000,7889700526764,7889700545086
1091,20085,"Agent 1",4,1,1,65536,9122,"fused_moe_kernel",256,0,0,80,0,48,"WRITE_SIZE",32.000000,7889700630881,7889700640824
1091,20100,"Agent 1",4,1,1,49152,9121,"fused_moe_kernel",256,0,0,80,0,48,"WRITE_SIZE",24.000000,7889701042096,7889701060137
1091,20102,"Agent 1",4,1,1,65536,9122,"fused_moe_kernel",256,0,0,80,0,48,"WRITE_SIZE",32.000000,7889701144489,7889701154071
1091,20117,"Agent 1",4,1,1,49152,9121,"fused_moe_kernel",256,0,0,80,0,48,"WRITE_SIZE",24.000000,7889701546523,7889701564243
1091,20119,"Agent 1",4,1,1,65536,9122,"fused_moe_kernel",256,0,0,80,0,48,"WRITE_SIZE",32.000000,7889701645187,7889701655130
1091,20134,"Agent 1",4,1,1,49152,9121,"fused_moe_kernel",256,0,0,80,0,48,"WRITE_SIZE",24.000000,7889702084466,7889702102828
1091,20136,"Agent 1",4,1,1,65536,9122,"fused_moe_kernel",256,0,0,80,0,48,"WRITE_SIZE",32.000000,7889702183732,7889702193835
1091,20151,"Agent 1",4,1,1,49152,9121,"fused_moe_kernel",256,0,0,80,0,48,"SQ_INSTS_VALU_MFMA_MOPS_BF16",1572864.000000,7889702576705,7889702594746
1091,20153,"Agent 1",4,1,1,65536,9122,"fused_moe_kernel",256,0,0,80,0,48,"SQ_INSTS_VALU_MFMA_MOPS_BF16",786432.000000,7889702665948,7889702676332
1091,20168,"Agent 1",4,1,1,49152,9121,"fused_moe_kernel",256,0,0,80,0,48,"SQ_INSTS_VALU_MFMA_MOPS_BF16",1572864.000000,7889703037513,7889703055073
1091,20170,"Agent 1",4,1,1,65536,9122,"fused_moe_kernel",256,0,0,80,0,48,"SQ_INSTS_VALU_MFMA_MOPS_BF16",786432.000000,7889703121023,7889703131687
1091,20185,"Agent 1",4,1,1,49152,9121,"fused_moe_kernel",256,0,0,80,0,48,"SQ_INSTS_VALU_MFMA_MOPS_BF16",1572864.000000,7889703488980,7889703507542
1091,20187,"Agent 1",4,1,1,65536,9122,"fused_moe_kernel",256,0,0,80,0,48,"SQ_INSTS_VALU_MFMA_MOPS_BF16",786432.000000,7889703573652,7889703583675
1091,20202,"Agent 1",4,1,1,49152,9121,"fused_moe_kernel",256,0,0,80,0,48,"SQ_INSTS_VALU_MFMA_MOPS_BF16",1572864.000000,7889703944535,7889703963098
1091,20204,"Agent 1",4,1,1,65536,9122,"fused_moe_kernel",256,0,0,80,0,48,"SQ_INSTS_VALU_MFMA_MOPS_BF16",786432.000000,7889704036545,7889704046247
1091,20219,"Agent 1",4,1,1,49152,9121,"fused_moe_kernel",256,0,0,80,0,48,"FETCH_SIZE",49196.000000,7889704404782,7889704423103
1091,20221,"Agent 1",4,1,1,65536,9122,"fused_moe_kernel",256,0,0,80,0,48,"FETCH_SIZE",24707.500000,7889704519362,7889704529345
1091,20236,"Agent 1",4,1,1,49152,9121,"fused_moe_kernel",256,0,0,80,0,48,"FETCH_SIZE",49195.000000,7889704936350,7889704954111
1091,20238,"Agent 1",4,1,1,65536,9122,"fused_moe_kernel",256,0,0,80,0,48,"FETCH_SIZE",24707.000000,7889705054940,7889705065123
1091,20253,"Agent 1",4,1,1,49152,9121,"fused_moe_kernel",256,0,0,80,0,48,"FETCH_SIZE",49195.750000,7889705458097,7889705476258
1091,20255,"Agent 1",4,1,1,65536,9122,"fused_moe_kernel",256,0,0,80,0,48,"FETCH_SIZE",24707.000000,7889705570593,7889705580375
1091,20270,"Agent 1",4,1,1,49152,9121,"fused_moe_kernel",256,0,0,80,0,48,"FETCH_SIZE",49195.250000,7889705983050,7889706001011
1091,20272,"Agent 1",4,1,1,65536,9122,"fused_moe_kernel",256,0,0,80,0,48,"FETCH_SIZE",24707.000000,7889706093702,7889706103163
1091,20287,"Agent 1",4,1,1,49152,9121,"fused_moe_kernel",256,0,0,80,0,48,"WRITE_SIZE",24.000000,7889706485914,7889706504316
1091,20289,"Agent 1",4,1,1,65536,9122,"fused_moe_kernel",256,0,0,80,0,48,"WRITE_SIZE",32.000000,7889706588066,7889706598289
1092,20304,"Agent 1",4,1,1,49152,9121,"fused_moe_kernel",256,0,0,80,0,48,"WRITE_SIZE",24.000000,7889706979476,7889706998439
1092,20306,"Agent 1",4,1,1,65536,9122,"fused_moe_kernel",256,0,0,80,0,48,"WRITE_SIZE",32.000000,7889707086720,7889707097504
1092,20321,"Agent 1",4,1,1,49152,9121,"fused_moe_kernel",256,0,0,80,0,48,"WRITE_SIZE",24.000000,7889707483823,7889707502064
1092,20323,"Agent 1",4,1,1,65536,9122,"fused_moe_kernel",256,0,0,80,0,48,"WRITE_SIZE",32.000000,7889707585013,7889707594314
1092,20338,"Agent 1",4,1,1,49152,9121,"fused_moe_kernel",256,0,0,80,0,48,"WRITE_SIZE",24.000000,7889707980713,7889707999114
1092,20340,"Agent 1",4,1,1,65536,9122,"fused_moe_kernel",256,0,0,80,0,48,"WRITE_SIZE",32.000000,7889708083827,7889708093810
1123,20385,"Agent 1",4,1,1,49152,9121,"fused_moe_kernel",256,0,0,80,0,48,"SQ_INSTS_VALU_MFMA_MOPS_BF16",1572864.000000,7889709346097,7889709363617
1123,20387,"Agent 1",4,1,1,65536,9122,"fused_moe_kernel",256,0,0,80,0,48,"SQ_INSTS_VALU_MFMA_MOPS_BF16",786432.000000,7889709452619,7889709461960
1123,20402,"Agent 1",4,1,1,49152,9121,"fused_moe_kernel",256,0,0,80,0,48,"SQ_INSTS_VALU_MFMA_MOPS_BF16",1572864.000000,7889710106666,7889710124066
1123,20404,"Agent 1",4,1,1,65536,9122,"fused_moe_kernel",256,0,0,80,0,48,"SQ_INSTS_VALU_MFMA_MOPS_BF16",786432.000000,7889710199317,7889710208899
1123,20419,"Agent 1",4,1,1,49152,9121,"fused_moe_kernel",256,0,0,80,0,48,"SQ_INSTS_VALU_MFMA_MOPS_BF16",1572864.000000,7889710985986,7889711003506
1123,20421,"Agent 1",4,1,1,65536,9122,"fused_moe_kernel",256,0,0,80,0,48,"SQ_INSTS_VALU_MFMA_MOPS_BF16",786432.000000,7889711220479,7889711230462
1123,20436,"Agent 1",4,1,1,49152,9121,"fused_moe_kernel",256,0,0,80,0,48,"SQ_INSTS_VALU_MFMA_MOPS_BF16",1572864.000000,7889721728451,7889721746412
1123,20438,"Agent 1",4,1,1,65536,9122,"fused_moe_kernel",256,0,0,80,0,48,"SQ_INSTS_VALU_MFMA_MOPS_BF16",786432.000000,7889723365533,7889723374955
1123,20453,"Agent 1",4,1,1,49152,9121,"fused_moe_kernel",256,0,0,80,0,48,"FETCH_SIZE",49196.750000,7889733459139,7889733476618
1123,20455,"Agent 1",4,1,1,65536,9122,"fused_moe_kernel",256,0,0,80,0,48,"FETCH_SIZE",24707.000000,7889734445582,7889734455845
1123,20470,"Agent 1",4,1,1,49152,9121,"fused_moe_kernel",256,0,0,80,0,48,"FETCH_SIZE",49196.250000,7889747449429,7889747467189
1123,20472,"Agent 1",4,1,1,65536,9122,"fused_moe_kernel",256,0,0,80,0,48,"FETCH_SIZE",24707.000000,7889749136264,7889749145926
1123,20487,"Agent 1",4,1,1,49152,9121,"fused_moe_kernel",256,0,0,80,0,48,"FETCH_SIZE",49197.250000,7889759164265,7889759182386
1123,20489,"Agent 1",4,1,1,65536,9122,"fused_moe_kernel",256,0,0,80,0,48,"FETCH_SIZE",24707.000000,7889760228886,7889760238989
1123,20504,"Agent 1",4,1,1,49152,9121,"fused_moe_kernel",256,0,0,80,0,48,"FETCH_SIZE",49194.250000,7889760823358,7889760841399
1123,20506,"Agent 1",4,1,1,65536,9122,"fused_moe_kernel",256,0,0,80,0,48,"FETCH_SIZE",24707.000000,7889760938660,7889760948242
1123,20521,"Agent 1",4,1,1,49152,9121,"fused_moe_kernel",256,0,0,80,0,48,"WRITE_SIZE",24.000000,7889761369319,7889761387881
1123,20523,"Agent 1",4,1,1,65536,9122,"fused_moe_kernel",256,0,0,80,0,48,"WRITE_SIZE",32.000000,7889761474919,7889761484741
1123,20538,"Agent 1",4,1,1,49152,9121,"fused_moe_kernel",256,0,0,80,0,48,"WRITE_SIZE",24.000000,7889761900366,7889761917966
1123,20540,"Agent 1",4,1,1,65536,9122,"fused_moe_kernel",256,0,0,80,0,48,"WRITE_SIZE",32.000000,7889762001236,7889762011579
1123,20555,"Agent 1",4,1,1,49152,9121,"fused_moe_kernel",256,0,0,80,0,48,"WRITE_SIZE",24.000000,7889762413172,7889762431334
1123,20557,"Agent 1",4,1,1,65536,9122,"fused_moe_kernel",256,0,0,80,0,48,"WRITE_SIZE",32.000000,7889762518532,7889762528274
1123,20572,"Agent 1",4,1,1,49152,9121,"fused_moe_kernel",256,0,0,80,0,48,"WRITE_SIZE",24.000000,7889762941895,7889762960697
1123,20574,"Agent 1",4,1,1,65536,9122,"fused_moe_kernel",256,0,0,80,0,48,"WRITE_SIZE",32.000000,7889763051143,7889763061086
1123,20589,"Agent 1",4,1,1,49152,9121,"fused_moe_kernel",256,0,0,80,0,48,"SQ_INSTS_VALU_MFMA_MOPS_BF16",1572864.000000,7889763465685,7889763484208
1123,20591,"Agent 1",4,1,1,65536,9122,"fused_moe_kernel",256,0,0,80,0,48,"SQ_INSTS_VALU_MFMA_MOPS_BF16",786432.000000,7889763557775,7889763567236
1123,20606,"Agent 1",4,1,1,49152,9121,"fused_moe_kernel",256,0,0,80,0,48,"SQ_INSTS_VALU_MFMA_MOPS_BF16",1572864.000000,7889763969351,7889763987793
1123,20608,"Agent 1",4,1,1,65536,9122,"fused_moe_kernel",256,0,0,80,0,48,"SQ_INSTS_VALU_MFMA_MOPS_BF16",786432.000000,7889764061761,7889764071944
1123,20623,"Agent 1",4,1,1,49152,9121,"fused_moe_kernel",256,0,0,80,0,48,"SQ_INSTS_VALU_MFMA_MOPS_BF16",1572864.000000,7889764444631,7889764462632
1123,20625,"Agent 1",4,1,1,65536,9122,"fused_moe_kernel",256,0,0,80,0,48,"SQ_INSTS_VALU_MFMA_MOPS_BF16",786432.000000,7889764532110,7889764541612
1124,20640,"Agent 1",4,1,1,49152,9121,"fused_moe_kernel",256,0,0,80,0,48,"SQ_INSTS_VALU_MFMA_MOPS_BF16",1572864.000000,7889764926768,7889764944608
1124,20642,"Agent 1",4,1,1,65536,9122,"fused_moe_kernel",256,0,0,80,0,48,"SQ_INSTS_VALU_MFMA_MOPS_BF16",786432.000000,7889765018095,7889765027517
1124,20657,"Agent 1",4,1,1,49152,9121,"fused_moe_kernel",256,0,0,80,0,48,"FETCH_SIZE",49194.250000,7889765417764,7889765435965
1124,20659,"Agent 1",4,1,1,65536,9122,"fused_moe_kernel",256,0,0,80,0,48,"FETCH_SIZE",24707.062500,7889765532385,7889765542447
1124,20674,"Agent 1",4,1,1,49152,9121,"fused_moe_kernel",256,0,0,80,0,48,"FETCH_SIZE",49195.375000,7889765946246,7889765964407
1124,20676,"Agent 1",4,1,1,65536,9122,"fused_moe_kernel",256,0,0,80,0,48,"FETCH_SIZE",24707.000000,7889766067602,7889766077745
1124,20691,"Agent 1",4,1,1,49152,9121,"fused_moe_kernel",256,0,0,80,0,48,"FETCH_SIZE",49195.500000,7889766465426,7889766483307
1124,20693,"Agent 1",4,1,1,65536,9122,"fused_moe_kernel",256,0,0,80,0,48,"FETCH_SIZE",24707.000000,7889766575877,7889766586020
1124,20708,"Agent 1",4,1,1,49152,9121,"fused_moe_kernel",256,0,0,80,0,48,"FETCH_SIZE",49197.250000,7889767004051,7889767022974
1124,20710,"Agent 1",4,1,1,65536,9122,"fused_moe_kernel",256,0,0,80,0,48,"FETCH_SIZE",24707.000000,7889767125447,7889767135590
1124,20725,"Agent 1",4,1,1,49152,9121,"fused_moe_kernel",256,0,0,80,0,48,"WRITE_SIZE",24.000000,7889767533936,7889767552257
1124,20727,"Agent 1",4,1,1,65536,9122,"fused_moe_kernel",256,0,0,80,0,48,"WRITE_SIZE",32.000000,7889767640217,7889767650761
1124,20742,"Agent 1",4,1,1,49152,9121,"fused_moe_kernel",256,0,0,80,0,48,"WRITE_SIZE",24.000000,7889768041249,7889768058488
1124,20744,"Agent 1",4,1,1,65536,9122,"fused_moe_kernel",256,0,0,80,0,48,"WRITE_SIZE",32.000000,7889768141317,7889768151339
1124,20759,"Agent 1",4,1,1,49152,9121,"fused_moe_kernel",256,0,0,80,0,48,"WRITE_SIZE",24.000000,7889768532446,7889768550166
1124,20761,"Agent 1",4,1,1,65536,9122,"fused_moe_kernel",256,0,0,80,0,48,"WRITE_SIZE",32.000000,7889768634237,7889768644421
1124,20776,"Agent 1",4,1,1,49152,9121,"fused_moe_kernel",256,0,0,80,0,48,"WRITE_SIZE",24.000000,7889769040722,7889769058442
1124,20778,"Agent 1",4,1,1,65536,9122,"fused_moe_kernel",256,0,0,80,0,48,"WRITE_SIZE",32.000000,7889769147885,7889769157387
1124,20793,"Agent 1",4,1,1,49152,9121,"fused_moe_kernel",256,0,0,80,0,48,"SQ_INSTS_VALU_MFMA_MOPS_BF16",1572864.000000,7889769546752,7889769564112
1124,20795,"Agent 1",4,1,1,65536,9122,"fused_moe_kernel",256,0,0,80,0,48,"SQ_INSTS_VALU_MFMA_MOPS_BF16",786432.000000,7889769630743,7889769640245
1124,20810,"Agent 1",4,1,1,49152,9121,"fused_moe_kernel",256,0,0,80,0,48,"SQ_INSTS_VALU_MFMA_MOPS_BF16",1572864.000000,7889770013614,7889770031775
1124,20812,"Agent 1",4,1,1,65536,9122,"fused_moe_kernel",256,0,0,80,0,48,"SQ_INSTS_VALU_MFMA_MOPS_BF16",786432.000000,7889770095841,7889770106064
1124,20827,"Agent 1",4,1,1,49152,9121,"fused_moe_kernel",256,0,0,80,0,48,"SQ_INSTS_VALU_MFMA_MOPS_BF16",1572864.000000,7889770474782,7889770492342
1124,20829,"Agent 1",4,1,1,65536,9122,"fused_moe_kernel",256,0,0,80,0,48,"SQ_INSTS_VALU_MFMA_MOPS_BF16",786432.000000,7889770557009,7889770567273
1124,20844,"Agent 1",4,1,1,49152,9121,"fused_moe_kernel",256,0,0,80,0,48,"SQ_INSTS_VALU_MFMA_MOPS_BF16",1572864.000000,7889770947858,7889770966180
1124,20846,"Agent 1",4,1,1,65536,9122,"fused_moe_kernel",256,0,0,80,0,48,"SQ_INSTS_VALU_MFMA_MOPS_BF16",786432.000000,7889771040829,7889771050491
1124,20861,"Agent 1",4,1,1,49152,9121,"fused_moe_kernel",256,0,0,80,0,48,"FETCH_SIZE",49196.000000,7889771440779,7889771459181
1124,20863,"Agent 1",4,1,1,65536,9122,"fused_moe_kernel",256,0,0,80,0,48,"FETCH_SIZE",24707.000000,7889771552593,7889771562616
1124,20878,"Agent 1",4,1,1,49152,9121,"fused_moe_kernel",256,0,0,80,0,48,"FETCH_SIZE",49194.750000,7889771973550,7889771991190
1124,20880,"Agent 1",4,1,1,65536,9122,"fused_moe_kernel",256,0,0,80,0,48,"FETCH_SIZE",24707.000000,7889772089414,7889772099597
1125,20895,"Agent 1",4,1,1,49152,9121,"fused_moe_kernel",256,0,0,80,0,48,"FETCH_SIZE",49194.750000,7889772493011,7889772510972
1125,20897,"Agent 1",4,1,1,65536,9122,"fused_moe_kernel",256,0,0,80,0,48,"FETCH_SIZE",24707.000000,7889772607431,7889772617334
1125,20912,"Agent 1",4,1,1,49152,9121,"fused_moe_kernel",256,0,0,80,0,48,"FETCH_SIZE",49196.000000,7889773020771,7889773039333
1125,20914,"Agent 1",4,1,1,65536,9122,"fused_moe_kernel",256,0,0,80,0,48,"FETCH_SIZE",24707.500000,7889773142127,7889773152270
1125,20929,"Agent 1",4,1,1,49152,9121,"fused_moe_kernel",256,0,0,80,0,48,"WRITE_SIZE",24.000000,7889773548852,7889773567294
1125,20931,"Agent 1",4,1,1,65536,9122,"fused_moe_kernel",256,0,0,80,0,48,"WRITE_SIZE",32.000000,7889773653971,7889773663392
1125,20946,"Agent 1",4,1,1,49152,9121,"fused_moe_kernel",256,0,0,80,0,48,"WRITE_SIZE",24.000000,7889774060936,7889774078376
1125,20948,"Agent 1",4,1,1,65536,9122,"fused_moe_kernel",256,0,0,80,0,48,"WRITE_SIZE",32.000000,7889774162327,7889774172189
1125,20963,"Agent 1",4,1,1,49152,9121,"fused_moe_kernel",256,0,0,80,0,48,"WRITE_SIZE",24.000000,7889774563519,7889774582282
1125,20965,"Agent 1",4,1,1,65536,9122,"fused_moe_kernel",256,0,0,80,0,48,"WRITE_SIZE",32.000000,7889774670522,7889774680224
1125,20980,"Agent 1",4,1,1,49152,9121,"fused_moe_kernel",256,0,0,80,0,48,"WRITE_SIZE",24.000000,7889775069630,7889775088192
1125,20982,"Agent 1",4,1,1,65536,9122,"fused_moe_kernel",256,0,0,80,0,48,"WRITE_SIZE",32.000000,7889775176593,7889775186736
1125,20997,"Agent 1",4,1,1,49152,9121,"fused_moe_kernel",256,0,0,80,0,48,"SQ_INSTS_VALU_MFMA_MOPS_BF16",1572864.000000,7889775565477,7889775582997
1125,20999,"Agent 1",4,1,1,65536,9122,"fused_moe_kernel",256,0,0,80,0,48,"SQ_INSTS_VALU_MFMA_MOPS_BF16",786432.000000,7889775654600,7889775664422
1125,21014,"Agent 1",4,1,1,49152,9121,"fused_moe_kernel",256,0,0,80,0,48,"SQ_INSTS_VALU_MFMA_MOPS_BF16",1572864.000000,7889776053186,7889776071187
1125,21016,"Agent 1",4,1,1,65536,9122,"fused_moe_kernel",256,0,0,80,0,48,"SQ_INSTS_VALU_MFMA_MOPS_BF16",786432.000000,7889776136054,7889776146799
1125,21031,"Agent 1",4,1,1,49152,9121,"fused_moe_kernel",256,0,0,80,0,48,"SQ_INSTS_VALU_MFMA_MOPS_BF16",1572864.000000,7889776504011,7889776522052
1125,21033,"Agent 1",4,1,1,65536,9122,"fused_moe_kernel",256,0,0,80,0,48,"SQ_INSTS_VALU_MFMA_MOPS_BF16",786432.000000,7889776590528,7889776600070
1125,21048,"Agent 1",4,1,1,49152,9121,"fused_moe_kernel",256,0,0,80,0,48,"SQ_INSTS_VALU_MFMA_MOPS_BF16",1572864.000000,7889776972236,7889776990758
1125,21050,"Agent 1",4,1,1,65536,9122,"fused_moe_kernel",256,0,0,80,0,48,"SQ_INSTS_VALU_MFMA_MOPS_BF16",786432.000000,7889777065127,7889777074348
1125,21065,"Agent 1",4,1,1,49152,9121,"fused_moe_kernel",256,0,0,80,0,48,"FETCH_SIZE",49196.000000,7889777439017,7889777457619
1125,21067,"Agent 1",4,1,1,65536,9122,"fused_moe_kernel",256,0,0,80,0,48,"FETCH_SIZE",24707.000000,7889777548546,7889777558449
1125,21082,"Agent 1",4,1,1,49152,9121,"fused_moe_kernel",256,0,0,80,0,48,"FETCH_SIZE",49195.750000,7889777946772,7889777964772
1125,21084,"Agent 1",4,1,1,65536,9122,"fused_moe_kernel",256,0,0,80,0,48,"FETCH_SIZE",24707.000000,7889778063998,7889778074261
1125,21099,"Agent 1",4,1,1,49152,9121,"fused_moe_kernel",256,0,0,80,0,48,"FETCH_SIZE",49194.000000,7889778459016,7889778476977
1125,21101,"Agent 1",4,1,1,65536,9122,"fused_moe_kernel",256,0,0,80,0,48,"FETCH_SIZE",24707.000000,7889778572675,7889778582417
1125,21116,"Agent 1",4,1,1,49152,9121,"fused_moe_kernel",256,0,0,80,0,48,"FETCH_SIZE",49195.250000,7889778981805,7889778999565
1125,21118,"Agent 1",4,1,1,65536,9122,"fused_moe_kernel",256,0,0,80,0,48,"FETCH_SIZE",24707.000000,7889779095944,7889779105927
1125,21133,"Agent 1",4,1,1,49152,9121,"fused_moe_kernel",256,0,0,80,0,48,"WRITE_SIZE",24.000000,7889779490041,7889779508162
1125,21135,"Agent 1",4,1,1,65536,9122,"fused_moe_kernel",256,0,0,80,0,48,"WRITE_SIZE",32.000000,7889779594478,7889779604621
1126,21150,"Agent 1",4,1,1,49152,9121,"fused_moe_kernel",256,0,0,80,0,48,"WRITE_SIZE",24.000000,7889779990378,7889780008780
1126,21152,"Agent 1",4,1,1,65536,9122,"fused_moe_kernel",256,0,0,80,0,48,"WRITE_SIZE",32.000000,7889780090005,7889780099346
1126,21167,"Agent 1",4,1,1,49152,9121,"fused_moe_kernel",256,0,0,80,0,48,"WRITE_SIZE",24.000000,7889780479931,7889780498894
1126,21169,"Agent 1",4,1,1,65536,9122,"fused_moe_kernel",256,0,0,80,0,48,"WRITE_SIZE",32.000000,7889780591305,7889780601648
1126,21184,"Agent 1",4,1,1,49152,9121,"fused_moe_kernel",256,0,0,80,0,48,"WRITE_SIZE",24.000000,7889780980028,7889780998470
1126,21186,"Agent 1",4,1,1,65536,9122,"fused_moe_kernel",256,0,0,80,0,48,"WRITE_SIZE",32.000000,7889781086551,7889781096774
1157,21231,"Agent 1",4,1,1,49152,9121,"fused_moe_kernel",256,0,0,80,0,48,"SQ_INSTS_VALU_MFMA_MOPS_BF16",1572864.000000,7889782389433,7889782407153
1157,21233,"Agent 1",4,1,1,65536,9122,"fused_moe_kernel",256,0,0,80,0,48,"SQ_INSTS_VALU_MFMA_MOPS_BF16",786432.000000,7889782506980,7889782516362
1157,21248,"Agent 1",4,1,1,49152,9121,"fused_moe_kernel",256,0,0,80,0,48,"SQ_INSTS_VALU_MFMA_MOPS_BF16",1572864.000000,7889783144670,7889783162791
1157,21250,"Agent 1",4,1,1,65536,9122,"fused_moe_kernel",256,0,0,80,0,48,"SQ_INSTS_VALU_MFMA_MOPS_BF16",786432.000000,7889783256084,7889783265705
1157,21265,"Agent 1",4,1,1,49152,9121,"fused_moe_kernel",256,0,0,80,0,48,"SQ_INSTS_VALU_MFMA_MOPS_BF16",1572864.000000,7889787134903,7889787152423
1157,21267,"Agent 1",4,1,1,65536,9122,"fused_moe_kernel",256,0,0,80,0,48,"SQ_INSTS_VALU_MFMA_MOPS_BF16",786432.000000,7889788006258,7889788016001
1157,21282,"Agent 1",4,1,1,49152,9121,"fused_moe_kernel",256,0,0,80,0,48,"SQ_INSTS_VALU_MFMA_MOPS_BF16",1572864.000000,7889797224378,7889797242539
1157,21284,"Agent 1",4,1,1,65536,9122,"fused_moe_kernel",256,0,0,80,0,48,"SQ_INSTS_VALU_MFMA_MOPS_BF16",786432.000000,7889798852480,7889798862543
1157,21299,"Agent 1",4,1,1,49152,9121,"fused_moe_kernel",256,0,0,80,0,48,"FETCH_SIZE",49196.000000,7889810927295,7889810945255
1157,21301,"Agent 1",4,1,1,65536,9122,"fused_moe_kernel",256,0,0,80,0,48,"FETCH_SIZE",24707.000000,7889813108334,7889813118036
1157,21316,"Agent 1",4,1,1,49152,9121,"fused_moe_kernel",256,0,0,80,0,48,"FETCH_SIZE",49195.500000,7889825389859,7889825407980
1157,21318,"Agent 1",4,1,1,65536,9122,"fused_moe_kernel",256,0,0,80,0,48,"FETCH_SIZE",24707.000000,7889827315838,7889827326221
1157,21333,"Agent 1",4,1,1,49152,9121,"fused_moe_kernel",256,0,0,80,0,48,"FETCH_SIZE",49197.750000,7889834232605,7889834250445
1157,21335,"Agent 1",4,1,1,65536,9122,"fused_moe_kernel",256,0,0,80,0,48,"FETCH_SIZE",24707.000000,7889834345702,7889834355684
1157,21350,"Agent 1",4,1,1,49152,9121,"fused_moe_kernel",256,0,0,80,0,48,"FETCH_SIZE",49193.250000,7889834946468,7889834963907
1157,21352,"Agent 1",4,1,1,65536,9122,"fused_moe_kernel",256,0,0,80,0,48,"FETCH_SIZE",24707.000000,7889835065057,7889835075441
1157,21367,"Agent 1",4,1,1,49152,9121,"fused_moe_kernel",256,0,0,80,0,48,"WRITE_SIZE",24.000000,7889835495476,7889835512956
1157,21369,"Agent 1",4,1,1,65536,9122,"fused_moe_kernel",256,0,0,80,0,48,"WRITE_SIZE",32.000000,7889835600234,7889835609816
1157,21384,"Agent 1",4,1,1,49152,9121,"fused_moe_kernel",256,0,0,80,0,48,"WRITE_SIZE",24.000000,7889836031856,7889836049255
1157,21386,"Agent 1",4,1,1,65536,9122,"fused_moe_kernel",256,0,0,80,0,48,"WRITE_SIZE",32.000000,7889836142708,7889836152450
1157,21401,"Agent 1",4,1,1,49152,9121,"fused_moe_kernel",256,0,0,80,0,48,"WRITE_SIZE",24.000000,7889836550555,7889836568315
1157,21403,"Agent 1",4,1,1,65536,9122,"fused_moe_kernel",256,0,0,80,0,48,"WRITE_SIZE",32.000000,7889836653268,7889836663732
1157,21418,"Agent 1",4,1,1,49152,9121,"fused_moe_kernel",256,0,0,80,0,48,"WRITE_SIZE",24.000000,7889837072502,7889837090342
1157,21420,"Agent 1",4,1,1,65536,9122,"fused_moe_kernel",256,0,0,80,0,48,"WRITE_SIZE",32.000000,7889837184316,7889837194299
1157,21435,"Agent 1",4,1,1,49152,9121,"fused_moe_kernel",256,0,0,80,0,48,"SQ_INSTS_VALU_MFMA_MOPS_BF16",1572864.000000,7889837587032,7889837605153
1157,21437,"Agent 1",4,1,1,65536,9122,"fused_moe_kernel",256,0,0,80,0,48,"SQ_INSTS_VALU_MFMA_MOPS_BF16",786432.000000,7889837671744,7889837682008
1157,21452,"Agent 1",4,1,1,49152,9121,"fused_moe_kernel",256,0,0,80,0,48,"SQ_INSTS_VALU_MFMA_MOPS_BF16",1572864.000000,7889838082358,7889838100439
1157,21454,"Agent 1",4,1,1,65536,9122,"fused_moe_kernel",256,0,0,80,0,48,"SQ_INSTS_VALU_MFMA_MOPS_BF16",786432.000000,7889838171080,7889838180621
1157,21469,"Agent 1",4,1,1,49152,9121,"fused_moe_kernel",256,0,0,80,0,48,"SQ_INSTS_VALU_MFMA_MOPS_BF16",1572864.000000,7889838554311,7889838572833
1157,21471,"Agent 1",4,1,1,65536,9122,"fused_moe_kernel",256,0,0,80,0,48,"SQ_INSTS_VALU_MFMA_MOPS_BF16",786432.000000,7889838636618,7889838645719
1158,21486,"Agent 1",4,1,1,49152,9121,"fused_moe_kernel",256,0,0,80,0,48,"SQ_INSTS_VALU_MFMA_MOPS_BF16",1572864.000000,7889839019970,7889839037810
1158,21488,"Agent 1",4,1,1,65536,9122,"fused_moe_kernel",256,0,0,80,0,48,"SQ_INSTS_VALU_MFMA_MOPS_BF16",786432.000000,7889839111578,7889839121480
1158,21503,"Agent 1",4,1,1,49152,9121,"fused_moe_kernel",256,0,0,80,0,48,"FETCH_SIZE",49193.000000,7889839509523,7889839527804
1158,21505,"Agent 1",4,1,1,65536,9122,"fused_moe_kernel",256,0,0,80,0,48,"FETCH_SIZE",24707.000000,7889839626509,7889839635930
1158,21520,"Agent 1",4,1,1,49152,9121,"fused_moe_kernel",256,0,0,80,0,48,"FETCH_SIZE",49195.250000,7889840062580,7889840080020
1158,21522,"Agent 1",4,1,1,65536,9122,"fused_moe_kernel",256,0,0,80,0,48,"FETCH_SIZE",24707.000000,7889840177241,7889840187144
1158,21537,"Agent 1",4,1,1,49152,9121,"fused_moe_kernel",256,0,0,80,0,48,"FETCH_SIZE",49195.250000,7889840587574,7889840605054
1158,21539,"Agent 1",4,1,1,65536,9122,"fused_moe_kernel",256,0,0,80,0,48,"FETCH_SIZE",24707.000000,7889840702555,7889840712658
1158,21554,"Agent 1",4,1,1,49152,9121,"fused_moe_kernel",256,0,0,80,0,48,"FETCH_SIZE",49196.250000,7889841133575,7889841151456
1158,21556,"Agent 1",4,1,1,65536,9122,"fused_moe_kernel",256,0,0,80,0,48,"FETCH_SIZE",24707.000000,7889841251844,7889841261747
1158,21571,"Agent 1",4,1,1,49152,9121,"fused_moe_kernel",256,0,0,80,0,48,"WRITE_SIZE",24.000000,7889841670957,7889841688637
1158,21573,"Agent 1",4,1,1,65536,9122,"fused_moe_kernel",256,0,0,80,0,48,"WRITE_SIZE",32.000000,7889841774793,7889841784776
1158,21588,"Agent 1",4,1,1,49152,9121,"fused_moe_kernel",256,0,0,80,0,48,"WRITE_SIZE",24.000000,7889842183362,7889842201564
1158,21590,"Agent 1",4,1,1,65536,9122,"fused_moe_kernel",256,0,0,80,0,48,"WRITE_SIZE",32.000000,7889842286918,7889842297061
1158,21605,"Agent 1",4,1,1,49152,9121,"fused_moe_kernel",256,0,0,80,0,48,"WRITE_SIZE",24.000000,7889842692320,7889842709960
1158,21607,"Agent 1",4,1,1,65536,9122,"fused_moe_kernel",256,0,0,80,0,48,"WRITE_SIZE",32.000000,7889842793229,7889842803252
1158,21622,"Agent 1",4,1,1,49152,9121,"fused_moe_kernel",256,0,0,80,0,48,"WRITE_SIZE",24.000000,7889843201517,7889843220080
1158,21624,"Agent 1",4,1,1,65536,9122,"fused_moe_kernel",256,0,0,80,0,48,"WRITE_SIZE",32.000000,7889843307037,7889843317020
1158,21639,"Agent 1",4,1,1,49152,9121,"fused_moe_kernel",256,0,0,80,0,48,"SQ_INSTS_VALU_MFMA_MOPS_BF16",1572864.000000,7889843702857,7889843719936
1158,21641,"Agent 1",4,1,1,65536,9122,"fused_moe_kernel",256,0,0,80,0,48,"SQ_INSTS_VALU_MFMA_MOPS_BF16",786432.000000,7889843796230,7889843805290
1158,21656,"Agent 1",4,1,1,49152,9121,"fused_moe_kernel",256,0,0,80,0,48,"SQ_INSTS_VALU_MFMA_MOPS_BF16",1572864.000000,7889844175612,7889844193132
1158,21658,"Agent 1",4,1,1,65536,9122,"fused_moe_kernel",256,0,0,80,0,48,"SQ_INSTS_VALU_MFMA_MOPS_BF16",786432.000000,7889844258040,7889844268102
1158,21673,"Agent 1",4,1,1,49152,9121,"fused_moe_kernel",256,0,0,80,0,48,"SQ_INSTS_VALU_MFMA_MOPS_BF16",1572864.000000,7889844634335,7889844652176
1158,21675,"Agent 1",4,1,1,65536,9122,"fused_moe_kernel",256,0,0,80,0,48,"SQ_INSTS_VALU_MFMA_MOPS_BF16",786432.000000,7889844718246,7889844728590
1158,21690,"Agent 1",4,1,1,49152,9121,"fused_moe_kernel",256,0,0,80,0,48,"SQ_INSTS_VALU_MFMA_MOPS_BF16",1572864.000000,7889845120280,7889845138642
1158,21692,"Agent 1",4,1,1,65536,9122,"fused_moe_kernel",256,0,0,80,0,48,"SQ_INSTS_VALU_MFMA_MOPS_BF16",786432.000000,7889845207759,7889845217782
1158,21707,"Agent 1",4,1,1,49152,9121,"fused_moe_kernel",256,0,0,80,0,48,"FETCH_SIZE",49195.375000,7889845605744,7889845623785
1158,21709,"Agent 1",4,1,1,65536,9122,"fused_moe_kernel",256,0,0,80,0,48,"FETCH_SIZE",24707.000000,7889845720044,7889845729706
1158,21724,"Agent 1",4,1,1,49152,9121,"fused_moe_kernel",256,0,0,80,0,48,"FETCH_SIZE",49195.500000,7889846134065,7889846151785
1158,21726,"Agent 1",4,1,1,65536,9122,"fused_moe_kernel",256,0,0,80,0,48,"FETCH_SIZE",24707.000000,7889846251653,7889846261074
1159,21741,"Agent 1",4,1,1,49152,9121,"fused_moe_kernel",256,0,0,80,0,48,"FETCH_SIZE",49193.250000,7889846655531,7889846673812
1159,21743,"Agent 1",4,1,1,65536,9122,"fused_moe_kernel",256,0,0,80,0,48,"FETCH_SIZE",24707.000000,7889846770993,7889846781136
1159,21758,"Agent 1",4,1,1,49152,9121,"fused_moe_kernel",256,0,0,80,0,48,"FETCH_SIZE",49196.500000,7889847186498,7889847205461
1159,21760,"Agent 1",4,1,1,65536,9122,"fused_moe_kernel",256,0,0,80,0,48,"FETCH_SIZE",24707.000000,7889847298753,7889847308135
1159,21775,"Agent 1",4,1,1,49152,9121,"fused_moe_kernel",256,0,0,80,0,48,"WRITE_SIZE",24.000000,7889847701790,7889847720111
1159,21777,"Agent 1",4,1,1,65536,9122,"fused_moe_kernel",256,0,0,80,0,48,"WRITE_SIZE",32.000000,7889847801376,7889847811840
1159,21792,"Agent 1",4,1,1,49152,9121,"fused_moe_kernel",256,0,0,80,0,48,"WRITE_SIZE",24.000000,7889848210947,7889848228387
1159,21794,"Agent 1",4,1,1,65536,9122,"fused_moe_kernel",256,0,0,80,0,48,"WRITE_SIZE",32.000000,7889848314022,7889848324125
1159,21809,"Agent 1",4,1,1,49152,9121,"fused_moe_kernel",256,0,0,80,0,48,"WRITE_SIZE",24.000000,7889848709441,7889848727522
1159,21811,"Agent 1",4,1,1,65536,9122,"fused_moe_kernel",256,0,0,80,0,48,"WRITE_SIZE",32.000000,7889848812996,7889848822819
1159,21826,"Agent 1",4,1,1,49152,9121,"fused_moe_kernel",256,0,0,80,0,48,"WRITE_SIZE",24.000000,7889849223049,7889849241290
1159,21828,"Agent 1",4,1,1,65536,9122,"fused_moe_kernel",256,0,0,80,0,48,"WRITE_SIZE",32.000000,7889849326845,7889849336306
1159,21843,"Agent 1",4,1,1,49152,9121,"fused_moe_kernel",256,0,0,80,0,48,"SQ_INSTS_VALU_MFMA_MOPS_BF16",1572864.000000,7889849724990,7889849743312
1159,21845,"Agent 1",4,1,1,65536,9122,"fused_moe_kernel",256,0,0,80,0,48,"SQ_INSTS_VALU_MFMA_MOPS_BF16",786432.000000,7889849809061,7889849819084
1159,21860,"Agent 1",4,1,1,49152,9121,"fused_moe_kernel",256,0,0,80,0,48,"SQ_INSTS_VALU_MFMA_MOPS_BF16",1572864.000000,7889850190729,7889850210534
1159,21862,"Agent 1",4,1,1,65536,9122,"fused_moe_kernel",256,0,0,80,0,48,"SQ_INSTS_VALU_MFMA_MOPS_BF16",786432.000000,7889850276885,7889850287148
1159,21877,"Agent 1",4,1,1,49152,9121,"fused_moe_kernel",256,0,0,80,0,48,"SQ_INSTS_VALU_MFMA_MOPS_BF16",1572864.000000,7889850677227,7889850695790
1159,21879,"Agent 1",4,1,1,65536,9122,"fused_moe_kernel",256,0,0,80,0,48,"SQ_INSTS_VALU_MFMA_MOPS_BF16",786432.000000,7889850761740,7889850771802
1159,21894,"Agent 1",4,1,1,49152,9121,"fused_moe_kernel",256,0,0,80,0,48,"SQ_INSTS_VALU_MFMA_MOPS_BF16",1572864.000000,7889851139799,7889851158041
1159,21896,"Agent 1",4,1,1,65536,9122,"fused_moe_kernel",256,0,0,80,0,48,"SQ_INSTS_VALU_MFMA_MOPS_BF16",786432.000000,7889851224632,7889851234094
1159,21911,"Agent 1",4,1,1,49152,9121,"fused_moe_kernel",256,0,0,80,0,48,"FETCH_SIZE",49193.500000,7889851599284,7889851617405
1159,21913,"Agent 1",4,1,1,65536,9122,"fused_moe_kernel",256,0,0,80,0,48,"FETCH_SIZE",24707.000000,7889851713223,7889851722364
1159,21928,"Agent 1",4,1,1,49152,9121,"fused_moe_kernel",256,0,0,80,0,48,"FETCH_SIZE",49195.500000,7889852128407,7889852146689
1159,21930,"Agent 1",4,1,1,65536,9122,"fused_moe_kernel",256,0,0,80,0,48,"FETCH_SIZE",24707.000000,7889852242867,7889852252850
1159,21945,"Agent 1",4,1,1,49152,9121,"fused_moe_kernel",256,0,0,80,0,48,"FETCH_SIZE",49195.500000,7889852636402,7889852653641
1159,21947,"Agent 1",4,1,1,65536,9122,"fused_moe_kernel",256,0,0,80,0,48,"FETCH_SIZE",24707.000000,7889852750542,7889852760083
1159,21962,"Agent 1",4,1,1,49152,9121,"fused_moe_kernel",256,0,0,80,0,48,"FETCH_SIZE",49193.500000,7889853164242,7889853182003
1159,21964,"Agent 1",4,1,1,65536,9122,"fused_moe_kernel",256,0,0,80,0,48,"FETCH_SIZE",24707.000000,7889853277219,7889853286881
1159,21979,"Agent 1",4,1,1,49152,9121,"fused_moe_kernel",256,0,0,80,0,48,"WRITE_SIZE",24.000000,7889853676246,7889853695169
1159,21981,"Agent 1",4,1,1,65536,9122,"fused_moe_kernel",256,0,0,80,0,48,"WRITE_SIZE",32.000000,7889853777757,7889853787419
1160,21996,"Agent 1",4,1,1,49152,9121,"fused_moe_kernel",256,0,0,80,0,48,"WRITE_SIZE",24.000000,7889854154133,7889854172535
1160,21998,"Agent 1",4,1,1,65536,9122,"fused_moe_kernel",256,0,0,80,0,48,"WRITE_SIZE",32.000000,7889854255844,7889854265707
1160,22013,"Agent 1",4,1,1,49152,9121,"fused_moe_kernel",256,0,0,80,0,48,"WRITE_SIZE",24.000000,7889854637392,7889854655513
1160,22015,"Agent 1",4,1,1,65536,9122,"fused_moe_kernel",256,0,0,80,0,48,"WRITE_SIZE",32.000000,7889854741709,7889854751090
1160,22030,"Agent 1",4,1,1,49152,9121,"fused_moe_kernel",256,0,0,80,0,48,"WRITE_SIZE",24.000000,7889855137689,7889855155450
1160,22032,"Agent 1",4,1,1,65536,9122,"fused_moe_kernel",256,0,0,80,0,48,"WRITE_SIZE",32.000000,7889855239601,7889855249744
1191,22077,"Agent 1",4,1,1,49152,9121,"fused_moe_kernel",256,0,0,80,0,48,"SQ_INSTS_VALU_MFMA_MOPS_BF16",1572864.000000,7889856503154,7889856520594
1191,22079,"Agent 1",4,1,1,65536,9122,"fused_moe_kernel",256,0,0,80,0,48,"SQ_INSTS_VALU_MFMA_MOPS_BF16",786432.000000,7889856629922,7889856640105
1191,22094,"Agent 1",4,1,1,49152,9121,"fused_moe_kernel",256,0,0,80,0,48,"SQ_INSTS_VALU_MFMA_MOPS_BF16",1572864.000000,7889857287337,7889857305378
1191,22096,"Agent 1",4,1,1,65536,9122,"fused_moe_kernel",256,0,0,80,0,48,"SQ_INSTS_VALU_MFMA_MOPS_BF16",786432.000000,7889857376299,7889857385600
1191,22111,"Agent 1",4,1,1,49152,9121,"fused_moe_kernel",256,0,0,80,0,48,"SQ_INSTS_VALU_MFMA_MOPS_BF16",1572864.000000,7889858091726,7889858109847
1191,22113,"Agent 1",4,1,1,65536,9122,"fused_moe_kernel",256,0,0,80,0,48,"SQ_INSTS_VALU_MFMA_MOPS_BF16",786432.000000,7889858431298,7889858441000
1191,22128,"Agent 1",4,1,1,49152,9121,"fused_moe_kernel",256,0,0,80,0,48,"SQ_INSTS_VALU_MFMA_MOPS_BF16",1572864.000000,7889869103764,7889869121765
1191,22130,"Agent 1",4,1,1,65536,9122,"fused_moe_kernel",256,0,0,80,0,48,"SQ_INSTS_VALU_MFMA_MOPS_BF16",786432.000000,7889869507683,7889869517746
1191,22145,"Agent 1",4,1,1,49152,9121,"fused_moe_kernel",256,0,0,80,0,48,"FETCH_SIZE",49195.750000,7889877905818,7889877923939
1191,22147,"Agent 1",4,1,1,65536,9122,"fused_moe_kernel",256,0,0,80,0,48,"FETCH_SIZE",24707.000000,7889880014452,7889880024074
1191,22162,"Agent 1",4,1,1,49152,9121,"fused_moe_kernel",256,0,0,80,0,48,"FETCH_SIZE",49197.000000,7889890057888,7889890075649
1191,22164,"Agent 1",4,1,1,65536,9122,"fused_moe_kernel",256,0,0,80,0,48,"FETCH_SIZE",24707.000000,7889891867603,7889891877105
1191,22179,"Agent 1",4,1,1,49152,9121,"fused_moe_kernel",256,0,0,80,0,48,"FETCH_SIZE",49194.750000,7889903638567,7889903656488
1191,22181,"Agent 1",4,1,1,65536,9122,"fused_moe_kernel",256,0,0,80,0,48,"FETCH_SIZE",24707.000000,7889905271961,7889905281061
1191,22196,"Agent 1",4,1,1,49152,9121,"fused_moe_kernel",256,0,0,80,0,48,"FETCH_SIZE",49195.000000,7889906469684,7889906488006
1191,22198,"Agent 1",4,1,1,65536,9122,"fused_moe_kernel",256,0,0,80,0,48,"FETCH_SIZE",24707.000000,7889906646406,7889906655827
1191,22213,"Agent 1",4,1,1,49152,9121,"fused_moe_kernel",256,0,0,80,0,48,"WRITE_SIZE",24.000000,7889907063434,7889907081836
1191,22215,"Agent 1",4,1,1,65536,9122,"fused_moe_kernel",256,0,0,80,0,48,"WRITE_SIZE",32.000000,7889907176371,7889907186113
1191,22230,"Agent 1",4,1,1,49152,9121,"fused_moe_kernel",256,0,0,80,0,48,"WRITE_SIZE",24.000000,7889907587466,7889907605386
1191,22232,"Agent 1",4,1,1,65536,9122,"fused_moe_kernel",256,0,0,80,0,48,"WRITE_SIZE",32.000000,7889907689618,7889907699641
1191,22247,"Agent 1",4,1,1,49152,9121,"fused_moe_kernel",256,0,0,80,0,48,"WRITE_SIZE",24.000000,7889908091692,7889908109893
1191,22249,"Agent 1",4,1,1,65536,9122,"fused_moe_kernel",256,0,0,80,0,48,"WRITE_SIZE",32.000000,7889908192722,7889908202544
1191,22264,"Agent 1",4,1,1,49152,9121,"fused_moe_kernel",256,0,0,80,0,48,"WRITE_SIZE",24.000000,7889908601772,7889908620053
1191,22266,"Agent 1",4,1,1,65536,9122,"fused_moe_kernel",256,0,0,80,0,48,"WRITE_SIZE",32.000000,7889908711501,7889908720843
1191,22281,"Agent 1",4,1,1,49152,9121,"fused_moe_kernel",256,0,0,80,0,48,"SQ_INSTS_VALU_MFMA_MOPS_BF16",1572864.000000,7889909114257,7889909132298
1191,22283,"Agent 1",4,1,1,65536,9122,"fused_moe_kernel",256,0,0,80,0,48,"SQ_INSTS_VALU_MFMA_MOPS_BF16",786432.000000,7889909207830,7889909217853
1191,22298,"Agent 1",4,1,1,49152,9121,"fused_moe_kernel",256,0,0,80,0,48,"SQ_INSTS_VALU_MFMA_MOPS_BF16",1572864.000000,7889909598278,7889909615757
1191,22300,"Agent 1",4,1,1,65536,9122,"fused_moe_kernel",256,0,0,80,0,48,"SQ_INSTS_VALU_MFMA_MOPS_BF16",786432.000000,7889909684714,7889909694176
1191,22315,"Agent 1",4,1,1,49152,9121,"fused_moe_kernel",256,0,0,80,0,48,"SQ_INSTS_VALU_MFMA_MOPS_BF16",1572864.000000,7889910078329,7889910096571
1191,22317,"Agent 1",4,1,1,65536,9122,"fused_moe_kernel",256,0,0,80,0,48,"SQ_INSTS_VALU_MFMA_MOPS_BF16",786432.000000,7889910170619,7889910180281
1192,22332,"Agent 1",4,1,1,49152,9121,"fused_moe_kernel",256,0,0,80,0,48,"SQ_INSTS_VALU_MFMA_MOPS_BF16",1572864.000000,7889910567441,7889910586525
1192,22334,"Agent 1",4,1,1,65536,9122,"fused_moe_kernel",256,0,0,80,0,48,"SQ_INSTS_VALU_MFMA_MOPS_BF16",786432.000000,7889910656123,7889910666025
1192,22349,"Agent 1",4,1,1,49152,9121,"fused_moe_kernel",256,0,0,80,0,48,"FETCH_SIZE",49195.750000,7889911054589,7889911072229
1192,22351,"Agent 1",4,1,1,65536,9122,"fused_moe_kernel",256,0,0,80,0,48,"FETCH_SIZE",24707.000000,7889911169290,7889911178711
1192,22366,"Agent 1",4,1,1,49152,9121,"fused_moe_kernel",256,0,0,80,0,48,"FETCH_SIZE",49195.000000,7889911579021,7889911597143
1192,22368,"Agent 1",4,1,1,65536,9122,"fused_moe_kernel",256,0,0,80,0,48,"FETCH_SIZE",24707.000000,7889911696689,7889911707032
1192,22383,"Agent 1",4,1,1,49152,9121,"fused_moe_kernel",256,0,0,80,0,48,"FETCH_SIZE",49196.125000,7889912107904,7889912125744
1192,22385,"Agent 1",4,1,1,65536,9122,"fused_moe_kernel",256,0,0,80,0,48,"FETCH_SIZE",24707.000000,7889912227255,7889912237559
1192,22400,"Agent 1",4,1,1,49152,9121,"fused_moe_kernel",256,0,0,80,0,48,"FETCH_SIZE",49196.750000,7889912629931,7889912648333
1192,22402,"Agent 1",4,1,1,65536,9122,"fused_moe_kernel",256,0,0,80,0,48,"FETCH_SIZE",24707.000000,7889912743148,7889912753452
1192,22417,"Agent 1",4,1,1,49152,9121,"fused_moe_kernel",256,0,0,80,0,48,"WRITE_SIZE",24.000000,7889913193980,7889913212502
1192,22419,"Agent 1",4,1,1,65536,9122,"fused_moe_kernel",256,0,0,80,0,48,"WRITE_SIZE",32.000000,7889913297375,7889913307518
1192,22434,"Agent 1",4,1,1,49152,9121,"fused_moe_kernel",256,0,0,80,0,48,"WRITE_SIZE",24.000000,7889913713522,7889913731442
1192,22436,"Agent 1",4,1,1,65536,9122,"fused_moe_kernel",256,0,0,80,0,48,"WRITE_SIZE",32.000000,7889913814952,7889913825015
1192,22451,"Agent 1",4,1,1,49152,9121,"fused_moe_kernel",256,0,0,80,0,48,"WRITE_SIZE",24.000000,7889914207805,7889914225927
1192,22453,"Agent 1",4,1,1,65536,9122,"fused_moe_kernel",256,0,0,80,0,48,"WRITE_SIZE",32.000000,7889914314729,7889914324030
1192,22468,"Agent 1",4,1,1,49152,9121,"fused_moe_kernel",256,0,0,80,0,48,"WRITE_SIZE",24.000000,7889914692387,7889914710789
1192,22470,"Agent 1",4,1,1,65536,9122,"fused_moe_kernel",256,0,0,80,0,48,"WRITE_SIZE",32.000000,7889914799671,7889914809293
1192,22485,"Agent 1",4,1,1,49152,9121,"fused_moe_kernel",256,0,0,80,0,48,"SQ_INSTS_VALU_MFMA_MOPS_BF16",1572864.000000,7889915189357,7889915207198
1192,22487,"Agent 1",4,1,1,65536,9122,"fused_moe_kernel",256,0,0,80,0,48,"SQ_INSTS_VALU_MFMA_MOPS_BF16",786432.000000,7889915281727,7889915291389
1192,22502,"Agent 1",4,1,1,49152,9121,"fused_moe_kernel",256,0,0,80,0,48,"SQ_INSTS_VALU_MFMA_MOPS_BF16",1572864.000000,7889915669689,7889915687089
1192,22504,"Agent 1",4,1,1,65536,9122,"fused_moe_kernel",256,0,0,80,0,48,"SQ_INSTS_VALU_MFMA_MOPS_BF16",786432.000000,7889915754883,7889915764946
1192,22519,"Agent 1",4,1,1,49152,9121,"fused_moe_kernel",256,0,0,80,0,48,"SQ_INSTS_VALU_MFMA_MOPS_BF16",1572864.000000,7889916141362,7889916158802
1192,22521,"Agent 1",4,1,1,65536,9122,"fused_moe_kernel",256,0,0,80,0,48,"SQ_INSTS_VALU_MFMA_MOPS_BF16",786432.000000,7889916225593,7889916234975
1192,22536,"Agent 1",4,1,1,49152,9121,"fused_moe_kernel",256,0,0,80,0,48,"SQ_INSTS_VALU_MFMA_MOPS_BF16",1572864.000000,7889916611431,7889916629792
1192,22538,"Agent 1",4,1,1,65536,9122,"fused_moe_kernel",256,0,0,80,0,48,"SQ_INSTS_VALU_MFMA_MOPS_BF16",786432.000000,7889916696985,7889916707329
1192,22553,"Agent 1",4,1,1,49152,9121,"fused_moe_kernel",256,0,0,80,0,48,"FETCH_SIZE",49194.750000,7889917086070,7889917103790
1192,22555,"Agent 1",4,1,1,65536,9122,"fused_moe_kernel",256,0,0,80,0,48,"FETCH_SIZE",24707.000000,7889917206183,7889917216727
1192,22570,"Agent 1",4,1,1,49152,9121,"fused_moe_kernel",256,0,0,80,0,48,"FETCH_SIZE",49194.250000,7889917611224,7889917628784
1192,22572,"Agent 1",4,1,1,65536,9122,"fused_moe_kernel",256,0,0,80,0,48,"FETCH_SIZE",24707.000000,7889917726125,7889917736108
1193,22587,"Agent 1",4,1,1,49152,9121,"fused_moe_kernel",256,0,0,80,0,48,"FETCH_SIZE",49196.000000,7889918147604,7889918166286
1193,22589,"Agent 1",4,1,1,65536,9122,"fused_moe_kernel",256,0,0,80,0,48,"FETCH_SIZE",24707.000000,7889918263948,7889918273570
1193,22604,"Agent 1",4,1,1,49152,9121,"fused_moe_kernel",256,0,0,80,0,48,"FETCH_SIZE",49195.500000,7889918674642,7889918692082
1193,22606,"Agent 1",4,1,1,65536,9122,"fused_moe_kernel",256,0,0,80,0,48,"FETCH_SIZE",24707.000000,7889918788741,7889918798764
1193,22621,"Agent 1",4,1,1,49152,9121,"fused_moe_kernel",256,0,0,80,0,48,"WRITE_SIZE",24.000000,7889919199716,7889919218519
1193,22623,"Agent 1",4,1,1,65536,9122,"fused_moe_kernel",256,0,0,80,0,48,"WRITE_SIZE",32.000000,7889919304955,7889919315098
1193,22638,"Agent 1",4,1,1,49152,9121,"fused_moe_kernel",256,0,0,80,0,48,"WRITE_SIZE",24.000000,7889919700174,7889919717453
1193,22640,"Agent 1",4,1,1,65536,9122,"fused_moe_kernel",256,0,0,80,0,48,"WRITE_SIZE",32.000000,7889919802887,7889919812990
1193,22655,"Agent 1",4,1,1,49152,9121,"fused_moe_kernel",256,0,0,80,0,48,"WRITE_SIZE",24.000000,7889920211657,7889920230540
1193,22657,"Agent 1",4,1,1,65536,9122,"fused_moe_kernel",256,0,0,80,0,48,"WRITE_SIZE",32.000000,7889920319983,7889920329845
1193,22672,"Agent 1",4,1,1,49152,9121,"fused_moe_kernel",256,0,0,80,0,48,"WRITE_SIZE",24.000000,7889920712155,7889920730196
1193,22674,"Agent 1",4,1,1,65536,9122,"fused_moe_kernel",256,0,0,80,0,48,"WRITE_SIZE",32.000000,7889920817394,7889920827617
1193,22689,"Agent 1",4,1,1,49152,9121,"fused_moe_kernel",256,0,0,80,0,48,"SQ_INSTS_VALU_MFMA_MOPS_BF16",1572864.000000,7889921230253,7889921248093
1193,22691,"Agent 1",4,1,1,65536,9122,"fused_moe_kernel",256,0,0,80,0,48,"SQ_INSTS_VALU_MFMA_MOPS_BF16",786432.000000,7889921316769,7889921326872
1193,22706,"Agent 1",4,1,1,49152,9121,"fused_moe_kernel",256,0,0,80,0,48,"SQ_INSTS_VALU_MFMA_MOPS_BF16",1572864.000000,7889921699921,7889921718162
1193,22708,"Agent 1",4,1,1,65536,9122,"fused_moe_kernel",256,0,0,80,0,48,"SQ_INSTS_VALU_MFMA_MOPS_BF16",786432.000000,7889921783150,7889921792892
1193,22723,"Agent 1",4,1,1,49152,9121,"fused_moe_kernel",256,0,0,80,0,48,"SQ_INSTS_VALU_MFMA_MOPS_BF16",1572864.000000,7889922161410,7889922179531
1193,22725,"Agent 1",4,1,1,65536,9122,"fused_moe_kernel",256,0,0,80,0,48,"SQ_INSTS_VALU_MFMA_MOPS_BF16",786432.000000,7889922245281,7889922255504
1193,22740,"Agent 1",4,1,1,49152,9121,"fused_moe_kernel",256,0,0,80,0,48,"SQ_INSTS_VALU_MFMA_MOPS_BF16",1572864.000000,7889922617928,7889922635648
1193,22742,"Agent 1",4,1,1,65536,9122,"fused_moe_kernel",256,0,0,80,0,48,"SQ_INSTS_VALU_MFMA_MOPS_BF16",786432.000000,7889922702480,7889922712463
1193,22757,"Agent 1",4,1,1,49152,9121,"fused_moe_kernel",256,0,0,80,0,48,"FETCH_SIZE",49194.500000,7889923064263,7889923083627
1193,22759,"Agent 1",4,1,1,65536,9122,"fused_moe_kernel",256,0,0,80,0,48,"FETCH_SIZE",24707.000000,7889923186020,7889923195561
1193,22774,"Agent 1",4,1,1,49152,9121,"fused_moe_kernel",256,0,0,80,0,48,"FETCH_SIZE",49196.125000,7889923589778,7889923607418
1193,22776,"Agent 1",4,1,1,65536,9122,"fused_moe_kernel",256,0,0,80,0,48,"FETCH_SIZE",24707.000000,7889923702915,7889923712497
1193,22791,"Agent 1",4,1,1,49152,9121,"fused_moe_kernel",256,0,0,80,0,48,"FETCH_SIZE",49194.750000,7889924093804,7889924111444
1193,22793,"Agent 1",4,1,1,65536,9122,"fused_moe_kernel",256,0,0,80,0,48,"FETCH_SIZE",24707.000000,7889924212955,7889924222536
1193,22808,"Agent 1",4,1,1,49152,9121,"fused_moe_kernel",256,0,0,80,0,48,"FETCH_SIZE",49194.750000,7889924603643,7889924621083
1193,22810,"Agent 1",4,1,1,65536,9122,"fused_moe_kernel",256,0,0,80,0,48,"FETCH_SIZE",24707.000000,7889924718183,7889924728286
1193,22825,"Agent 1",4,1,1,49152,9121,"fused_moe_kernel",256,0,0,80,0,48,"WRITE_SIZE",24.000000,7889925112921,7889925130721
1193,22827,"Agent 1",4,1,1,65536,9122,"fused_moe_kernel",256,0,0,80,0,48,"WRITE_SIZE",32.000000,7889925224214,7889925234237
1194,22842,"Agent 1",4,1,1,49152,9121,"fused_moe_kernel",256,0,0,80,0,48,"WRITE_SIZE",24.000000,7889925620274,7889925638436
1194,22844,"Agent 1",4,1,1,65536,9122,"fused_moe_kernel",256,0,0,80,0,48,"WRITE_SIZE",32.000000,7889925724030,7889925733572
1194,22859,"Agent 1",4,1,1,49152,9121,"fused_moe_kernel",256,0,0,80,0,48,"WRITE_SIZE",24.000000,7889926122256,7889926140417
1194,22861,"Agent 1",4,1,1,65536,9122,"fused_moe_kernel",256,0,0,80,0,48,"WRITE_SIZE",32.000000,7889926224609,7889926234271
1194,22876,"Agent 1",4,1,1,49152,9121,"fused_moe_kernel",256,0,0,80,0,48,"WRITE_SIZE",24.000000,7889926603831,7889926621872
1194,22878,"Agent 1",4,1,1,65536,9122,"fused_moe_kernel",256,0,0,80,0,48,"WRITE_SIZE",32.000000,7889926701292,7889926711195
1225,22923,"Agent 1",4,1,1,49152,9121,"fused_moe_kernel",256,0,0,80,0,48,"SQ_INSTS_VALU_MFMA_MOPS_BF16",1572864.000000,7889927974668,7889927992629
1225,22925,"Agent 1",4,1,1,65536,9122,"fused_moe_kernel",256,0,0,80,0,48,"SQ_INSTS_VALU_MFMA_MOPS_BF16",786432.000000,7889928128097,7889928137358
1225,22940,"Agent 1",4,1,1,49152,9121,"fused_moe_kernel",256,0,0,80,0,48,"SQ_INSTS_VALU_MFMA_MOPS_BF16",1572864.000000,7889928742213,7889928760695
1225,22942,"Agent 1",4,1,1,65536,9122,"fused_moe_kernel",256,0,0,80,0,48,"SQ_INSTS_VALU_MFMA_MOPS_BF16",786432.000000,7889928849938,7889928859239
1225,22957,"Agent 1",4,1,1,49152,9121,"fused_moe_kernel",256,0,0,80,0,48,"SQ_INSTS_VALU_MFMA_MOPS_BF16",1572864.000000,7889929663989,7889929681789
1225,22959,"Agent 1",4,1,1,65536,9122,"fused_moe_kernel",256,0,0,80,0,48,"SQ_INSTS_VALU_MFMA_MOPS_BF16",786432.000000,7889929784343,7889929794045
1225,22974,"Agent 1",4,1,1,49152,9121,"fused_moe_kernel",256,0,0,80,0,48,"SQ_INSTS_VALU_MFMA_MOPS_BF16",1572864.000000,7889939813667,7889939831347
1225,22976,"Agent 1",4,1,1,65536,9122,"fused_moe_kernel",256,0,0,80,0,48,"SQ_INSTS_VALU_MFMA_MOPS_BF16",786432.000000,7889941506436,7889941516699
1225,22991,"Agent 1",4,1,1,49152,9121,"fused_moe_kernel",256,0,0,80,0,48,"FETCH_SIZE",49196.250000,7889953900617,7889953918457
1225,22993,"Agent 1",4,1,1,65536,9122,"fused_moe_kernel",256,0,0,80,0,48,"FETCH_SIZE",24707.000000,7889955596954,7889955606776
1225,23008,"Agent 1",4,1,1,49152,9121,"fused_moe_kernel",256,0,0,80,0,48,"FETCH_SIZE",49195.250000,7889967346990,7889967365071
1225,23010,"Agent 1",4,1,1,65536,9122,"fused_moe_kernel",256,0,0,80,0,48,"FETCH_SIZE",24707.000000,7889968787305,7889968797168
1225,23025,"Agent 1",4,1,1,49152,9121,"fused_moe_kernel",256,0,0,80,0,48,"FETCH_SIZE",49195.500000,7889977781359,7889977799841
1225,23027,"Agent 1",4,1,1,65536,9122,"fused_moe_kernel",256,0,0,80,0,48,"FETCH_SIZE",24707.000000,7889977896661,7889977905963
1225,23042,"Agent 1",4,1,1,49152,9121,"fused_moe_kernel",256,0,0,80,0,48,"FETCH_SIZE",49193.750000,7889978497227,7889978515027
1225,23044,"Agent 1",4,1,1,65536,9122,"fused_moe_kernel",256,0,0,80,0,48,"FETCH_SIZE",24707.000000,7889978610605,7889978620748
1225,23059,"Agent 1",4,1,1,49152,9121,"fused_moe_kernel",256,0,0,80,0,48,"WRITE_SIZE",24.000000,7889979041986,7889979059826
1225,23061,"Agent 1",4,1,1,65536,9122,"fused_moe_kernel",256,0,0,80,0,48,"WRITE_SIZE",32.000000,7889979147065,7889979156767
1225,23076,"Agent 1",4,1,1,49152,9121,"fused_moe_kernel",256,0,0,80,0,48,"WRITE_SIZE",24.000000,7889979540720,7889979558680
1225,23078,"Agent 1",4,1,1,65536,9122,"fused_moe_kernel",256,0,0,80,0,48,"WRITE_SIZE",32.000000,7889979644075,7889979654178
1225,23093,"Agent 1",4,1,1,49152,9121,"fused_moe_kernel",256,0,0,80,0,48,"WRITE_SIZE",24.000000,7889980044104,7889980062466
1225,23095,"Agent 1",4,1,1,65536,9122,"fused_moe_kernel",256,0,0,80,0,48,"WRITE_SIZE",32.000000,7889980144973,7889980154475
1225,23110,"Agent 1",4,1,1,49152,9121,"fused_moe_kernel",256,0,0,80,0,48,"WRITE_SIZE",24.000000,7889980550095,7889980568697
1225,23112,"Agent 1",4,1,1,65536,9122,"fused_moe_kernel",256,0,0,80,0,48,"WRITE_SIZE",32.000000,7889980653650,7889980662831
1225,23127,"Agent 1",4,1,1,49152,9121,"fused_moe_kernel",256,0,0,80,0,48,"SQ_INSTS_VALU_MFMA_MOPS_BF16",1572864.000000,7889981052156,7889981070237
1225,23129,"Agent 1",4,1,1,65536,9122,"fused_moe_kernel",256,0,0,80,0,48,"SQ_INSTS_VALU_MFMA_MOPS_BF16",786432.000000,7889981138673,7889981149257
1225,23144,"Agent 1",4,1,1,49152,9121,"fused_moe_kernel",256,0,0,80,0,48,"SQ_INSTS_VALU_MFMA_MOPS_BF16",1572864.000000,7889981535255,7889981553015
1225,23146,"Agent 1",4,1,1,65536,9122,"fused_moe_kernel",256,0,0,80,0,48,"SQ_INSTS_VALU_MFMA_MOPS_BF16",786432.000000,7889981624457,7889981634520
1225,23161,"Agent 1",4,1,1,49152,9121,"fused_moe_kernel",256,0,0,80,0,48,"SQ_INSTS_VALU_MFMA_MOPS_BF16",1572864.000000,7889981992454,7889982010575
1225,23163,"Agent 1",4,1,1,65536,9122,"fused_moe_kernel",256,0,0,80,0,48,"SQ_INSTS_VALU_MFMA_MOPS_BF16",786432.000000,7889982075603,7889982084944
1226,23178,"Agent 1",4,1,1,49152,9121,"fused_moe_kernel",256,0,0,80,0,48,"SQ_INSTS_VALU_MFMA_MOPS_BF16",1572864.000000,7889982454144,7889982471543
1226,23180,"Agent 1",4,1,1,65536,9122,"fused_moe_kernel",256,0,0,80,0,48,"SQ_INSTS_VALU_MFMA_MOPS_BF16",786432.000000,7889982545512,7889982555254
1226,23195,"Agent 1",4,1,1,49152,9121,"fused_moe_kernel",256,0,0,80,0,48,"FETCH_SIZE",49194.250000,7889982930026,7889982948027
1226,23197,"Agent 1",4,1,1,65536,9122,"fused_moe_kernel",256,0,0,80,0,48,"FETCH_SIZE",24707.000000,7889983042281,7889983051903
1226,23212,"Agent 1",4,1,1,49152,9121,"fused_moe_kernel",256,0,0,80,0,48,"FETCH_SIZE",49195.250000,7889983462076,7889983480397
1226,23214,"Agent 1",4,1,1,65536,9122,"fused_moe_kernel",256,0,0,80,0,48,"FETCH_SIZE",24707.000000,7889983579302,7889983589566
1226,23229,"Agent 1",4,1,1,49152,9121,"fused_moe_kernel",256,0,0,80,0,48,"FETCH_SIZE",49194.750000,7889984000219,7889984017218
1226,23231,"Agent 1",4,1,1,65536,9122,"fused_moe_kernel",256,0,0,80,0,48,"FETCH_SIZE",24707.000000,7889984110029,7889984119250
1226,23246,"Agent 1",4,1,1,49152,9121,"fused_moe_kernel",256,0,0,80,0,48,"FETCH_SIZE",49195.687500,7889984539646,7889984557366
1226,23248,"Agent 1",4,1,1,65536,9122,"fused_moe_kernel",256,0,0,80,0,48,"FETCH_SIZE",24707.000000,7889984652142,7889984662204
1226,23263,"Agent 1",4,1,1,49152,9121,"fused_moe_kernel",256,0,0,80,0,48,"WRITE_SIZE",24.000000,7889985066283,7889985083763
1226,23265,"Agent 1",4,1,1,65536,9122,"fused_moe_kernel",256,0,0,80,0,48,"WRITE_SIZE",32.000000,7889985167112,7889985177055
1226,23280,"Agent 1",4,1,1,49152,9121,"fused_moe_kernel",256,0,0,80,0,48,"WRITE_SIZE",24.000000,7889985584902,7889985603104
1226,23282,"Agent 1",4,1,1,65536,9122,"fused_moe_kernel",256,0,0,80,0,48,"WRITE_SIZE",32.000000,7889985696516,7889985707020
1226,23297,"Agent 1",4,1,1,49152,9121,"fused_moe_kernel",256,0,0,80,0,48,"WRITE_SIZE",24.000000,7889986088207,7889986106208
1226,23299,"Agent 1",4,1,1,65536,9122,"fused_moe_kernel",256,0,0,80,0,48,"WRITE_SIZE",32.000000,7889986189718,7889986199540
1226,23314,"Agent 1",4,1,1,49152,9121,"fused_moe_kernel",256,0,0,80,0,48,"WRITE_SIZE",24.000000,7889986585979,7889986603659
1226,23316,"Agent 1",4,1,1,65536,9122,"fused_moe_kernel",256,0,0,80,0,48,"WRITE_SIZE",32.000000,7889986692781,7889986702564
1226,23331,"Agent 1",4,1,1,49152,9121,"fused_moe_kernel",256,0,0,80,0,48,"SQ_INSTS_VALU_MFMA_MOPS_BF16",1572864.000000,7889987101711,7889987119712
1226,23333,"Agent 1",4,1,1,65536,9122,"fused_moe_kernel",256,0,0,80,0,48,"SQ_INSTS_VALU_MFMA_MOPS_BF16",786432.000000,7889987188709,7889987198612
1226,23348,"Agent 1",4,1,1,49152,9121,"fused_moe_kernel",256,0,0,80,0,48,"SQ_INSTS_VALU_MFMA_MOPS_BF16",1572864.000000,7889987597839,7889987616361
1226,23350,"Agent 1",4,1,1,65536,9122,"fused_moe_kernel",256,0,0,80,0,48,"SQ_INSTS_VALU_MFMA_MOPS_BF16",786432.000000,7889987683233,7889987693577
1226,23365,"Agent 1",4,1,1,49152,9121,"fused_moe_kernel",256,0,0,80,0,48,"SQ_INSTS_VALU_MFMA_MOPS_BF16",1572864.000000,7889988066385,7889988084666
1226,23367,"Agent 1",4,1,1,65536,9122,"fused_moe_kernel",256,0,0,80,0,48,"SQ_INSTS_VALU_MFMA_MOPS_BF16",786432.000000,7889988153623,7889988163165
1226,23382,"Agent 1",4,1,1,49152,9121,"fused_moe_kernel",256,0,0,80,0,48,"SQ_INSTS_VALU_MFMA_MOPS_BF16",1572864.000000,7889988553853,7889988572535
1226,23384,"Agent 1",4,1,1,65536,9122,"fused_moe_kernel",256,0,0,80,0,48,"SQ_INSTS_VALU_MFMA_MOPS_BF16",786432.000000,7889988645942,7889988655644
1226,23399,"Agent 1",4,1,1,49152,9121,"fused_moe_kernel",256,0,0,80,0,48,"FETCH_SIZE",49194.500000,7889989041361,7889989059402
1226,23401,"Agent 1",4,1,1,65536,9122,"fused_moe_kernel",256,0,0,80,0,48,"FETCH_SIZE",24707.000000,7889989150730,7889989160673
1226,23416,"Agent 1",4,1,1,49152,9121,"fused_moe_kernel",256,0,0,80,0,48,"FETCH_SIZE",49195.750000,7889989560903,7889989578944
1226,23418,"Agent 1",4,1,1,65536,9122,"fused_moe_kernel",256,0,0,80,0,48,"FETCH_SIZE",24707.000000,7889989672276,7889989682579
1227,23433,"Agent 1",4,1,1,49152,9121,"fused_moe_kernel",256,0,0,80,0,48,"FETCH_SIZE",49197.000000,7889990086979,7889990105501
1227,23435,"Agent 1",4,1,1,65536,9122,"fused_moe_kernel",256,0,0,80,0,48,"FETCH_SIZE",24707.000000,7889990204326,7889990214268
1227,23450,"Agent 1",4,1,1,49152,9121,"fused_moe_kernel",256,0,0,80,0,48,"FETCH_SIZE",49196.750000,7889990617946,7889990635947
1227,23452,"Agent 1",4,1,1,65536,9122,"fused_moe_kernel",256,0,0,80,0,48,"FETCH_SIZE",24707.000000,7889990728518,7889990738059
1227,23467,"Agent 1",4,1,1,49152,9121,"fused_moe_kernel",256,0,0,80,0,48,"WRITE_SIZE",24.000000,7889991146508,7889991164669
1227,23469,"Agent 1",4,1,1,65536,9122,"fused_moe_kernel",256,0,0,80,0,48,"WRITE_SIZE",32.000000,7889991251106,7889991261209
1227,23484,"Agent 1",4,1,1,49152,9121,"fused_moe_kernel",256,0,0,80,0,48,"WRITE_SIZE",24.000000,7889991649612,7889991666651
1227,23486,"Agent 1",4,1,1,65536,9122,"fused_moe_kernel",256,0,0,80,0,48,"WRITE_SIZE",32.000000,7889991751684,7889991761707
1227,23501,"Agent 1",4,1,1,49152,9121,"fused_moe_kernel",256,0,0,80,0,48,"WRITE_SIZE",24.000000,7889992145780,7889992163581
1227,23503,"Agent 1",4,1,1,65536,9122,"fused_moe_kernel",256,0,0,80,0,48,"WRITE_SIZE",32.000000,7889992248413,7889992258115
1227,23518,"Agent 1",4,1,1,49152,9121,"fused_moe_kernel",256,0,0,80,0,48,"WRITE_SIZE",24.000000,7889992646839,7889992664399
1227,23520,"Agent 1",4,1,1,65536,9122,"fused_moe_kernel",256,0,0,80,0,48,"WRITE_SIZE",32.000000,7889992749513,7889992759095
1227,23535,"Agent 1",4,1,1,49152,9121,"fused_moe_kernel",256,0,0,80,0,48,"SQ_INSTS_VALU_MFMA_MOPS_BF16",1572864.000000,7889993128855,7889993146335
1227,23537,"Agent 1",4,1,1,65536,9122,"fused_moe_kernel",256,0,0,80,0,48,"SQ_INSTS_VALU_MFMA_MOPS_BF16",786432.000000,7889993217938,7889993227359
1227,23552,"Agent 1",4,1,1,49152,9121,"fused_moe_kernel",256,0,0,80,0,48,"SQ_INSTS_VALU_MFMA_MOPS_BF16",1572864.000000,7889993597641,7889993615482
1227,23554,"Agent 1",4,1,1,65536,9122,"fused_moe_kernel",256,0,0,80,0,48,"SQ_INSTS_VALU_MFMA_MOPS_BF16",786432.000000,7889993679066,7889993688728
1227,23569,"Agent 1",4,1,1,49152,9121,"fused_moe_kernel",256,0,0,80,0,48,"SQ_INSTS_VALU_MFMA_MOPS_BF16",1572864.000000,7889994042132,7889994060133
1227,23571,"Agent 1",4,1,1,65536,9122,"fused_moe_kernel",256,0,0,80,0,48,"SQ_INSTS_VALU_MFMA_MOPS_BF16",786432.000000,7889994127967,7889994138070
1227,23586,"Agent 1",4,1,1,49152,9121,"fused_moe_kernel",256,0,0,80,0,48,"SQ_INSTS_VALU_MFMA_MOPS_BF16",1572864.000000,7889994496966,7889994514967
1227,23588,"Agent 1",4,1,1,65536,9122,"fused_moe_kernel",256,0,0,80,0,48,"SQ_INSTS_VALU_MFMA_MOPS_BF16",786432.000000,7889994579474,7889994589256
1227,23603,"Agent 1",4,1,1,49152,9121,"fused_moe_kernel",256,0,0,80,0,48,"FETCH_SIZE",49196.250000,7889994938730,7889994957333
1227,23605,"Agent 1",4,1,1,65536,9122,"fused_moe_kernel",256,0,0,80,0,48,"FETCH_SIZE",24707.000000,7889995050825,7889995060848
1227,23620,"Agent 1",4,1,1,49152,9121,"fused_moe_kernel",256,0,0,80,0,48,"FETCH_SIZE",49194.750000,7889995451376,7889995469297
1227,23622,"Agent 1",4,1,1,65536,9122,"fused_moe_kernel",256,0,0,80,0,48,"FETCH_SIZE",24707.000000,7889995562990,7889995572932
1227,23637,"Agent 1",4,1,1,49152,9121,"fused_moe_kernel",256,0,0,80,0,48,"FETCH_SIZE",49195.375000,7889995962939,7889995981141
1227,23639,"Agent 1",4,1,1,65536,9122,"fused_moe_kernel",256,0,0,80,0,48,"FETCH_SIZE",24707.000000,7889996077440,7889996086781
1227,23654,"Agent 1",4,1,1,49152,9121,"fused_moe_kernel",256,0,0,80,0,48,"FETCH_SIZE",49195.625000,7889996466444,7889996483964
1227,23656,"Agent 1",4,1,1,65536,9122,"fused_moe_kernel",256,0,0,80,0,48,"FETCH_SIZE",24707.000000,7889996577176,7889996586958
1227,23671,"Agent 1",4,1,1,49152,9121,"fused_moe_kernel",256,0,0,80,0,48,"WRITE_SIZE",24.000000,7889996966421,7889996984542
1227,23673,"Agent 1",4,1,1,65536,9122,"fused_moe_kernel",256,0,0,80,0,48,"WRITE_SIZE",32.000000,7889997069174,7889997079037
1228,23688,"Agent 1",4,1,1,49152,9121,"fused_moe_kernel",256,0,0,80,0,48,"WRITE_SIZE",24.000000,7889997455774,7889997473774
1228,23690,"Agent 1",4,1,1,65536,9122,"fused_moe_kernel",256,0,0,80,0,48,"WRITE_SIZE",32.000000,7889997562576,7889997571958
1228,23705,"Agent 1",4,1,1,49152,9121,"fused_moe_kernel",256,0,0,80,0,48,"WRITE_SIZE",24.000000,7889997933700,7889997951380
1228,23707,"Agent 1",4,1,1,65536,9122,"fused_moe_kernel",256,0,0,80,0,48,"WRITE_SIZE",32.000000,7889998037777,7889998047359
1228,23722,"Agent 1",4,1,1,49152,9121,"fused_moe_kernel",256,0,0,80,0,48,"WRITE_SIZE",24.000000,7889998413311,7889998431392
1228,23724,"Agent 1",4,1,1,65536,9122,"fused_moe_kernel",256,0,0,80,0,48,"WRITE_SIZE",32.000000,7889998512817,7889998522760
1259,23769,"Agent 1",4,1,1,49152,9121,"fused_moe_kernel",256,0,0,80,0,48,"SQ_INSTS_VALU_MFMA_MOPS_BF16",1572864.000000,7889999876077,7889999893516
1259,23771,"Agent 1",4,1,1,65536,9122,"fused_moe_kernel",256,0,0,80,0,48,"SQ_INSTS_VALU_MFMA_MOPS_BF16",786432.000000,7889999991820,7890000001281
1259,23786,"Agent 1",4,1,1,49152,9121,"fused_moe_kernel",256,0,0,80,0,48,"SQ_INSTS_VALU_MFMA_MOPS_BF16",1572864.000000,7890000553337,7890000571297
1259,23788,"Agent 1",4,1,1,65536,9122,"fused_moe_kernel",256,0,0,80,0,48,"SQ_INSTS_VALU_MFMA_MOPS_BF16",786432.000000,7890000650638,7890000660540
1259,23803,"Agent 1",4,1,1,49152,9121,"fused_moe_kernel",256,0,0,80,0,48,"SQ_INSTS_VALU_MFMA_MOPS_BF16",1572864.000000,7890004035694,7890004054497
1259,23805,"Agent 1",4,1,1,65536,9122,"fused_moe_kernel",256,0,0,80,0,48,"SQ_INSTS_VALU_MFMA_MOPS_BF16",786432.000000,7890005726459,7890005736802
1259,23820,"Agent 1",4,1,1,49152,9121,"fused_moe_kernel",256,0,0,80,0,48,"SQ_INSTS_VALU_MFMA_MOPS_BF16",1572864.000000,7890015813714,7890015831595
1259,23822,"Agent 1",4,1,1,65536,9122,"fused_moe_kernel",256,0,0,80,0,48,"SQ_INSTS_VALU_MFMA_MOPS_BF16",786432.000000,7890017564776,7890017574237
1259,23837,"Agent 1",4,1,1,49152,9121,"fused_moe_kernel",256,0,0,80,0,48,"FETCH_SIZE",49195.000000,7890029372102,7890029389783
1259,23839,"Agent 1",4,1,1,65536,9122,"fused_moe_kernel",256,0,0,80,0,48,"FETCH_SIZE",24707.000000,7890031174441,7890031183742
1259,23854,"Agent 1",4,1,1,49152,9121,"fused_moe_kernel",256,0,0,80,0,48,"FETCH_SIZE",49194.500000,7890041205801,7890041223602
1259,23856,"Agent 1",4,1,1,65536,9122,"fused_moe_kernel",256,0,0,80,0,48,"FETCH_SIZE",24707.000000,7890042836870,7890042846331
1259,23871,"Agent 1",4,1,1,49152,9121,"fused_moe_kernel",256,0,0,80,0,48,"FETCH_SIZE",49195.500000,7890048649767,7890048667888
1259,23873,"Agent 1",4,1,1,65536,9122,"fused_moe_kernel",256,0,0,80,0,48,"FETCH_SIZE",24707.000000,7890048773288,7890048782468
1259,23888,"Agent 1",4,1,1,49152,9121,"fused_moe_kernel",256,0,0,80,0,48,"FETCH_SIZE",49194.250000,7890049358739,7890049376820
1259,23890,"Agent 1",4,1,1,65536,9122,"fused_moe_kernel",256,0,0,80,0,48,"FETCH_SIZE",24707.500000,7890049483342,7890049492964
1259,23905,"Agent 1",4,1,1,49152,9121,"fused_moe_kernel",256,0,0,80,0,48,"WRITE_SIZE",24.000000,7890049904099,7890049922260
1259,23907,"Agent 1",4,1,1,65536,9122,"fused_moe_kernel",256,0,0,80,0,48,"WRITE_SIZE",32.000000,7890050009619,7890050018960
1259,23922,"Agent 1",4,1,1,49152,9121,"fused_moe_kernel",256,0,0,80,0,48,"WRITE_SIZE",24.000000,7890050411613,7890050430095
1259,23924,"Agent 1",4,1,1,65536,9122,"fused_moe_kernel",256,0,0,80,0,48,"WRITE_SIZE",32.000000,7890050521623,7890050531165
1259,23939,"Agent 1",4,1,1,49152,9121,"fused_moe_kernel",256,0,0,80,0,48,"WRITE_SIZE",24.000000,7890050925822,7890050943662
1259,23941,"Agent 1",4,1,1,65536,9122,"fused_moe_kernel",256,0,0,80,0,48,"WRITE_SIZE",32.000000,7890051028054,7890051038678
1259,23956,"Agent 1",4,1,1,49152,9121,"fused_moe_kernel",256,0,0,80,0,48,"WRITE_SIZE",24.000000,7890051453061,7890051471182
1259,23958,"Agent 1",4,1,1,65536,9122,"fused_moe_kernel",256,0,0,80,0,48,"WRITE_SIZE",32.000000,7890051558220,7890051567561
1259,23973,"Agent 1",4,1,1,49152,9121,"fused_moe_kernel",256,0,0,80,0,48,"SQ_INSTS_VALU_MFMA_MOPS_BF16",1572864.000000,7890051970597,7890051988919
1259,23975,"Agent 1",4,1,1,65536,9122,"fused_moe_kernel",256,0,0,80,0,48,"SQ_INSTS_VALU_MFMA_MOPS_BF16",786432.000000,7890052061083,7890052070905
1259,23990,"Agent 1",4,1,1,49152,9121,"fused_moe_kernel",256,0,0,80,0,48,"SQ_INSTS_VALU_MFMA_MOPS_BF16",1572864.000000,7890052428639,7890052446920
1259,23992,"Agent 1",4,1,1,65536,9122,"fused_moe_kernel",256,0,0,80,0,48,"SQ_INSTS_VALU_MFMA_MOPS_BF16",786432.000000,7890052519606,7890052529628
1259,24007,"Agent 1",4,1,1,49152,9121,"fused_moe_kernel",256,0,0,80,0,48,"SQ_INSTS_VALU_MFMA_MOPS_BF16",1572864.000000,7890052910414,7890052928335
1259,24009,"Agent 1",4,1,1,65536,9122,"fused_moe_kernel",256,0,0,80,0,48,"SQ_INSTS_VALU_MFMA_MOPS_BF16",786432.000000,7890052996851,7890053006112
1260,24024,"Agent 1",4,1,1,49152,9121,"fused_moe_kernel",256,0,0,80,0,48,"SQ_INSTS_VALU_MFMA_MOPS_BF16",1572864.000000,7890053387700,7890053405259
1260,24026,"Agent 1",4,1,1,65536,9122,"fused_moe_kernel",256,0,0,80,0,48,"SQ_INSTS_VALU_MFMA_MOPS_BF16",786432.000000,7890053477905,7890053487847
1260,24041,"Agent 1",4,1,1,49152,9121,"fused_moe_kernel",256,0,0,80,0,48,"FETCH_SIZE",49196.000000,7890053876611,7890053894612
1260,24043,"Agent 1",4,1,1,65536,9122,"fused_moe_kernel",256,0,0,80,0,48,"FETCH_SIZE",24707.062500,7890053993236,7890054003580
1260,24058,"Agent 1",4,1,1,49152,9121,"fused_moe_kernel",256,0,0,80,0,48,"FETCH_SIZE",49195.250000,7890054408340,7890054426461
1260,24060,"Agent 1",4,1,1,65536,9122,"fused_moe_kernel",256,0,0,80,0,48,"FETCH_SIZE",24707.000000,7890054526449,7890054535830
1260,24075,"Agent 1",4,1,1,49152,9121,"fused_moe_kernel",256,0,0,80,0,48,"FETCH_SIZE",49194.500000,7890054936381,7890054954422
1260,24077,"Agent 1",4,1,1,65536,9122,"fused_moe_kernel",256,0,0,80,0,48,"FETCH_SIZE",24707.000000,7890055052364,7890055062508
1260,24092,"Agent 1",4,1,1,49152,9121,"fused_moe_kernel",256,0,0,80,0,48,"FETCH_SIZE",49195.500000,7890055466185,7890055484467
1260,24094,"Agent 1",4,1,1,65536,9122,"fused_moe_kernel",256,0,0,80,0,48,"FETCH_SIZE",24707.000000,7890055588744,7890055598045
1260,24109,"Agent 1",4,1,1,49152,9121,"fused_moe_kernel",256,0,0,80,0,48,"WRITE_SIZE",24.000000,7890056013590,7890056031952
1260,24111,"Agent 1",4,1,1,65536,9122,"fused_moe_kernel",256,0,0,80,0,48,"WRITE_SIZE",32.000000,7890056119591,7890056128812
1260,24126,"Agent 1",4,1,1,49152,9121,"fused_moe_kernel",256,0,0,80,0,48,"WRITE_SIZE",24.000000,7890056534935,7890056552495
1260,24128,"Agent 1",4,1,1,65536,9122,"fused_moe_kernel",256,0,0,80,0,48,"WRITE_SIZE",32.000000,7890056636927,7890056646910
1260,24143,"Agent 1",4,1,1,49152,9121,"fused_moe_kernel",256,0,0,80,0,48,"WRITE_SIZE",24.000000,7890057046819,7890057064660
1260,24145,"Agent 1",4,1,1,65536,9122,"fused_moe_kernel",256,0,0,80,0,48,"WRITE_SIZE",32.000000,7890057152179,7890057162282
1260,24160,"Agent 1",4,1,1,49152,9121,"fused_moe_kernel",256,0,0,80,0,48,"WRITE_SIZE",24.000000,7890057560387,7890057578428
1260,24162,"Agent 1",4,1,1,65536,9122,"fused_moe_kernel",256,0,0,80,0,48,"WRITE_SIZE",32.000000,7890057664504,7890057673324
1260,24177,"Agent 1",4,1,1,49152,9121,"fused_moe_kernel",256,0,0,80,0,48,"SQ_INSTS_VALU_MFMA_MOPS_BF16",1572864.000000,7890058077804,7890058095965
1260,24179,"Agent 1",4,1,1,65536,9122,"fused_moe_kernel",256,0,0,80,0,48,"SQ_INSTS_VALU_MFMA_MOPS_BF16",786432.000000,7890058165723,7890058175145
1260,24194,"Agent 1",4,1,1,49152,9121,"fused_moe_kernel",256,0,0,80,0,48,"SQ_INSTS_VALU_MFMA_MOPS_BF16",1572864.000000,7890058551521,7890058569481
1260,24196,"Agent 1",4,1,1,65536,9122,"fused_moe_kernel",256,0,0,80,0,48,"SQ_INSTS_VALU_MFMA_MOPS_BF16",786432.000000,7890058638599,7890058648220
1260,24211,"Agent 1",4,1,1,49152,9121,"fused_moe_kernel",256,0,0,80,0,48,"SQ_INSTS_VALU_MFMA_MOPS_BF16",1572864.000000,7890059009241,7890059027042
1260,24213,"Agent 1",4,1,1,65536,9122,"fused_moe_kernel",256,0,0,80,0,48,"SQ_INSTS_VALU_MFMA_MOPS_BF16",786432.000000,7890059093994,7890059104578
1260,24228,"Agent 1",4,1,1,49152,9121,"fused_moe_kernel",256,0,0,80,0,48,"SQ_INSTS_VALU_MFMA_MOPS_BF16",1572864.000000,7890059467884,7890059485524
1260,24230,"Agent 1",4,1,1,65536,9122,"fused_moe_kernel",256,0,0,80,0,48,"SQ_INSTS_VALU_MFMA_MOPS_BF16",786432.000000,7890059547345,7890059557167
1260,24245,"Agent 1",4,1,1,49152,9121,"fused_moe_kernel",256,0,0,80,0,48,"FETCH_SIZE",49196.250000,7890059932861,7890059951384
1260,24247,"Agent 1",4,1,1,65536,9122,"fused_moe_kernel",256,0,0,80,0,48,"FETCH_SIZE",24707.000000,7890060049727,7890060058908
1260,24262,"Agent 1",4,1,1,49152,9121,"fused_moe_kernel",256,0,0,80,0,48,"FETCH_SIZE",49196.000000,7890060444705,7890060462305
1260,24264,"Agent 1",4,1,1,65536,9122,"fused_moe_kernel",256,0,0,80,0,48,"FETCH_SIZE",24707.000000,7890060563375,7890060573318
1261,24279,"Agent 1",4,1,1,49152,9121,"fused_moe_kernel",256,0,0,80,0,48,"FETCH_SIZE",49195.500000,7890060973347,7890060991669
1261,24281,"Agent 1",4,1,1,65536,9122,"fused_moe_kernel",256,0,0,80,0,48,"FETCH_SIZE",24707.000000,7890061086164,7890061096307
1261,24296,"Agent 1",4,1,1,49152,9121,"fused_moe_kernel",256,0,0,80,0,48,"FETCH_SIZE",49196.500000,7890061509606,7890061527607
1261,24298,"Agent 1",4,1,1,65536,9122,"fused_moe_kernel",256,0,0,80,0,48,"FETCH_SIZE",24707.000000,7890061622182,7890061632767
1261,24313,"Agent 1",4,1,1,49152,9121,"fused_moe_kernel",256,0,0,80,0,48,"WRITE_SIZE",24.000000,7890062032636,7890062050837
1261,24315,"Agent 1",4,1,1,65536,9122,"fused_moe_kernel",256,0,0,80,0,48,"WRITE_SIZE",32.000000,7890062138236,7890062148379
1261,24330,"Agent 1",4,1,1,49152,9121,"fused_moe_kernel",256,0,0,80,0,48,"WRITE_SIZE",24.000000,7890062542916,7890062560476
1261,24332,"Agent 1",4,1,1,65536,9122,"fused_moe_kernel",256,0,0,80,0,48,"WRITE_SIZE",32.000000,7890062649077,7890062659260
1261,24347,"Agent 1",4,1,1,49152,9121,"fused_moe_kernel",256,0,0,80,0,48,"WRITE_SIZE",24.000000,7890063051593,7890063070275
1261,24349,"Agent 1",4,1,1,65536,9122,"fused_moe_kernel",256,0,0,80,0,48,"WRITE_SIZE",32.000000,7890063153745,7890063163607
1261,24364,"Agent 1",4,1,1,49152,9121,"fused_moe_kernel",256,0,0,80,0,48,"WRITE_SIZE",24.000000,7890063540023,7890063558345
1261,24366,"Agent 1",4,1,1,65536,9122,"fused_moe_kernel",256,0,0,80,0,48,"WRITE_SIZE",32.000000,7890063639569,7890063648871
1261,24381,"Agent 1",4,1,1,49152,9121,"fused_moe_kernel",256,0,0,80,0,48,"SQ_INSTS_VALU_MFMA_MOPS_BF16",1572864.000000,7890064039960,7890064057881
1261,24383,"Agent 1",4,1,1,65536,9122,"fused_moe_kernel",256,0,0,80,0,48,"SQ_INSTS_VALU_MFMA_MOPS_BF16",786432.000000,7890064120142,7890064130927
1261,24398,"Agent 1",4,1,1,49152,9121,"fused_moe_kernel",256,0,0,80,0,48,"SQ_INSTS_VALU_MFMA_MOPS_BF16",1572864.000000,7890064497360,7890064515080
1261,24400,"Agent 1",4,1,1,65536,9122,"fused_moe_kernel",256,0,0,80,0,48,"SQ_INSTS_VALU_MFMA_MOPS_BF16",786432.000000,7890064580589,7890064590291
1261,24415,"Agent 1",4,1,1,49152,9121,"fused_moe_kernel",256,0,0,80,0,48,"SQ_INSTS_VALU_MFMA_MOPS_BF16",1572864.000000,7890064953076,7890064971197
1261,24417,"Agent 1",4,1,1,65536,9122,"fused_moe_kernel",256,0,0,80,0,48,"SQ_INSTS_VALU_MFMA_MOPS_BF16",786432.000000,7890065045727,7890065055950
1261,24432,"Agent 1",4,1,1,49152,9121,"fused_moe_kernel",256,0,0,80,0,48,"SQ_INSTS_VALU_MFMA_MOPS_BF16",1572864.000000,7890065424548,7890065442669
1261,24434,"Agent 1",4,1,1,65536,9122,"fused_moe_kernel",256,0,0,80,0,48,"SQ_INSTS_VALU_MFMA_MOPS_BF16",786432.000000,7890065510904,7890065521007
1261,24449,"Agent 1",4,1,1,49152,9121,"fused_moe_kernel",256,0,0,80,0,48,"FETCH_SIZE",49194.000000,7890065890006,7890065908208
1261,24451,"Agent 1",4,1,1,65536,9122,"fused_moe_kernel",256,0,0,80,0,48,"FETCH_SIZE",24707.000000,7890066002582,7890066012886
1261,24466,"Agent 1",4,1,1,49152,9121,"fused_moe_kernel",256,0,0,80,0,48,"FETCH_SIZE",49194.875000,7890066412154,7890066429994
1261,24468,"Agent 1",4,1,1,65536,9122,"fused_moe_kernel",256,0,0,80,0,48,"FETCH_SIZE",24707.000000,7890066536436,7890066546659
1261,24483,"Agent 1",4,1,1,49152,9121,"fused_moe_kernel",256,0,0,80,0,48,"FETCH_SIZE",49195.250000,7890066933459,7890066951380
1261,24485,"Agent 1",4,1,1,65536,9122,"fused_moe_kernel",256,0,0,80,0,48,"FETCH_SIZE",24707.000000,7890067053131,7890067063474
1261,24500,"Agent 1",4,1,1,49152,9121,"fused_moe_kernel",256,0,0,80,0,48,"FETCH_SIZE",49194.000000,7890067443779,7890067461459
1261,24502,"Agent 1",4,1,1,65536,9122,"fused_moe_kernel",256,0,0,80,0,48,"FETCH_SIZE",24707.000000,7890067554030,7890067564133
1261,24517,"Agent 1",4,1,1,49152,9121,"fused_moe_kernel",256,0,0,80,0,48,"WRITE_SIZE",24.000000,7890067944357,7890067961917
1261,24519,"Agent 1",4,1,1,65536,9122,"fused_moe_kernel",256,0,0,80,0,48,"WRITE_SIZE",32.000000,7890068052203,7890068061985
1262,24534,"Agent 1",4,1,1,49152,9121,"fused_moe_kernel",256,0,0,80,0,48,"WRITE_SIZE",24.000000,7890068438040,7890068455880
1262,24536,"Agent 1",4,1,1,65536,9122,"fused_moe_kernel",256,0,0,80,0,48,"WRITE_SIZE",32.000000,7890068539511,7890068549373
1262,24551,"Agent 1",4,1,1,49152,9121,"fused_moe_kernel",256,0,0,80,0,48,"WRITE_SIZE",24.000000,7890068916127,7890068934008
1262,24553,"Agent 1",4,1,1,65536,9122,"fused_moe_kernel",256,0,0,80,0,48,"WRITE_SIZE",32.000000,7890069015032,7890069024894
1262,24568,"Agent 1",4,1,1,49152,9121,"fused_moe_kernel",256,0,0,80,0,48,"WRITE_SIZE",24.000000,7890069397141,7890069415623
1262,24570,"Agent 1",4,1,1,65536,9122,"fused_moe_kernel",256,0,0,80,0,48,"WRITE_SIZE",32.000000,7890069496927,7890069507391
1293,24615,"Agent 1",4,1,1,49152,9121,"fused_moe_kernel",256,0,0,80,0,48,"SQ_INSTS_VALU_MFMA_MOPS_BF16",1572864.000000,7890070758957,7890070777599
1293,24617,"Agent 1",4,1,1,65536,9122,"fused_moe_kernel",256,0,0,80,0,48,"SQ_INSTS_VALU_MFMA_MOPS_BF16",786432.000000,7890070912025,7890070921727
1293,24632,"Agent 1",4,1,1,49152,9121,"fused_moe_kernel",256,0,0,80,0,48,"SQ_INSTS_VALU_MFMA_MOPS_BF16",1572864.000000,7890071527504,7890071545225
1293,24634,"Agent 1",4,1,1,65536,9122,"fused_moe_kernel",256,0,0,80,0,48,"SQ_INSTS_VALU_MFMA_MOPS_BF16",786432.000000,7890071639399,7890071648780
1293,24649,"Agent 1",4,1,1,49152,9121,"fused_moe_kernel",256,0,0,80,0,48,"SQ_INSTS_VALU_MFMA_MOPS_BF16",1572864.000000,7890075957537,7890075975257
1293,24651,"Agent 1",4,1,1,65536,9122,"fused_moe_kernel",256,0,0,80,0,48,"SQ_INSTS_VALU_MFMA_MOPS_BF16",786432.000000,7890079397799,7890079408023
1293,24666,"Agent 1",4,1,1,49152,9121,"fused_moe_kernel",256,0,0,80,0,48,"SQ_INSTS_VALU_MFMA_MOPS_BF16",1572864.000000,7890087268535,7890087286696
1293,24668,"Agent 1",4,1,1,65536,9122,"fused_moe_kernel",256,0,0,80,0,48,"SQ_INSTS_VALU_MFMA_MOPS_BF16",786432.000000,7890089913549,7890089923692
1293,24683,"Agent 1",4,1,1,49152,9121,"fused_moe_kernel",256,0,0,80,0,48,"FETCH_SIZE",49197.250000,7890098309399,7890098327119
1293,24685,"Agent 1",4,1,1,65536,9122,"fused_moe_kernel",256,0,0,80,0,48,"FETCH_SIZE",24707.000000,7890100003210,7890100013434
1293,24700,"Agent 1",4,1,1,49152,9121,"fused_moe_kernel",256,0,0,80,0,48,"FETCH_SIZE",49195.750000,7890110155928,7890110173689
1293,24702,"Agent 1",4,1,1,65536,9122,"fused_moe_kernel",256,0,0,80,0,48,"FETCH_SIZE",24707.000000,7890111204192,7890111214134
1293,24717,"Agent 1",4,1,1,49152,9121,"fused_moe_kernel",256,0,0,80,0,48,"FETCH_SIZE",49195.500000,7890119975014,7890119993135
1293,24719,"Agent 1",4,1,1,65536,9122,"fused_moe_kernel",256,0,0,80,0,48,"FETCH_SIZE",24707.500000,7890120085305,7890120094927
1293,24734,"Agent 1",4,1,1,49152,9121,"fused_moe_kernel",256,0,0,80,0,48,"FETCH_SIZE",49194.250000,7890120685349,7890120703551
1293,24736,"Agent 1",4,1,1,65536,9122,"fused_moe_kernel",256,0,0,80,0,48,"FETCH_SIZE",24707.000000,7890120807788,7890120817690
1293,24751,"Agent 1",4,1,1,49152,9121,"fused_moe_kernel",256,0,0,80,0,48,"WRITE_SIZE",24.000000,7890121223693,7890121241935
1293,24753,"Agent 1",4,1,1,65536,9122,"fused_moe_kernel",256,0,0,80,0,48,"WRITE_SIZE",32.000000,7890121322598,7890121332501
1293,24768,"Agent 1",4,1,1,49152,9121,"fused_moe_kernel",256,0,0,80,0,48,"WRITE_SIZE",24.000000,7890121722307,7890121739947
1293,24770,"Agent 1",4,1,1,65536,9122,"fused_moe_kernel",256,0,0,80,0,48,"WRITE_SIZE",32.000000,7890121823216,7890121833359
1293,24785,"Agent 1",4,1,1,49152,9121,"fused_moe_kernel",256,0,0,80,0,48,"WRITE_SIZE",24.000000,7890122222765,7890122241127
1293,24787,"Agent 1",4,1,1,65536,9122,"fused_moe_kernel",256,0,0,80,0,48,"WRITE_SIZE",32.000000,7890122321910,7890122331773
1293,24802,"Agent 1",4,1,1,49152,9121,"fused_moe_kernel",256,0,0,80,0,48,"WRITE_SIZE",24.000000,7890122730960,7890122748641
1293,24804,"Agent 1",4,1,1,65536,9122,"fused_moe_kernel",256,0,0,80,0,48,"WRITE_SIZE",32.000000,7890122830186,7890122840530
1293,24819,"Agent 1",4,1,1,49152,9121,"fused_moe_kernel",256,0,0,80,0,48,"SQ_INSTS_VALU_MFMA_MOPS_BF16",1572864.000000,7890123223921,7890123241281
1293,24821,"Agent 1",4,1,1,65536,9122,"fused_moe_kernel",256,0,0,80,0,48,"SQ_INSTS_VALU_MFMA_MOPS_BF16",786432.000000,7890123312042,7890123321944
1293,24836,"Agent 1",4,1,1,49152,9121,"fused_moe_kernel",256,0,0,80,0,48,"SQ_INSTS_VALU_MFMA_MOPS_BF16",1572864.000000,7890123706539,7890123724299
1293,24838,"Agent 1",4,1,1,65536,9122,"fused_moe_kernel",256,0,0,80,0,48,"SQ_INSTS_VALU_MFMA_MOPS_BF16",786432.000000,7890123795300,7890123804922
1293,24853,"Agent 1",4,1,1,49152,9121,"fused_moe_kernel",256,0,0,80,0,48,"SQ_INSTS_VALU_MFMA_MOPS_BF16",1572864.000000,7890124184225,7890124202386
1293,24855,"Agent 1",4,1,1,65536,9122,"fused_moe_kernel",256,0,0,80,0,48,"SQ_INSTS_VALU_MFMA_MOPS_BF16",786432.000000,7890124272546,7890124282368
1294,24870,"Agent 1",4,1,1,49152,9121,"fused_moe_kernel",256,0,0,80,0,48,"SQ_INSTS_VALU_MFMA_MOPS_BF16",1572864.000000,7890124667283,7890124684723
1294,24872,"Agent 1",4,1,1,65536,9122,"fused_moe_kernel",256,0,0,80,0,48,"SQ_INSTS_VALU_MFMA_MOPS_BF16",786432.000000,7890124753399,7890124763582
1294,24887,"Agent 1",4,1,1,49152,9121,"fused_moe_kernel",256,0,0,80,0,48,"FETCH_SIZE",49194.000000,7890125146693,7890125165015
1294,24889,"Agent 1",4,1,1,65536,9122,"fused_moe_kernel",256,0,0,80,0,48,"FETCH_SIZE",24707.000000,7890125262396,7890125272379
1294,24904,"Agent 1",4,1,1,49152,9121,"fused_moe_kernel",256,0,0,80,0,48,"FETCH_SIZE",49195.000000,7890125679545,7890125697225
1294,24906,"Agent 1",4,1,1,65536,9122,"fused_moe_kernel",256,0,0,80,0,48,"FETCH_SIZE",24707.000000,7890125787911,7890125798054
1294,24921,"Agent 1",4,1,1,49152,9121,"fused_moe_kernel",256,0,0,80,0,48,"FETCH_SIZE",49194.500000,7890126199046,7890126216445
1294,24923,"Agent 1",4,1,1,65536,9122,"fused_moe_kernel",256,0,0,80,0,48,"FETCH_SIZE",24707.000000,7890126311181,7890126321043
1294,24938,"Agent 1",4,1,1,49152,9121,"fused_moe_kernel",256,0,0,80,0,48,"FETCH_SIZE",49194.250000,7890126736267,7890126753867
1294,24940,"Agent 1",4,1,1,65536,9122,"fused_moe_kernel",256,0,0,80,0,48,"FETCH_SIZE",24707.000000,7890126849244,7890126859307
1294,24955,"Agent 1",4,1,1,49152,9121,"fused_moe_kernel",256,0,0,80,0,48,"WRITE_SIZE",24.000000,7890127267074,7890127285516
1294,24957,"Agent 1",4,1,1,65536,9122,"fused_moe_kernel",256,0,0,80,0,48,"WRITE_SIZE",32.000000,7890127371191,7890127381655
1294,24972,"Agent 1",4,1,1,49152,9121,"fused_moe_kernel",256,0,0,80,0,48,"WRITE_SIZE",24.000000,7890127771621,7890127789221
1294,24974,"Agent 1",4,1,1,65536,9122,"fused_moe_kernel",256,0,0,80,0,48,"WRITE_SIZE",32.000000,7890127872210,7890127882193
1294,24989,"Agent 1",4,1,1,49152,9121,"fused_moe_kernel",256,0,0,80,0,48,"WRITE_SIZE",24.000000,7890128258809,7890128277411
1294,24991,"Agent 1",4,1,1,65536,9122,"fused_moe_kernel",256,0,0,80,0,48,"WRITE_SIZE",32.000000,7890128366454,7890128376637
1294,25006,"Agent 1",4,1,1,49152,9121,"fused_moe_kernel",256,0,0,80,0,48,"WRITE_SIZE",24.000000,7890128766123,7890128784284
1294,25008,"Agent 1",4,1,1,65536,9122,"fused_moe_kernel",256,0,0,80,0,48,"WRITE_SIZE",32.000000,7890128870881,7890128880262
1294,25023,"Agent 1",4,1,1,49152,9121,"fused_moe_kernel",256,0,0,80,0,48,"SQ_INSTS_VALU_MFMA_MOPS_BF16",1572864.000000,7890129274238,7890129292119
1294,25025,"Agent 1",4,1,1,65536,9122,"fused_moe_kernel",256,0,0,80,0,48,"SQ_INSTS_VALU_MFMA_MOPS_BF16",786432.000000,7890129360634,7890129370016
1294,25040,"Agent 1",4,1,1,49152,9121,"fused_moe_kernel",256,0,0,80,0,48,"SQ_INSTS_VALU_MFMA_MOPS_BF16",1572864.000000,7890129740859,7890129759221
1294,25042,"Agent 1",4,1,1,65536,9122,"fused_moe_kernel",256,0,0,80,0,48,"SQ_INSTS_VALU_MFMA_MOPS_BF16",786432.000000,7890129826895,7890129837318
1294,25057,"Agent 1",4,1,1,49152,9121,"fused_moe_kernel",256,0,0,80,0,48,"SQ_INSTS_VALU_MFMA_MOPS_BF16",1572864.000000,7890130209926,7890130227365
1294,25059,"Agent 1",4,1,1,65536,9122,"fused_moe_kernel",256,0,0,80,0,48,"SQ_INSTS_VALU_MFMA_MOPS_BF16",786432.000000,7890130297645,7890130307147
1294,25074,"Agent 1",4,1,1,49152,9121,"fused_moe_kernel",256,0,0,80,0,48,"SQ_INSTS_VALU_MFMA_MOPS_BF16",1572864.000000,7890130675063,7890130693224
1294,25076,"Agent 1",4,1,1,65536,9122,"fused_moe_kernel",256,0,0,80,0,48,"SQ_INSTS_VALU_MFMA_MOPS_BF16",786432.000000,7890130755005,7890130765388
1294,25091,"Agent 1",4,1,1,49152,9121,"fused_moe_kernel",256,0,0,80,0,48,"FETCH_SIZE",49195.000000,7890131130980,7890131149061
1294,25093,"Agent 1",4,1,1,65536,9122,"fused_moe_kernel",256,0,0,80,0,48,"FETCH_SIZE",24707.312500,7890131243355,7890131252737
1294,25108,"Agent 1",4,1,1,49152,9121,"fused_moe_kernel",256,0,0,80,0,48,"FETCH_SIZE",49198.437500,7890131647153,7890131664954
1294,25110,"Agent 1",4,1,1,65536,9122,"fused_moe_kernel",256,0,0,80,0,48,"FETCH_SIZE",24707.500000,7890131759248,7890131769071
1295,25125,"Agent 1",4,1,1,49152,9121,"fused_moe_kernel",256,0,0,80,0,48,"FETCH_SIZE",49196.250000,7890132167015,7890132185177
1295,25127,"Agent 1",4,1,1,65536,9122,"fused_moe_kernel",256,0,0,80,0,48,"FETCH_SIZE",24707.000000,7890132282999,7890132292421
1295,25142,"Agent 1",4,1,1,49152,9121,"fused_moe_kernel",256,0,0,80,0,48,"FETCH_SIZE",49197.000000,7890132697020,7890132715102
1295,25144,"Agent 1",4,1,1,65536,9122,"fused_moe_kernel",256,0,0,80,0,48,"FETCH_SIZE",24707.000000,7890132811360,7890132821784
1295,25159,"Agent 1",4,1,1,49152,9121,"fused_moe_kernel",256,0,0,80,0,48,"WRITE_SIZE",24.000000,7890133215239,7890133233801
1295,25161,"Agent 1",4,1,1,65536,9122,"fused_moe_kernel",256,0,0,80,0,48,"WRITE_SIZE",32.000000,7890133322362,7890133332626
1295,25176,"Agent 1",4,1,1,49152,9121,"fused_moe_kernel",256,0,0,80,0,48,"WRITE_SIZE",24.000000,7890133709964,7890133728766
1295,25178,"Agent 1",4,1,1,65536,9122,"fused_moe_kernel",256,0,0,80,0,48,"WRITE_SIZE",32.000000,7890133816566,7890133826388
1295,25193,"Agent 1",4,1,1,49152,9121,"fused_moe_kernel",256,0,0,80,0,48,"WRITE_SIZE",24.000000,7890134214912,7890134233354
1295,25195,"Agent 1",4,1,1,65536,9122,"fused_moe_kernel",256,0,0,80,0,48,"WRITE_SIZE",32.000000,7890134322116,7890134331537
1295,25210,"Agent 1",4,1,1,49152,9121,"fused_moe_kernel",256,0,0,80,0,48,"WRITE_SIZE",24.000000,7890134709717,7890134727798
1295,25212,"Agent 1",4,1,1,65536,9122,"fused_moe_kernel",256,0,0,80,0,48,"WRITE_SIZE",32.000000,7890134809303,7890134819085
1295,25227,"Agent 1",4,1,1,49152,9121,"fused_moe_kernel",256,0,0,80,0,48,"SQ_INSTS_VALU_MFMA_MOPS_BF16",1572864.000000,7890135203319,7890135221641
1295,25229,"Agent 1",4,1,1,65536,9122,"fused_moe_kernel",256,0,0,80,0,48,"SQ_INSTS_VALU_MFMA_MOPS_BF16",786432.000000,7890135284624,7890135294126
1295,25244,"Agent 1",4,1,1,49152,9121,"fused_moe_kernel",256,0,0,80,0,48,"SQ_INSTS_VALU_MFMA_MOPS_BF16",1572864.000000,7890135656830,7890135674591
1295,25246,"Agent 1",4,1,1,65536,9122,"fused_moe_kernel",256,0,0,80,0,48,"SQ_INSTS_VALU_MFMA_MOPS_BF16",786432.000000,7890135737895,7890135747677
1295,25261,"Agent 1",4,1,1,49152,9121,"fused_moe_kernel",256,0,0,80,0,48,"SQ_INSTS_VALU_MFMA_MOPS_BF16",1572864.000000,7890136104769,7890136122569
1295,25263,"Agent 1",4,1,1,65536,9122,"fused_moe_kernel",256,0,0,80,0,48,"SQ_INSTS_VALU_MFMA_MOPS_BF16",786432.000000,7890136191125,7890136201148
1295,25278,"Agent 1",4,1,1,49152,9121,"fused_moe_kernel",256,0,0,80,0,48,"SQ_INSTS_VALU_MFMA_MOPS_BF16",1572864.000000,7890136560284,7890136577724
1295,25280,"Agent 1",4,1,1,65536,9122,"fused_moe_kernel",256,0,0,80,0,48,"SQ_INSTS_VALU_MFMA_MOPS_BF16",786432.000000,7890136643193,7890136653096
1295,25295,"Agent 1",4,1,1,49152,9121,"fused_moe_kernel",256,0,0,80,0,48,"FETCH_SIZE",49194.000000,7890137025061,7890137043463
1295,25297,"Agent 1",4,1,1,65536,9122,"fused_moe_kernel",256,0,0,80,0,48,"FETCH_SIZE",24707.000000,7890137139762,7890137149544
1295,25312,"Agent 1",4,1,1,49152,9121,"fused_moe_kernel",256,0,0,80,0,48,"FETCH_SIZE",49193.750000,7890137545204,7890137563726
1295,25314,"Agent 1",4,1,1,65536,9122,"fused_moe_kernel",256,0,0,80,0,48,"FETCH_SIZE",24707.000000,7890137660947,7890137670810
1295,25329,"Agent 1",4,1,1,49152,9121,"fused_moe_kernel",256,0,0,80,0,48,"FETCH_SIZE",49195.000000,7890138060656,7890138078416
1295,25331,"Agent 1",4,1,1,65536,9122,"fused_moe_kernel",256,0,0,80,0,48,"FETCH_SIZE",24707.000000,7890138173513,7890138183535
1295,25346,"Agent 1",4,1,1,49152,9121,"fused_moe_kernel",256,0,0,80,0,48,"FETCH_SIZE",49195.250000,7890138562557,7890138579836
1295,25348,"Agent 1",4,1,1,65536,9122,"fused_moe_kernel",256,0,0,80,0,48,"FETCH_SIZE",24707.000000,7890138683432,7890138693094
1295,25363,"Agent 1",4,1,1,49152,9121,"fused_moe_kernel",256,0,0,80,0,48,"WRITE_SIZE",24.000000,7890139075042,7890139093043
1295,25365,"Agent 1",4,1,1,65536,9122,"fused_moe_kernel",256,0,0,80,0,48,"WRITE_SIZE",32.000000,7890139179159,7890139188380
1296,25380,"Agent 1",4,1,1,49152,9121,"fused_moe_kernel",256,0,0,80,0,48,"WRITE_SIZE",24.000000,7890139555054,7890139572694
1296,25382,"Agent 1",4,1,1,65536,9122,"fused_moe_kernel",256,0,0,80,0,48,"WRITE_SIZE",32.000000,7890139658208,7890139667830
1296,25397,"Agent 1",4,1,1,49152,9121,"fused_moe_kernel",256,0,0,80,0,48,"WRITE_SIZE",24.000000,7890140043885,7890140061726
1296,25399,"Agent 1",4,1,1,65536,9122,"fused_moe_kernel",256,0,0,80,0,48,"WRITE_SIZE",32.000000,7890140144634,7890140155459
1296,25414,"Agent 1",4,1,1,49152,9121,"fused_moe_kernel",256,0,0,80,0,48,"WRITE_SIZE",24.000000,7890140533037,7890140551279
1296,25416,"Agent 1",4,1,1,65536,9122,"fused_moe_kernel",256,0,0,80,0,48,"WRITE_SIZE",32.000000,7890140634588,7890140644892
1327,25461,"Agent 1",4,1,1,49152,9121,"fused_moe_kernel",256,0,0,80,0,48,"SQ_INSTS_VALU_MFMA_MOPS_BF16",1572864.000000,7890141936068,7890141953988
1327,25463,"Agent 1",4,1,1,65536,9122,"fused_moe_kernel",256,0,0,80,0,48,"SQ_INSTS_VALU_MFMA_MOPS_BF16",786432.000000,7890142061793,7890142072017
1327,25478,"Agent 1",4,1,1,49152,9121,"fused_moe_kernel",256,0,0,80,0,48,"SQ_INSTS_VALU_MFMA_MOPS_BF16",1572864.000000,7890142672863,7890142690743
1327,25480,"Agent 1",4,1,1,65536,9122,"fused_moe_kernel",256,0,0,80,0,48,"SQ_INSTS_VALU_MFMA_MOPS_BF16",786432.000000,7890142778102,7890142788365
1327,25495,"Agent 1",4,1,1,49152,9121,"fused_moe_kernel",256,0,0,80,0,48,"SQ_INSTS_VALU_MFMA_MOPS_BF16",1572864.000000,7890147804491,7890147822612
1327,25497,"Agent 1",4,1,1,65536,9122,"fused_moe_kernel",256,0,0,80,0,48,"SQ_INSTS_VALU_MFMA_MOPS_BF16",786432.000000,7890148087815,7890148097557
1327,25512,"Agent 1",4,1,1,49152,9121,"fused_moe_kernel",256,0,0,80,0,48,"SQ_INSTS_VALU_MFMA_MOPS_BF16",1572864.000000,7890156608188,7890156626710
1327,25514,"Agent 1",4,1,1,65536,9122,"fused_moe_kernel",256,0,0,80,0,48,"SQ_INSTS_VALU_MFMA_MOPS_BF16",786432.000000,7890158236490,7890158245872
1327,25529,"Agent 1",4,1,1,49152,9121,"fused_moe_kernel",256,0,0,80,0,48,"FETCH_SIZE",49197.250000,7890168393239,7890168411881
1327,25531,"Agent 1",4,1,1,65536,9122,"fused_moe_kernel",256,0,0,80,0,48,"FETCH_SIZE",24707.000000,7890170034731,7890170044794
1327,25546,"Agent 1",4,1,1,49152,9121,"fused_moe_kernel",256,0,0,80,0,48,"FETCH_SIZE",49195.250000,7890181806858,7890181824618
1327,25548,"Agent 1",4,1,1,65536,9122,"fused_moe_kernel",256,0,0,80,0,48,"FETCH_SIZE",24707.000000,7890183498985,7890183509288
1327,25563,"Agent 1",4,1,1,49152,9121,"fused_moe_kernel",256,0,0,80,0,48,"FETCH_SIZE",49194.750000,7890190817104,7890190834183
1327,25565,"Agent 1",4,1,1,65536,9122,"fused_moe_kernel",256,0,0,80,0,48,"FETCH_SIZE",24707.000000,7890190934692,7890190944394
1327,25580,"Agent 1",4,1,1,49152,9121,"fused_moe_kernel",256,0,0,80,0,48,"FETCH_SIZE",49194.562500,7890191497852,7890191515252
1327,25582,"Agent 1",4,1,1,65536,9122,"fused_moe_kernel",256,0,0,80,0,48,"FETCH_SIZE",24707.000000,7890191617604,7890191626785
1327,25597,"Agent 1",4,1,1,49152,9121,"fused_moe_kernel",256,0,0,80,0,48,"WRITE_SIZE",24.000000,7890192045658,7890192063178
1327,25599,"Agent 1",4,1,1,65536,9122,"fused_moe_kernel",256,0,0,80,0,48,"WRITE_SIZE",32.000000,7890192146768,7890192156430
1327,25614,"Agent 1",4,1,1,49152,9121,"fused_moe_kernel",256,0,0,80,0,48,"WRITE_SIZE",24.000000,7890192548481,7890192566402
1327,25616,"Agent 1",4,1,1,65536,9122,"fused_moe_kernel",256,0,0,80,0,48,"WRITE_SIZE",32.000000,7890192664745,7890192674568
1327,25631,"Agent 1",4,1,1,49152,9121,"fused_moe_kernel",256,0,0,80,0,48,"WRITE_SIZE",24.000000,7890193069987,7890193088549
1327,25633,"Agent 1",4,1,1,65536,9122,"fused_moe_kernel",256,0,0,80,0,48,"WRITE_SIZE",32.000000,7890193170776,7890193180959
1327,25648,"Agent 1",4,1,1,49152,9121,"fused_moe_kernel",256,0,0,80,0,48,"WRITE_SIZE",24.000000,7890193587203,7890193604602
1327,25650,"Agent 1",4,1,1,65536,9122,"fused_moe_kernel",256,0,0,80,0,48,"WRITE_SIZE",32.000000,7890193690157,7890193700540
1327,25665,"Agent 1",4,1,1,49152,9121,"fused_moe_kernel",256,0,0,80,0,48,"SQ_INSTS_VALU_MFMA_MOPS_BF16",1572864.000000,7890194112678,7890194130518
1327,25667,"Agent 1",4,1,1,65536,9122,"fused_moe_kernel",256,0,0,80,0,48,"SQ_INSTS_VALU_MFMA_MOPS_BF16",786432.000000,7890194194544,7890194204406
1327,25682,"Agent 1",4,1,1,49152,9121,"fused_moe_kernel",256,0,0,80,0,48,"SQ_INSTS_VALU_MFMA_MOPS_BF16",1572864.000000,7890194597420,7890194614659
1327,25684,"Agent 1",4,1,1,65536,9122,"fused_moe_kernel",256,0,0,80,0,48,"SQ_INSTS_VALU_MFMA_MOPS_BF16",786432.000000,7890194685340,7890194695162
1327,25699,"Agent 1",4,1,1,49152,9121,"fused_moe_kernel",256,0,0,80,0,48,"SQ_INSTS_VALU_MFMA_MOPS_BF16",1572864.000000,7890195090060,7890195108341
1327,25701,"Agent 1",4,1,1,65536,9122,"fused_moe_kernel",256,0,0,80,0,48,"SQ_INSTS_VALU_MFMA_MOPS_BF16",786432.000000,7890195172287,7890195182270
1328,25716,"Agent 1",4,1,1,49152,9121,"fused_moe_kernel",256,0,0,80,0,48,"SQ_INSTS_VALU_MFMA_MOPS_BF16",1572864.000000,7890195562975,7890195581016
1328,25718,"Agent 1",4,1,1,65536,9122,"fused_moe_kernel",256,0,0,80,0,48,"SQ_INSTS_VALU_MFMA_MOPS_BF16",786432.000000,7890195651657,7890195661399
1328,25733,"Agent 1",4,1,1,49152,9121,"fused_moe_kernel",256,0,0,80,0,48,"FETCH_SIZE",49196.000000,7890196045953,7890196063714
1328,25735,"Agent 1",4,1,1,65536,9122,"fused_moe_kernel",256,0,0,80,0,48,"FETCH_SIZE",24707.000000,7890196162899,7890196172160
1328,25750,"Agent 1",4,1,1,49152,9121,"fused_moe_kernel",256,0,0,80,0,48,"FETCH_SIZE",49195.250000,7890196587224,7890196605105
1328,25752,"Agent 1",4,1,1,65536,9122,"fused_moe_kernel",256,0,0,80,0,48,"FETCH_SIZE",24707.062500,7890196703689,7890196713351
1328,25767,"Agent 1",4,1,1,49152,9121,"fused_moe_kernel",256,0,0,80,0,48,"FETCH_SIZE",49197.250000,7890197133867,7890197151627
1328,25769,"Agent 1",4,1,1,65536,9122,"fused_moe_kernel",256,0,0,80,0,48,"FETCH_SIZE",24707.500000,7890197250813,7890197260675
1328,25784,"Agent 1",4,1,1,49152,9121,"fused_moe_kernel",256,0,0,80,0,48,"FETCH_SIZE",49196.000000,7890197672852,7890197691214
1328,25786,"Agent 1",4,1,1,65536,9122,"fused_moe_kernel",256,0,0,80,0,48,"FETCH_SIZE",24707.000000,7890197790400,7890197799781
1328,25801,"Agent 1",4,1,1,49152,9121,"fused_moe_kernel",256,0,0,80,0,48,"WRITE_SIZE",24.000000,7890198214043,7890198232485
1328,25803,"Agent 1",4,1,1,65536,9122,"fused_moe_kernel",256,0,0,80,0,48,"WRITE_SIZE",32.000000,7890198320164,7890198330588
1328,25818,"Agent 1",4,1,1,49152,9121,"fused_moe_kernel",256,0,0,80,0,48,"WRITE_SIZE",24.000000,7890198725927,7890198743968
1328,25820,"Agent 1",4,1,1,65536,9122,"fused_moe_kernel",256,0,0,80,0,48,"WRITE_SIZE",32.000000,7890198830845,7890198840307
1328,25835,"Agent 1",4,1,1,49152,9121,"fused_moe_kernel",256,0,0,80,0,48,"WRITE_SIZE",24.000000,7890199236929,7890199255090
1328,25837,"Agent 1",4,1,1,65536,9122,"fused_moe_kernel",256,0,0,80,0,48,"WRITE_SIZE",32.000000,7890199335753,7890199345095
1328,25852,"Agent 1",4,1,1,49152,9121,"fused_moe_kernel",256,0,0,80,0,48,"WRITE_SIZE",24.000000,7890199749254,7890199768137
1328,25854,"Agent 1",4,1,1,65536,9122,"fused_moe_kernel",256,0,0,80,0,48,"WRITE_SIZE",32.000000,7890199858903,7890199868886
1328,25869,"Agent 1",4,1,1,49152,9121,"fused_moe_kernel",256,0,0,80,0,48,"SQ_INSTS_VALU_MFMA_MOPS_BF16",1572864.000000,7890200269877,7890200287517
1328,25871,"Agent 1",4,1,1,65536,9122,"fused_moe_kernel",256,0,0,80,0,48,"SQ_INSTS_VALU_MFMA_MOPS_BF16",786432.000000,7890200356394,7890200365815
1328,25886,"Agent 1",4,1,1,49152,9121,"fused_moe_kernel",256,0,0,80,0,48,"SQ_INSTS_VALU_MFMA_MOPS_BF16",1572864.000000,7890200741790,7890200759511
1328,25888,"Agent 1",4,1,1,65536,9122,"fused_moe_kernel",256,0,0,80,0,48,"SQ_INSTS_VALU_MFMA_MOPS_BF16",786432.000000,7890200831915,7890200842098
1328,25903,"Agent 1",4,1,1,49152,9121,"fused_moe_kernel",256,0,0,80,0,48,"SQ_INSTS_VALU_MFMA_MOPS_BF16",1572864.000000,7890201226693,7890201244694
1328,25905,"Agent 1",4,1,1,65536,9122,"fused_moe_kernel",256,0,0,80,0,48,"SQ_INSTS_VALU_MFMA_MOPS_BF16",786432.000000,7890201311486,7890201321188
1328,25920,"Agent 1",4,1,1,49152,9121,"fused_moe_kernel",256,0,0,80,0,48,"SQ_INSTS_VALU_MFMA_MOPS_BF16",1572864.000000,7890201720095,7890201737494
1328,25922,"Agent 1",4,1,1,65536,9122,"fused_moe_kernel",256,0,0,80,0,48,"SQ_INSTS_VALU_MFMA_MOPS_BF16",786432.000000,7890201809819,7890201819922
1328,25937,"Agent 1",4,1,1,49152,9121,"fused_moe_kernel",256,0,0,80,0,48,"FETCH_SIZE",49193.500000,7890202211011,7890202229453
1328,25939,"Agent 1",4,1,1,65536,9122,"fused_moe_kernel",256,0,0,80,0,48,"FETCH_SIZE",24707.000000,7890202324429,7890202335173
1328,25954,"Agent 1",4,1,1,49152,9121,"fused_moe_kernel",256,0,0,80,0,48,"FETCH_SIZE",49194.500000,7890202741617,7890202759538
1328,25956,"Agent 1",4,1,1,65536,9122,"fused_moe_kernel",256,0,0,80,0,48,"FETCH_SIZE",24707.000000,7890202863575,7890202873076
1329,25971,"Agent 1",4,1,1,49152,9121,"fused_moe_kernel",256,0,0,80,0,48,"FETCH_SIZE",49196.500000,7890203275712,7890203293352
1329,25973,"Agent 1",4,1,1,65536,9122,"fused_moe_kernel",256,0,0,80,0,48,"FETCH_SIZE",24707.000000,7890203387807,7890203397348
1329,25988,"Agent 1",4,1,1,49152,9121,"fused_moe_kernel",256,0,0,80,0,48,"FETCH_SIZE",49196.500000,7890203807641,7890203825362
1329,25990,"Agent 1",4,1,1,65536,9122,"fused_moe_kernel",256,0,0,80,0,48,"FETCH_SIZE",24707.000000,7890203922262,7890203932365
1329,26005,"Agent 1",4,1,1,49152,9121,"fused_moe_kernel",256,0,0,80,0,48,"WRITE_SIZE",24.000000,7890204339330,7890204356850
1329,26007,"Agent 1",4,1,1,65536,9122,"fused_moe_kernel",256,0,0,80,0,48,"WRITE_SIZE",32.000000,7890204444930,7890204455434
1329,26022,"Agent 1",4,1,1,49152,9121,"fused_moe_kernel",256,0,0,80,0,48,"WRITE_SIZE",24.000000,7890204835779,7890204853860
1329,26024,"Agent 1",4,1,1,65536,9122,"fused_moe_kernel",256,0,0,80,0,48,"WRITE_SIZE",32.000000,7890204943183,7890204952725
1329,26039,"Agent 1",4,1,1,49152,9121,"fused_moe_kernel",256,0,0,80,0,48,"WRITE_SIZE",24.000000,7890205341489,7890205359329
1329,26041,"Agent 1",4,1,1,65536,9122,"fused_moe_kernel",256,0,0,80,0,48,"WRITE_SIZE",32.000000,7890205446888,7890205456911
1329,26056,"Agent 1",4,1,1,49152,9121,"fused_moe_kernel",256,0,0,80,0,48,"WRITE_SIZE",24.000000,7890205851208,7890205869409
1329,26058,"Agent 1",4,1,1,65536,9122,"fused_moe_kernel",256,0,0,80,0,48,"WRITE_SIZE",32.000000,7890205954122,7890205964145
1329,26073,"Agent 1",4,1,1,49152,9121,"fused_moe_kernel",256,0,0,80,0,48,"SQ_INSTS_VALU_MFMA_MOPS_BF16",1572864.000000,7890206361007,7890206378767
1329,26075,"Agent 1",4,1,1,65536,9122,"fused_moe_kernel",256,0,0,80,0,48,"SQ_INSTS_VALU_MFMA_MOPS_BF16",786432.000000,7890206447724,7890206457226
1329,26090,"Agent 1",4,1,1,49152,9121,"fused_moe_kernel",256,0,0,80,0,48,"SQ_INSTS_VALU_MFMA_MOPS_BF16",1572864.000000,7890206821734,7890206839214
1329,26092,"Agent 1",4,1,1,65536,9122,"fused_moe_kernel",256,0,0,80,0,48,"SQ_INSTS_VALU_MFMA_MOPS_BF16",786432.000000,7890206907329,7890206917632
1329,26107,"Agent 1",4,1,1,49152,9121,"fused_moe_kernel",256,0,0,80,0,48,"SQ_INSTS_VALU_MFMA_MOPS_BF16",1572864.000000,7890207292525,7890207311007
1329,26109,"Agent 1",4,1,1,65536,9122,"fused_moe_kernel",256,0,0,80,0,48,"SQ_INSTS_VALU_MFMA_MOPS_BF16",786432.000000,7890207380445,7890207390548
1329,26124,"Agent 1",4,1,1,49152,9121,"fused_moe_kernel",256,0,0,80,0,48,"SQ_INSTS_VALU_MFMA_MOPS_BF16",1572864.000000,7890207765560,7890207783762
1329,26126,"Agent 1",4,1,1,65536,9122,"fused_moe_kernel",256,0,0,80,0,48,"SQ_INSTS_VALU_MFMA_MOPS_BF16",786432.000000,7890207857690,7890207867192
1329,26141,"Agent 1",4,1,1,49152,9121,"fused_moe_kernel",256,0,0,80,0,48,"FETCH_SIZE",49195.250000,7890208232382,7890208250663
1329,26143,"Agent 1",4,1,1,65536,9122,"fused_moe_kernel",256,0,0,80,0,48,"FETCH_SIZE",24707.000000,7890208342352,7890208352535
1329,26158,"Agent 1",4,1,1,49152,9121,"fused_moe_kernel",256,0,0,80,0,48,"FETCH_SIZE",49196.250000,7890208748435,7890208766556
1329,26160,"Agent 1",4,1,1,65536,9122,"fused_moe_kernel",256,0,0,80,0,48,"FETCH_SIZE",24707.000000,7890208860450,7890208870593
1329,26175,"Agent 1",4,1,1,49152,9121,"fused_moe_kernel",256,0,0,80,0,48,"FETCH_SIZE",49194.750000,7890209266253,7890209284294
1329,26177,"Agent 1",4,1,1,65536,9122,"fused_moe_kernel",256,0,0,80,0,48,"FETCH_SIZE",24707.000000,7890209381114,7890209390655
1329,26192,"Agent 1",4,1,1,49152,9121,"fused_moe_kernel",256,0,0,80,0,48,"FETCH_SIZE",49195.750000,7890209770359,7890209787879
1329,26194,"Agent 1",4,1,1,65536,9122,"fused_moe_kernel",256,0,0,80,0,48,"FETCH_SIZE",24707.000000,7890209885340,7890209894842
1329,26209,"Agent 1",4,1,1,49152,9121,"fused_moe_kernel",256,0,0,80,0,48,"WRITE_SIZE",24.000000,7890210273022,7890210290942
1329,26211,"Agent 1",4,1,1,65536,9122,"fused_moe_kernel",256,0,0,80,0,48,"WRITE_SIZE",32.000000,7890210378421,7890210388083
1330,26226,"Agent 1",4,1,1,49152,9121,"fused_moe_kernel",256,0,0,80,0,48,"WRITE_SIZE",24.000000,7890210752231,7890210769751
1330,26228,"Agent 1",4,1,1,65536,9122,"fused_moe_kernel",256,0,0,80,0,48,"WRITE_SIZE",32.000000,7890210860277,7890210870340
1330,26243,"Agent 1",4,1,1,49152,9121,"fused_moe_kernel",256,0,0,80,0,48,"WRITE_SIZE",24.000000,7890211258623,7890211276704
1330,26245,"Agent 1",4,1,1,65536,9122,"fused_moe_kernel",256,0,0,80,0,48,"WRITE_SIZE",32.000000,7890211360615,7890211370517
1330,26260,"Agent 1",4,1,1,49152,9121,"fused_moe_kernel",256,0,0,80,0,48,"WRITE_SIZE",24.000000,7890211745410,7890211763731
1330,26262,"Agent 1",4,1,1,65536,9122,"fused_moe_kernel",256,0,0,80,0,48,"WRITE_SIZE",32.000000,7890211852252,7890211862516
1361,26307,"Agent 1",4,1,1,49152,9121,"fused_moe_kernel",256,0,0,80,0,48,"SQ_INSTS_VALU_MFMA_MOPS_BF16",1572864.000000,7890213165518,7890213183159
1361,26309,"Agent 1",4,1,1,65536,9122,"fused_moe_kernel",256,0,0,80,0,48,"SQ_INSTS_VALU_MFMA_MOPS_BF16",786432.000000,7890213283507,7890213293329
1361,26324,"Agent 1",4,1,1,49152,9121,"fused_moe_kernel",256,0,0,80,0,48,"SQ_INSTS_VALU_MFMA_MOPS_BF16",1572864.000000,7890213931500,7890213949060
1361,26326,"Agent 1",4,1,1,65536,9122,"fused_moe_kernel",256,0,0,80,0,48,"SQ_INSTS_VALU_MFMA_MOPS_BF16",786432.000000,7890214037421,7890214047043
1361,26341,"Agent 1",4,1,1,49152,9121,"fused_moe_kernel",256,0,0,80,0,48,"SQ_INSTS_VALU_MFMA_MOPS_BF16",1572864.000000,7890220205726,7890220224128
1361,26343,"Agent 1",4,1,1,65536,9122,"fused_moe_kernel",256,0,0,80,0,48,"SQ_INSTS_VALU_MFMA_MOPS_BF16",786432.000000,7890220321830,7890220331332
1361,26358,"Agent 1",4,1,1,49152,9121,"fused_moe_kernel",256,0,0,80,0,48,"SQ_INSTS_VALU_MFMA_MOPS_BF16",1572864.000000,7890229654283,7890229671723
1361,26360,"Agent 1",4,1,1,65536,9122,"fused_moe_kernel",256,0,0,80,0,48,"SQ_INSTS_VALU_MFMA_MOPS_BF16",786432.000000,7890230413209,7890230422790
1361,26375,"Agent 1",4,1,1,49152,9121,"fused_moe_kernel",256,0,0,80,0,48,"FETCH_SIZE",49197.000000,7890242193514,7890242211154
1361,26377,"Agent 1",4,1,1,65536,9122,"fused_moe_kernel",256,0,0,80,0,48,"FETCH_SIZE",24707.000000,7890243886443,7890243896546
1361,26392,"Agent 1",4,1,1,49152,9121,"fused_moe_kernel",256,0,0,80,0,48,"FETCH_SIZE",49195.500000,7890253943510,7890253961391
1361,26394,"Agent 1",4,1,1,65536,9122,"fused_moe_kernel",256,0,0,80,0,48,"FETCH_SIZE",24707.000000,7890255695093,7890255704474
1361,26409,"Agent 1",4,1,1,49152,9121,"fused_moe_kernel",256,0,0,80,0,48,"FETCH_SIZE",49197.625000,7890262088109,7890262106270
1361,26411,"Agent 1",4,1,1,65536,9122,"fused_moe_kernel",256,0,0,80,0,48,"FETCH_SIZE",24707.000000,7890262201887,7890262211469
1361,26426,"Agent 1",4,1,1,49152,9121,"fused_moe_kernel",256,0,0,80,0,48,"FETCH_SIZE",49194.750000,7890262767734,7890262786136
1361,26428,"Agent 1",4,1,1,65536,9122,"fused_moe_kernel",256,0,0,80,0,48,"FETCH_SIZE",24707.500000,7890262881392,7890262890894
1361,26443,"Agent 1",4,1,1,49152,9121,"fused_moe_kernel",256,0,0,80,0,48,"WRITE_SIZE",24.000000,7890263309406,7890263327086
1361,26445,"Agent 1",4,1,1,65536,9122,"fused_moe_kernel",256,0,0,80,0,48,"WRITE_SIZE",32.000000,7890263416730,7890263425830
1361,26460,"Agent 1",4,1,1,49152,9121,"fused_moe_kernel",256,0,0,80,0,48,"WRITE_SIZE",24.000000,7890263824898,7890263842738
1361,26462,"Agent 1",4,1,1,65536,9122,"fused_moe_kernel",256,0,0,80,0,48,"WRITE_SIZE",32.000000,7890263927290,7890263936431
1361,26477,"Agent 1",4,1,1,49152,9121,"fused_moe_kernel",256,0,0,80,0,48,"WRITE_SIZE",24.000000,7890264328282,7890264346283
1361,26479,"Agent 1",4,1,1,65536,9122,"fused_moe_kernel",256,0,0,80,0,48,"WRITE_SIZE",32.000000,7890264432118,7890264442221
1361,26494,"Agent 1",4,1,1,49152,9121,"fused_moe_kernel",256,0,0,80,0,48,"WRITE_SIZE",24.000000,7890264827497,7890264845097
1361,26496,"Agent 1",4,1,1,65536,9122,"fused_moe_kernel",256,0,0,80,0,48,"WRITE_SIZE",32.000000,7890264929690,7890264939111
1361,26511,"Agent 1",4,1,1,49152,9121,"fused_moe_kernel",256,0,0,80,0,48,"SQ_INSTS_VALU_MFMA_MOPS_BF16",1572864.000000,7890265333047,7890265351168
1361,26513,"Agent 1",4,1,1,65536,9122,"fused_moe_kernel",256,0,0,80,0,48,"SQ_INSTS_VALU_MFMA_MOPS_BF16",786432.000000,7890265422290,7890265432353
1361,26528,"Agent 1",4,1,1,49152,9121,"fused_moe_kernel",256,0,0,80,0,48,"SQ_INSTS_VALU_MFMA_MOPS_BF16",1572864.000000,7890265807806,7890265825767
1361,26530,"Agent 1",4,1,1,65536,9122,"fused_moe_kernel",256,0,0,80,0,48,"SQ_INSTS_VALU_MFMA_MOPS_BF16",786432.000000,7890265889432,7890265899414
1361,26545,"Agent 1",4,1,1,49152,9121,"fused_moe_kernel",256,0,0,80,0,48,"SQ_INSTS_VALU_MFMA_MOPS_BF16",1572864.000000,7890266292629,7890266311351
1361,26547,"Agent 1",4,1,1,65536,9122,"fused_moe_kernel",256,0,0,80,0,48,"SQ_INSTS_VALU_MFMA_MOPS_BF16",786432.000000,7890266376219,7890266386161
1362,26562,"Agent 1",4,1,1,49152,9121,"fused_moe_kernel",256,0,0,80,0,48,"SQ_INSTS_VALU_MFMA_MOPS_BF16",1572864.000000,7890266773362,7890266791683
1362,26564,"Agent 1",4,1,1,65536,9122,"fused_moe_kernel",256,0,0,80,0,48,"SQ_INSTS_VALU_MFMA_MOPS_BF16",786432.000000,7890266858996,7890266868738
1362,26579,"Agent 1",4,1,1,49152,9121,"fused_moe_kernel",256,0,0,80,0,48,"FETCH_SIZE",49194.750000,7890267248041,7890267266122
1362,26581,"Agent 1",4,1,1,65536,9122,"fused_moe_kernel",256,0,0,80,0,48,"FETCH_SIZE",24707.000000,7890267357770,7890267368114
1362,26596,"Agent 1",4,1,1,49152,9121,"fused_moe_kernel",256,0,0,80,0,48,"FETCH_SIZE",49195.000000,7890267783538,7890267801740
1362,26598,"Agent 1",4,1,1,65536,9122,"fused_moe_kernel",256,0,0,80,0,48,"FETCH_SIZE",24707.000000,7890267896074,7890267906498
1362,26613,"Agent 1",4,1,1,49152,9121,"fused_moe_kernel",256,0,0,80,0,48,"FETCH_SIZE",49195.000000,7890268325170,7890268342289
1362,26615,"Agent 1",4,1,1,65536,9122,"fused_moe_kernel",256,0,0,80,0,48,"FETCH_SIZE",24707.000000,7890268431331,7890268441715
1362,26630,"Agent 1",4,1,1,49152,9121,"fused_moe_kernel",256,0,0,80,0,48,"FETCH_SIZE",49195.750000,7890268847237,7890268864957
1362,26632,"Agent 1",4,1,1,65536,9122,"fused_moe_kernel",256,0,0,80,0,48,"FETCH_SIZE",24707.500000,7890268963702,7890268973965
1362,26647,"Agent 1",4,1,1,49152,9121,"fused_moe_kernel",256,0,0,80,0,48,"WRITE_SIZE",24.000000,7890269393238,7890269410518
1362,26649,"Agent 1",4,1,1,65536,9122,"fused_moe_kernel",256,0,0,80,0,48,"WRITE_SIZE",32.000000,7890269499360,7890269509342
1362,26664,"Agent 1",4,1,1,49152,9121,"fused_moe_kernel",256,0,0,80,0,48,"WRITE_SIZE",24.000000,7890269893095,7890269911056
1362,26666,"Agent 1",4,1,1,65536,9122,"fused_moe_kernel",256,0,0,80,0,48,"WRITE_SIZE",32.000000,7890270002143,7890270012086
1362,26681,"Agent 1",4,1,1,49152,9121,"fused_moe_kernel",256,0,0,80,0,48,"WRITE_SIZE",24.000000,7890270406743,7890270424824
1362,26683,"Agent 1",4,1,1,65536,9122,"fused_moe_kernel",256,0,0,80,0,48,"WRITE_SIZE",32.000000,7890270508494,7890270518517
1362,26698,"Agent 1",4,1,1,49152,9121,"fused_moe_kernel",256,0,0,80,0,48,"WRITE_SIZE",24.000000,7890270921834,7890270939835
1362,26700,"Agent 1",4,1,1,65536,9122,"fused_moe_kernel",256,0,0,80,0,48,"WRITE_SIZE",32.000000,7890271023545,7890271032766
1362,26715,"Agent 1",4,1,1,49152,9121,"fused_moe_kernel",256,0,0,80,0,48,"SQ_INSTS_VALU_MFMA_MOPS_BF16",1572864.000000,7890271423174,7890271441215
1362,26717,"Agent 1",4,1,1,65536,9122,"fused_moe_kernel",256,0,0,80,0,48,"SQ_INSTS_VALU_MFMA_MOPS_BF16",786432.000000,7890271510372,7890271521157
1362,26732,"Agent 1",4,1,1,49152,9121,"fused_moe_kernel",256,0,0,80,0,48,"SQ_INSTS_VALU_MFMA_MOPS_BF16",1572864.000000,7890271884062,7890271902544
1362,26734,"Agent 1",4,1,1,65536,9122,"fused_moe_kernel",256,0,0,80,0,48,"SQ_INSTS_VALU_MFMA_MOPS_BF16",786432.000000,7890271971902,7890271981604
1362,26749,"Agent 1",4,1,1,49152,9121,"fused_moe_kernel",256,0,0,80,0,48,"SQ_INSTS_VALU_MFMA_MOPS_BF16",1572864.000000,7890272364394,7890272382034
1362,26751,"Agent 1",4,1,1,65536,9122,"fused_moe_kernel",256,0,0,80,0,48,"SQ_INSTS_VALU_MFMA_MOPS_BF16",786432.000000,7890272449387,7890272458648
1362,26766,"Agent 1",4,1,1,49152,9121,"fused_moe_kernel",256,0,0,80,0,48,"SQ_INSTS_VALU_MFMA_MOPS_BF16",1572864.000000,7890272820030,7890272837550
1362,26768,"Agent 1",4,1,1,65536,9122,"fused_moe_kernel",256,0,0,80,0,48,"SQ_INSTS_VALU_MFMA_MOPS_BF16",786432.000000,7890272908431,7890272918494
1362,26783,"Agent 1",4,1,1,49152,9121,"fused_moe_kernel",256,0,0,80,0,48,"FETCH_SIZE",49194.500000,7890273316599,7890273335562
1362,26785,"Agent 1",4,1,1,65536,9122,"fused_moe_kernel",256,0,0,80,0,48,"FETCH_SIZE",24707.000000,7890273427652,7890273437634
1362,26800,"Agent 1",4,1,1,49152,9121,"fused_moe_kernel",256,0,0,80,0,48,"FETCH_SIZE",49196.000000,7890273834457,7890273852177
1362,26802,"Agent 1",4,1,1,65536,9122,"fused_moe_kernel",256,0,0,80,0,48,"FETCH_SIZE",24707.000000,7890273950120,7890273960102
1363,26817,"Agent 1",4,1,1,49152,9121,"fused_moe_kernel",256,0,0,80,0,48,"FETCH_SIZE",49194.750000,7890274359891,7890274377732
1363,26819,"Agent 1",4,1,1,65536,9122,"fused_moe_kernel",256,0,0,80,0,48,"FETCH_SIZE",24707.000000,7890274475434,7890274484855
1363,26834,"Agent 1",4,1,1,49152,9121,"fused_moe_kernel",256,0,0,80,0,48,"FETCH_SIZE",49198.250000,7890274889856,7890274907657
1363,26836,"Agent 1",4,1,1,65536,9122,"fused_moe_kernel",256,0,0,80,0,48,"FETCH_SIZE",24707.000000,7890275003354,7890275012615
1363,26851,"Agent 1",4,1,1,49152,9121,"fused_moe_kernel",256,0,0,80,0,48,"WRITE_SIZE",24.000000,7890275407553,7890275425995
1363,26853,"Agent 1",4,1,1,65536,9122,"fused_moe_kernel",256,0,0,80,0,48,"WRITE_SIZE",32.000000,7890275510507,7890275519969
1363,26868,"Agent 1",4,1,1,49152,9121,"fused_moe_kernel",256,0,0,80,0,48,"WRITE_SIZE",24.000000,7890275895783,7890275914787
1363,26870,"Agent 1",4,1,1,65536,9122,"fused_moe_kernel",256,0,0,80,0,48,"WRITE_SIZE",32.000000,7890275998938,7890276009081
1363,26885,"Agent 1",4,1,1,49152,9121,"fused_moe_kernel",256,0,0,80,0,48,"WRITE_SIZE",24.000000,7890276410875,7890276429076
1363,26887,"Agent 1",4,1,1,65536,9122,"fused_moe_kernel",256,0,0,80,0,48,"WRITE_SIZE",32.000000,7890276511383,7890276521446
1363,26902,"Agent 1",4,1,1,49152,9121,"fused_moe_kernel",256,0,0,80,0,48,"WRITE_SIZE",24.000000,7890276906602,7890276924803
1363,26904,"Agent 1",4,1,1,65536,9122,"fused_moe_kernel",256,0,0,80,0,48,"WRITE_SIZE",32.000000,7890277009877,7890277019298
1363,26919,"Agent 1",4,1,1,49152,9121,"fused_moe_kernel",256,0,0,80,0,48,"SQ_INSTS_VALU_MFMA_MOPS_BF16",1572864.000000,7890277410067,7890277427707
1363,26921,"Agent 1",4,1,1,65536,9122,"fused_moe_kernel",256,0,0,80,0,48,"SQ_INSTS_VALU_MFMA_MOPS_BF16",786432.000000,7890277497345,7890277506486
1363,26936,"Agent 1",4,1,1,49152,9121,"fused_moe_kernel",256,0,0,80,0,48,"SQ_INSTS_VALU_MFMA_MOPS_BF16",1572864.000000,7890277876166,7890277894408
1363,26938,"Agent 1",4,1,1,65536,9122,"fused_moe_kernel",256,0,0,80,0,48,"SQ_INSTS_VALU_MFMA_MOPS_BF16",786432.000000,7890277960278,7890277970822
1363,26953,"Agent 1",4,1,1,49152,9121,"fused_moe_kernel",256,0,0,80,0,48,"SQ_INSTS_VALU_MFMA_MOPS_BF16",1572864.000000,7890278348761,7890278367123
1363,26955,"Agent 1",4,1,1,65536,9122,"fused_moe_kernel",256,0,0,80,0,48,"SQ_INSTS_VALU_MFMA_MOPS_BF16",786432.000000,7890278432952,7890278443176
1363,26970,"Agent 1",4,1,1,49152,9121,"fused_moe_kernel",256,0,0,80,0,48,"SQ_INSTS_VALU_MFMA_MOPS_BF16",1572864.000000,7890278816825,7890278835267
1363,26972,"Agent 1",4,1,1,65536,9122,"fused_moe_kernel",256,0,0,80,0,48,"SQ_INSTS_VALU_MFMA_MOPS_BF16",786432.000000,7890278902019,7890278911881
1363,26987,"Agent 1",4,1,1,49152,9121,"fused_moe_kernel",256,0,0,80,0,48,"FETCH_SIZE",49195.000000,7890279285170,7890279303452
1363,26989,"Agent 1",4,1,1,65536,9122,"fused_moe_kernel",256,0,0,80,0,48,"FETCH_SIZE",24707.000000,7890279392173,7890279402437
1363,27004,"Agent 1",4,1,1,49152,9121,"fused_moe_kernel",256,0,0,80,0,48,"FETCH_SIZE",49193.000000,7890279793566,7890279811447
1363,27006,"Agent 1",4,1,1,65536,9122,"fused_moe_kernel",256,0,0,80,0,48,"FETCH_SIZE",24707.000000,7890279903817,7890279913479
1363,27021,"Agent 1",4,1,1,49152,9121,"fused_moe_kernel",256,0,0,80,0,48,"FETCH_SIZE",49194.500000,7890280312025,7890280329585
1363,27023,"Agent 1",4,1,1,65536,9122,"fused_moe_kernel",256,0,0,80,0,48,"FETCH_SIZE",24707.000000,7890280420351,7890280429973
1363,27038,"Agent 1",4,1,1,49152,9121,"fused_moe_kernel",256,0,0,80,0,48,"FETCH_SIZE",49194.500000,7890280811841,7890280829161
1363,27040,"Agent 1",4,1,1,65536,9122,"fused_moe_kernel",256,0,0,80,0,48,"FETCH_SIZE",24707.000000,7890280921330,7890280931193
1363,27055,"Agent 1",4,1,1,49152,9121,"fused_moe_kernel",256,0,0,80,0,48,"WRITE_SIZE",24.000000,7890281319195,7890281337356
1363,27057,"Agent 1",4,1,1,65536,9122,"fused_moe_kernel",256,0,0,80,0,48,"WRITE_SIZE",32.000000,7890281415574,7890281425436
1364,27072,"Agent 1",4,1,1,49152,9121,"fused_moe_kernel",256,0,0,80,0,48,"WRITE_SIZE",24.000000,7890281796039,7890281813880
1364,27074,"Agent 1",4,1,1,65536,9122,"fused_moe_kernel",256,0,0,80,0,48,"WRITE_SIZE",32.000000,7890281899595,7890281910138
1364,27089,"Agent 1",4,1,1,49152,9121,"fused_moe_kernel",256,0,0,80,0,48,"WRITE_SIZE",24.000000,7890282296337,7890282314017
1364,27091,"Agent 1",4,1,1,65536,9122,"fused_moe_kernel",256,0,0,80,0,48,"WRITE_SIZE",32.000000,7890282396164,7890282405906
1364,27106,"Agent 1",4,1,1,49152,9121,"fused_moe_kernel",256,0,0,80,0,48,"WRITE_SIZE",24.000000,7890282768891,7890282787253
1364,27108,"Agent 1",4,1,1,65536,9122,"fused_moe_kernel",256,0,0,80,0,48,"WRITE_SIZE",32.000000,7890282870602,7890282880064
1395,27153,"Agent 1",4,1,1,49152,9121,"fused_moe_kernel",256,0,0,80,0,48,"SQ_INSTS_VALU_MFMA_MOPS_BF16",1572864.000000,7890284134676,7890284152036
1395,27155,"Agent 1",4,1,1,65536,9122,"fused_moe_kernel",256,0,0,80,0,48,"SQ_INSTS_VALU_MFMA_MOPS_BF16",786432.000000,7890284287384,7890284297326
1395,27170,"Agent 1",4,1,1,49152,9121,"fused_moe_kernel",256,0,0,80,0,48,"SQ_INSTS_VALU_MFMA_MOPS_BF16",1572864.000000,7890284897932,7890284916494
1395,27172,"Agent 1",4,1,1,65536,9122,"fused_moe_kernel",256,0,0,80,0,48,"SQ_INSTS_VALU_MFMA_MOPS_BF16",786432.000000,7890284983607,7890284993589
1395,27187,"Agent 1",4,1,1,49152,9121,"fused_moe_kernel",256,0,0,80,0,48,"SQ_INSTS_VALU_MFMA_MOPS_BF16",1572864.000000,7890288883795,7890288902477
1395,27189,"Agent 1",4,1,1,65536,9122,"fused_moe_kernel",256,0,0,80,0,48,"SQ_INSTS_VALU_MFMA_MOPS_BF16",786432.000000,7890290571352,7890290581014
1395,27204,"Agent 1",4,1,1,49152,9121,"fused_moe_kernel",256,0,0,80,0,48,"SQ_INSTS_VALU_MFMA_MOPS_BF16",1572864.000000,7890302296669,7890302314791
1395,27206,"Agent 1",4,1,1,65536,9122,"fused_moe_kernel",256,0,0,80,0,48,"SQ_INSTS_VALU_MFMA_MOPS_BF16",786432.000000,7890303984347,7890303994810
1395,27221,"Agent 1",4,1,1,49152,9121,"fused_moe_kernel",256,0,0,80,0,48,"FETCH_SIZE",49195.250000,7890315590376,7890315608336
1395,27223,"Agent 1",4,1,1,65536,9122,"fused_moe_kernel",256,0,0,80,0,48,"FETCH_SIZE",24707.000000,7890317517678,7890317526979
1395,27238,"Agent 1",4,1,1,49152,9121,"fused_moe_kernel",256,0,0,80,0,48,"FETCH_SIZE",49194.750000,7890328600397,7890328618718
1395,27240,"Agent 1",4,1,1,65536,9122,"fused_moe_kernel",256,0,0,80,0,48,"FETCH_SIZE",24707.000000,7890328712893,7890328722635
1395,27255,"Agent 1",4,1,1,49152,9121,"fused_moe_kernel",256,0,0,80,0,48,"FETCH_SIZE",49195.000000,7890333138916,7890333156636
1395,27257,"Agent 1",4,1,1,65536,9122,"fused_moe_kernel",256,0,0,80,0,48,"FETCH_SIZE",24707.000000,7890333255020,7890333265444
1395,27272,"Agent 1",4,1,1,49152,9121,"fused_moe_kernel",256,0,0,80,0,48,"FETCH_SIZE",49194.250000,7890333856027,7890333873587
1395,27274,"Agent 1",4,1,1,65536,9122,"fused_moe_kernel",256,0,0,80,0,48,"FETCH_SIZE",24707.000000,7890333970727,7890333980710
1395,27289,"Agent 1",4,1,1,49152,9121,"fused_moe_kernel",256,0,0,80,0,48,"WRITE_SIZE",24.000000,7890334398821,7890334416301
1395,27291,"Agent 1",4,1,1,65536,9122,"fused_moe_kernel",256,0,0,80,0,48,"WRITE_SIZE",32.000000,7890334502056,7890334512078
1395,27306,"Agent 1",4,1,1,49152,9121,"fused_moe_kernel",256,0,0,80,0,48,"WRITE_SIZE",24.000000,7890334910143,7890334927783
1395,27308,"Agent 1",4,1,1,65536,9122,"fused_moe_kernel",256,0,0,80,0,48,"WRITE_SIZE",32.000000,7890335012656,7890335022800
1395,27323,"Agent 1",4,1,1,49152,9121,"fused_moe_kernel",256,0,0,80,0,48,"WRITE_SIZE",24.000000,7890335420784,7890335439266
1395,27325,"Agent 1",4,1,1,65536,9122,"fused_moe_kernel",256,0,0,80,0,48,"WRITE_SIZE",32.000000,7890335527066,7890335537049
1395,27340,"Agent 1",4,1,1,49152,9121,"fused_moe_kernel",256,0,0,80,0,48,"WRITE_SIZE",24.000000,7890335921723,7890335939885
1395,27342,"Agent 1",4,1,1,65536,9122,"fused_moe_kernel",256,0,0,80,0,48,"WRITE_SIZE",32.000000,7890336031453,7890336041355
1395,27357,"Agent 1",4,1,1,49152,9121,"fused_moe_kernel",256,0,0,80,0,48,"SQ_INSTS_VALU_MFMA_MOPS_BF16",1572864.000000,7890336462954,7890336480554
1395,27359,"Agent 1",4,1,1,65536,9122,"fused_moe_kernel",256,0,0,80,0,48,"SQ_INSTS_VALU_MFMA_MOPS_BF16",786432.000000,7890336552518,7890336562701
1395,27374,"Agent 1",4,1,1,49152,9121,"fused_moe_kernel",256,0,0,80,0,48,"SQ_INSTS_VALU_MFMA_MOPS_BF16",1572864.000000,7890336940159,7890336958240
1395,27376,"Agent 1",4,1,1,65536,9122,"fused_moe_kernel",256,0,0,80,0,48,"SQ_INSTS_VALU_MFMA_MOPS_BF16",786432.000000,7890337028961,7890337039144
1395,27391,"Agent 1",4,1,1,49152,9121,"fused_moe_kernel",256,0,0,80,0,48,"SQ_INSTS_VALU_MFMA_MOPS_BF16",1572864.000000,7890337423618,7890337441579
1395,27393,"Agent 1",4,1,1,65536,9122,"fused_moe_kernel",256,0,0,80,0,48,"SQ_INSTS_VALU_MFMA_MOPS_BF16",786432.000000,7890337505885,7890337516389
1396,27408,"Agent 1",4,1,1,49152,9121,"fused_moe_kernel",256,0,0,80,0,48,"SQ_INSTS_VALU_MFMA_MOPS_BF16",1572864.000000,7890337883143,7890337900823
1396,27410,"Agent 1",4,1,1,65536,9122,"fused_moe_kernel",256,0,0,80,0,48,"SQ_INSTS_VALU_MFMA_MOPS_BF16",786432.000000,7890337964648,7890337974751
1396,27425,"Agent 1",4,1,1,49152,9121,"fused_moe_kernel",256,0,0,80,0,48,"FETCH_SIZE",49195.000000,7890338370251,7890338388612
1396,27427,"Agent 1",4,1,1,65536,9122,"fused_moe_kernel",256,0,0,80,0,48,"FETCH_SIZE",24707.062500,7890338488760,7890338499144
1396,27442,"Agent 1",4,1,1,49152,9121,"fused_moe_kernel",256,0,0,80,0,48,"FETCH_SIZE",49195.750000,7890338901819,7890338920181
1396,27444,"Agent 1",4,1,1,65536,9122,"fused_moe_kernel",256,0,0,80,0,48,"FETCH_SIZE",24707.000000,7890339017723,7890339027425
1396,27459,"Agent 1",4,1,1,49152,9121,"fused_moe_kernel",256,0,0,80,0,48,"FETCH_SIZE",49194.750000,7890339442248,7890339459848
1396,27461,"Agent 1",4,1,1,65536,9122,"fused_moe_kernel",256,0,0,80,0,48,"FETCH_SIZE",24707.000000,7890339553100,7890339563043
1396,27476,"Agent 1",4,1,1,49152,9121,"fused_moe_kernel",256,0,0,80,0,48,"FETCH_SIZE",49196.250000,7890339965117,7890339983238
1396,27478,"Agent 1",4,1,1,65536,9122,"fused_moe_kernel",256,0,0,80,0,48,"FETCH_SIZE",24707.000000,7890340078896,7890340089319
1396,27493,"Agent 1",4,1,1,49152,9121,"fused_moe_kernel",256,0,0,80,0,48,"WRITE_SIZE",24.000000,7890340503020,7890340521101
1396,27495,"Agent 1",4,1,1,65536,9122,"fused_moe_kernel",256,0,0,80,0,48,"WRITE_SIZE",32.000000,7890340601684,7890340611547
1396,27510,"Agent 1",4,1,1,49152,9121,"fused_moe_kernel",256,0,0,80,0,48,"WRITE_SIZE",24.000000,7890341012258,7890341030700
1396,27512,"Agent 1",4,1,1,65536,9122,"fused_moe_kernel",256,0,0,80,0,48,"WRITE_SIZE",32.000000,7890341115573,7890341125676
1396,27527,"Agent 1",4,1,1,49152,9121,"fused_moe_kernel",256,0,0,80,0,48,"WRITE_SIZE",24.000000,7890341539497,7890341557017
1396,27529,"Agent 1",4,1,1,65536,9122,"fused_moe_kernel",256,0,0,80,0,48,"WRITE_SIZE",32.000000,7890341635154,7890341645698
1396,27544,"Agent 1",4,1,1,49152,9121,"fused_moe_kernel",256,0,0,80,0,48,"WRITE_SIZE",24.000000,7890342032738,7890342050298
1396,27546,"Agent 1",4,1,1,65536,9122,"fused_moe_kernel",256,0,0,80,0,48,"WRITE_SIZE",32.000000,7890342131563,7890342141746
1396,27561,"Agent 1",4,1,1,49152,9121,"fused_moe_kernel",256,0,0,80,0,48,"SQ_INSTS_VALU_MFMA_MOPS_BF16",1572864.000000,7890342539611,7890342558093
1396,27563,"Agent 1",4,1,1,65536,9122,"fused_moe_kernel",256,0,0,80,0,48,"SQ_INSTS_VALU_MFMA_MOPS_BF16",786432.000000,7890342625606,7890342635950
1396,27578,"Agent 1",4,1,1,49152,9121,"fused_moe_kernel",256,0,0,80,0,48,"SQ_INSTS_VALU_MFMA_MOPS_BF16",1572864.000000,7890343000900,7890343018660
1396,27580,"Agent 1",4,1,1,65536,9122,"fused_moe_kernel",256,0,0,80,0,48,"SQ_INSTS_VALU_MFMA_MOPS_BF16",786432.000000,7890343089421,7890343098922
1396,27595,"Agent 1",4,1,1,49152,9121,"fused_moe_kernel",256,0,0,80,0,48,"SQ_INSTS_VALU_MFMA_MOPS_BF16",1572864.000000,7890343475859,7890343494582
1396,27597,"Agent 1",4,1,1,65536,9122,"fused_moe_kernel",256,0,0,80,0,48,"SQ_INSTS_VALU_MFMA_MOPS_BF16",786432.000000,7890343560813,7890343570956
1396,27612,"Agent 1",4,1,1,49152,9121,"fused_moe_kernel",256,0,0,80,0,48,"SQ_INSTS_VALU_MFMA_MOPS_BF16",1572864.000000,7890343943483,7890343962005
1396,27614,"Agent 1",4,1,1,65536,9122,"fused_moe_kernel",256,0,0,80,0,48,"SQ_INSTS_VALU_MFMA_MOPS_BF16",786432.000000,7890344032285,7890344042307
1396,27629,"Agent 1",4,1,1,49152,9121,"fused_moe_kernel",256,0,0,80,0,48,"FETCH_SIZE",49196.250000,7890344417962,7890344436403
1396,27631,"Agent 1",4,1,1,65536,9122,"fused_moe_kernel",256,0,0,80,0,48,"FETCH_SIZE",24707.000000,7890344532261,7890344542886
1396,27646,"Agent 1",4,1,1,49152,9121,"fused_moe_kernel",256,0,0,80,0,48,"FETCH_SIZE",49196.250000,7890344938906,7890344956145
1396,27648,"Agent 1",4,1,1,65536,9122,"fused_moe_kernel",256,0,0,80,0,48,"FETCH_SIZE",24707.000000,7890345050119,7890345060182
1397,27663,"Agent 1",4,1,1,49152,9121,"fused_moe_kernel",256,0,0,80,0,48,"FETCH_SIZE",49194.500000,7890345477811,7890345495371
1397,27665,"Agent 1",4,1,1,65536,9122,"fused_moe_kernel",256,0,0,80,0,48,"FETCH_SIZE",24707.000000,7890345592793,7890345602615
1397,27680,"Agent 1",4,1,1,49152,9121,"fused_moe_kernel",256,0,0,80,0,48,"FETCH_SIZE",49197.500000,7890345977748,7890345996390
1397,27682,"Agent 1",4,1,1,65536,9122,"fused_moe_kernel",256,0,0,80,0,48,"FETCH_SIZE",24707.000000,7890346091447,7890346100828
1397,27697,"Agent 1",4,1,1,49152,9121,"fused_moe_kernel",256,0,0,80,0,48,"WRITE_SIZE",24.000000,7890346508314,7890346527117
1397,27699,"Agent 1",4,1,1,65536,9122,"fused_moe_kernel",256,0,0,80,0,48,"WRITE_SIZE",32.000000,7890346611068,7890346621251
1397,27714,"Agent 1",4,1,1,49152,9121,"fused_moe_kernel",256,0,0,80,0,48,"WRITE_SIZE",24.000000,7890347009975,7890347027415
1397,27716,"Agent 1",4,1,1,65536,9122,"fused_moe_kernel",256,0,0,80,0,48,"WRITE_SIZE",32.000000,7890347114172,7890347124596
1397,27731,"Agent 1",4,1,1,49152,9121,"fused_moe_kernel",256,0,0,80,0,48,"WRITE_SIZE",24.000000,7890347523944,7890347541544
1397,27733,"Agent 1",4,1,1,65536,9122,"fused_moe_kernel",256,0,0,80,0,48,"WRITE_SIZE",32.000000,7890347629464,7890347639527
1397,27748,"Agent 1",4,1,1,49152,9121,"fused_moe_kernel",256,0,0,80,0,48,"WRITE_SIZE",24.000000,7890348023840,7890348042122
1397,27750,"Agent 1",4,1,1,65536,9122,"fused_moe_kernel",256,0,0,80,0,48,"WRITE_SIZE",32.000000,7890348126754,7890348136136
1397,27765,"Agent 1",4,1,1,49152,9121,"fused_moe_kernel",256,0,0,80,0,48,"SQ_INSTS_VALU_MFMA_MOPS_BF16",1572864.000000,7890348523095,7890348541738
1397,27767,"Agent 1",4,1,1,65536,9122,"fused_moe_kernel",256,0,0,80,0,48,"SQ_INSTS_VALU_MFMA_MOPS_BF16",786432.000000,7890348611697,7890348621840
1397,27782,"Agent 1",4,1,1,49152,9121,"fused_moe_kernel",256,0,0,80,0,48,"SQ_INSTS_VALU_MFMA_MOPS_BF16",1572864.000000,7890348989757,7890349007677
1397,27784,"Agent 1",4,1,1,65536,9122,"fused_moe_kernel",256,0,0,80,0,48,"SQ_INSTS_VALU_MFMA_MOPS_BF16",786432.000000,7890349077035,7890349086938
1397,27799,"Agent 1",4,1,1,49152,9121,"fused_moe_kernel",256,0,0,80,0,48,"SQ_INSTS_VALU_MFMA_MOPS_BF16",1572864.000000,7890349465198,7890349483840
1397,27801,"Agent 1",4,1,1,65536,9122,"fused_moe_kernel",256,0,0,80,0,48,"SQ_INSTS_VALU_MFMA_MOPS_BF16",786432.000000,7890349545420,7890349555443
1397,27816,"Agent 1",4,1,1,49152,9121,"fused_moe_kernel",256,0,0,80,0,48,"SQ_INSTS_VALU_MFMA_MOPS_BF16",1572864.000000,7890349918348,7890349936710
1397,27818,"Agent 1",4,1,1,65536,9122,"fused_moe_kernel",256,0,0,80,0,48,"SQ_INSTS_VALU_MFMA_MOPS_BF16",786432.000000,7890350002259,7890350012161
1397,27833,"Agent 1",4,1,1,49152,9121,"fused_moe_kernel",256,0,0,80,0,48,"FETCH_SIZE",49193.000000,7890350388016,7890350405455
1397,27835,"Agent 1",4,1,1,65536,9122,"fused_moe_kernel",256,0,0,80,0,48,"FETCH_SIZE",24707.000000,7890350498948,7890350509171
1397,27850,"Agent 1",4,1,1,49152,9121,"fused_moe_kernel",256,0,0,80,0,48,"FETCH_SIZE",49195.000000,7890350911486,7890350930289
1397,27852,"Agent 1",4,1,1,65536,9122,"fused_moe_kernel",256,0,0,80,0,48,"FETCH_SIZE",24707.000000,7890351019933,7890351030356
1397,27867,"Agent 1",4,1,1,49152,9121,"fused_moe_kernel",256,0,0,80,0,48,"FETCH_SIZE",49194.250000,7890351438685,7890351457127
1397,27869,"Agent 1",4,1,1,65536,9122,"fused_moe_kernel",256,0,0,80,0,48,"FETCH_SIZE",24707.000000,7890351549336,7890351559359
1397,27884,"Agent 1",4,1,1,49152,9121,"fused_moe_kernel",256,0,0,80,0,48,"FETCH_SIZE",49194.750000,7890351940546,7890351958948
1397,27886,"Agent 1",4,1,1,65536,9122,"fused_moe_kernel",256,0,0,80,0,48,"FETCH_SIZE",24707.000000,7890352064508,7890352074691
1397,27901,"Agent 1",4,1,1,49152,9121,"fused_moe_kernel",256,0,0,80,0,48,"WRITE_SIZE",24.000000,7890352463254,7890352481897
1397,27903,"Agent 1",4,1,1,65536,9122,"fused_moe_kernel",256,0,0,80,0,48,"WRITE_SIZE",32.000000,7890352565527,7890352575309
1398,27918,"Agent 1",4,1,1,49152,9121,"fused_moe_kernel",256,0,0,80,0,48,"WRITE_SIZE",24.000000,7890352956055,7890352973895
1398,27920,"Agent 1",4,1,1,65536,9122,"fused_moe_kernel",256,0,0,80,0,48,"WRITE_SIZE",32.000000,7890353059650,7890353069553
1398,27935,"Agent 1",4,1,1,49152,9121,"fused_moe_kernel",256,0,0,80,0,48,"WRITE_SIZE",24.000000,7890353467418,7890353485098
1398,27937,"Agent 1",4,1,1,65536,9122,"fused_moe_kernel",256,0,0,80,0,48,"WRITE_SIZE",32.000000,7890353563676,7890353573619
1398,27952,"Agent 1",4,1,1,49152,9121,"fused_moe_kernel",256,0,0,80,0,48,"WRITE_SIZE",24.000000,7890353940012,7890353957933
1398,27954,"Agent 1",4,1,1,65536,9122,"fused_moe_kernel",256,0,0,80,0,48,"WRITE_SIZE",32.000000,7890354044249,7890354053470
1429,27999,"Agent 1",4,1,1,49152,9121,"fused_moe_kernel",256,0,0,80,0,48,"SQ_INSTS_VALU_MFMA_MOPS_BF16",1572864.000000,7890355349559,7890355368082
1429,28001,"Agent 1",4,1,1,65536,9122,"fused_moe_kernel",256,0,0,80,0,48,"SQ_INSTS_VALU_MFMA_MOPS_BF16",786432.000000,7890355455881,7890355465824
1429,28016,"Agent 1",4,1,1,49152,9121,"fused_moe_kernel",256,0,0,80,0,48,"SQ_INSTS_VALU_MFMA_MOPS_BF16",1572864.000000,7890356091927,7890356110450
1429,28018,"Agent 1",4,1,1,65536,9122,"fused_moe_kernel",256,0,0,80,0,48,"SQ_INSTS_VALU_MFMA_MOPS_BF16",786432.000000,7890356192837,7890356202379
1429,28033,"Agent 1",4,1,1,49152,9121,"fused_moe_kernel",256,0,0,80,0,48,"SQ_INSTS_VALU_MFMA_MOPS_BF16",1572864.000000,7890357014064,7890357032987
1429,28035,"Agent 1",4,1,1,65536,9122,"fused_moe_kernel",256,0,0,80,0,48,"SQ_INSTS_VALU_MFMA_MOPS_BF16",786432.000000,7890361101558,7890361111621
1429,28050,"Agent 1",4,1,1,49152,9121,"fused_moe_kernel",256,0,0,80,0,48,"SQ_INSTS_VALU_MFMA_MOPS_BF16",1572864.000000,7890371127755,7890371145756
1429,28052,"Agent 1",4,1,1,65536,9122,"fused_moe_kernel",256,0,0,80,0,48,"SQ_INSTS_VALU_MFMA_MOPS_BF16",786432.000000,7890371880867,7890371890930
1429,28067,"Agent 1",4,1,1,49152,9121,"fused_moe_kernel",256,0,0,80,0,48,"FETCH_SIZE",49193.500000,7890379717446,7890379734965
1429,28069,"Agent 1",4,1,1,65536,9122,"fused_moe_kernel",256,0,0,80,0,48,"FETCH_SIZE",24707.000000,7890380474527,7890380484429
1429,28084,"Agent 1",4,1,1,49152,9121,"fused_moe_kernel",256,0,0,80,0,48,"FETCH_SIZE",49196.750000,7890391440380,7890391457900
1429,28086,"Agent 1",4,1,1,65536,9122,"fused_moe_kernel",256,0,0,80,0,48,"FETCH_SIZE",24707.000000,7890393076060,7890393086162
1429,28101,"Agent 1",4,1,1,49152,9121,"fused_moe_kernel",256,0,0,80,0,48,"FETCH_SIZE",49194.750000,7890403160910,7890403179753
1429,28103,"Agent 1",4,1,1,65536,9122,"fused_moe_kernel",256,0,0,80,0,48,"FETCH_SIZE",24707.000000,7890404091265,7890404101729
1429,28118,"Agent 1",4,1,1,49152,9121,"fused_moe_kernel",256,0,0,80,0,48,"FETCH_SIZE",49195.250000,7890404655468,7890404673709
1429,28120,"Agent 1",4,1,1,65536,9122,"fused_moe_kernel",256,0,0,80,0,48,"FETCH_SIZE",24707.000000,7890404793382,7890404803725
1429,28135,"Agent 1",4,1,1,49152,9121,"fused_moe_kernel",256,0,0,80,0,48,"WRITE_SIZE",24.000000,7890405215862,7890405233943
1429,28137,"Agent 1",4,1,1,65536,9122,"fused_moe_kernel",256,0,0,80,0,48,"WRITE_SIZE",32.000000,7890405329922,7890405339864
1429,28152,"Agent 1",4,1,1,49152,9121,"fused_moe_kernel",256,0,0,80,0,48,"WRITE_SIZE",24.000000,7890405722173,7890405740575
1429,28154,"Agent 1",4,1,1,65536,9122,"fused_moe_kernel",256,0,0,80,0,48,"WRITE_SIZE",32.000000,7890405824687,7890405834589
1429,28169,"Agent 1",4,1,1,49152,9121,"fused_moe_kernel",256,0,0,80,0,48,"WRITE_SIZE",24.000000,7890406244521,7890406262161
1429,28171,"Agent 1",4,1,1,65536,9122,"fused_moe_kernel",256,0,0,80,0,48,"WRITE_SIZE",32.000000,7890406347074,7890406357057
1429,28186,"Agent 1",4,1,1,49152,9121,"fused_moe_kernel",256,0,0,80,0,48,"WRITE_SIZE",24.000000,7890406760454,7890406778615
1429,28188,"Agent 1",4,1,1,65536,9122,"fused_moe_kernel",256,0,0,80,0,48,"WRITE_SIZE",32.000000,7890406861604,7890406871547
1429,28203,"Agent 1",4,1,1,49152,9121,"fused_moe_kernel",256,0,0,80,0,48,"SQ_INSTS_VALU_MFMA_MOPS_BF16",1572864.000000,7890407273942,7890407292263
1429,28205,"Agent 1",4,1,1,65536,9122,"fused_moe_kernel",256,0,0,80,0,48,"SQ_INSTS_VALU_MFMA_MOPS_BF16",786432.000000,7890407362383,7890407372406
1429,28220,"Agent 1",4,1,1,49152,9121,"fused_moe_kernel",256,0,0,80,0,48,"SQ_INSTS_VALU_MFMA_MOPS_BF16",1572864.000000,7890407743289,7890407761210
1429,28222,"Agent 1",4,1,1,65536,9122,"fused_moe_kernel",256,0,0,80,0,48,"SQ_INSTS_VALU_MFMA_MOPS_BF16",786432.000000,7890407829766,7890407839427
1429,28237,"Agent 1",4,1,1,49152,9121,"fused_moe_kernel",256,0,0,80,0,48,"SQ_INSTS_VALU_MFMA_MOPS_BF16",1572864.000000,7890408217487,7890408235288
1429,28239,"Agent 1",4,1,1,65536,9122,"fused_moe_kernel",256,0,0,80,0,48,"SQ_INSTS_VALU_MFMA_MOPS_BF16",786432.000000,7890408312744,7890408322766
1430,28254,"Agent 1",4,1,1,49152,9121,"fused_moe_kernel",256,0,0,80,0,48,"SQ_INSTS_VALU_MFMA_MOPS_BF16",1572864.000000,7890408681783,7890408700064
1430,28256,"Agent 1",4,1,1,65536,9122,"fused_moe_kernel",256,0,0,80,0,48,"SQ_INSTS_VALU_MFMA_MOPS_BF16",786432.000000,7890408769302,7890408778763
1430,28271,"Agent 1",4,1,1,49152,9121,"fused_moe_kernel",256,0,0,80,0,48,"FETCH_SIZE",49197.500000,7890409158908,7890409177109
1430,28273,"Agent 1",4,1,1,65536,9122,"fused_moe_kernel",256,0,0,80,0,48,"FETCH_SIZE",24707.000000,7890409276014,7890409285916
1430,28288,"Agent 1",4,1,1,49152,9121,"fused_moe_kernel",256,0,0,80,0,48,"FETCH_SIZE",49194.500000,7890409683019,7890409701501
1430,28290,"Agent 1",4,1,1,65536,9122,"fused_moe_kernel",256,0,0,80,0,48,"FETCH_SIZE",24707.000000,7890409803012,7890409813396
1430,28305,"Agent 1",4,1,1,49152,9121,"fused_moe_kernel",256,0,0,80,0,48,"FETCH_SIZE",49194.750000,7890410208053,7890410225693
1430,28307,"Agent 1",4,1,1,65536,9122,"fused_moe_kernel",256,0,0,80,0,48,"FETCH_SIZE",24707.000000,7890410331654,7890410341076
1430,28322,"Agent 1",4,1,1,49152,9121,"fused_moe_kernel",256,0,0,80,0,48,"FETCH_SIZE",49196.750000,7890410732566,7890410750527
1430,28324,"Agent 1",4,1,1,65536,9122,"fused_moe_kernel",256,0,0,80,0,48,"FETCH_SIZE",24707.000000,7890410846224,7890410856688
1430,28339,"Agent 1",4,1,1,49152,9121,"fused_moe_kernel",256,0,0,80,0,48,"WRITE_SIZE",24.000000,7890411274237,7890411293281
1430,28341,"Agent 1",4,1,1,65536,9122,"fused_moe_kernel",256,0,0,80,0,48,"WRITE_SIZE",32.000000,7890411379677,7890411388978
1430,28356,"Agent 1",4,1,1,49152,9121,"fused_moe_kernel",256,0,0,80,0,48,"WRITE_SIZE",24.000000,7890411790211,7890411807650
1430,28358,"Agent 1",4,1,1,65536,9122,"fused_moe_kernel",256,0,0,80,0,48,"WRITE_SIZE",32.000000,7890411894287,7890411903668
1430,28373,"Agent 1",4,1,1,49152,9121,"fused_moe_kernel",256,0,0,80,0,48,"WRITE_SIZE",24.000000,7890412298767,7890412317249
1430,28375,"Agent 1",4,1,1,65536,9122,"fused_moe_kernel",256,0,0,80,0,48,"WRITE_SIZE",32.000000,7890412401360,7890412411182
1430,28390,"Agent 1",4,1,1,49152,9121,"fused_moe_kernel",256,0,0,80,0,48,"WRITE_SIZE",24.000000,7890412807043,7890412824562
1430,28392,"Agent 1",4,1,1,65536,9122,"fused_moe_kernel",256,0,0,80,0,48,"WRITE_SIZE",32.000000,7890412906268,7890412916572
1430,28407,"Agent 1",4,1,1,49152,9121,"fused_moe_kernel",256,0,0,80,0,48,"SQ_INSTS_VALU_MFMA_MOPS_BF16",1572864.000000,7890413323256,7890413341377
1430,28409,"Agent 1",4,1,1,65536,9122,"fused_moe_kernel",256,0,0,80,0,48,"SQ_INSTS_VALU_MFMA_MOPS_BF16",786432.000000,7890413413060,7890413422442
1430,28424,"Agent 1",4,1,1,49152,9121,"fused_moe_kernel",256,0,0,80,0,48,"SQ_INSTS_VALU_MFMA_MOPS_BF16",1572864.000000,7890413793646,7890413811486
1430,28426,"Agent 1",4,1,1,65536,9122,"fused_moe_kernel",256,0,0,80,0,48,"SQ_INSTS_VALU_MFMA_MOPS_BF16",786432.000000,7890413877677,7890413887499
1430,28441,"Agent 1",4,1,1,49152,9121,"fused_moe_kernel",256,0,0,80,0,48,"SQ_INSTS_VALU_MFMA_MOPS_BF16",1572864.000000,7890414257621,7890414276383
1430,28443,"Agent 1",4,1,1,65536,9122,"fused_moe_kernel",256,0,0,80,0,48,"SQ_INSTS_VALU_MFMA_MOPS_BF16",786432.000000,7890414350712,7890414360014
1430,28458,"Agent 1",4,1,1,49152,9121,"fused_moe_kernel",256,0,0,80,0,48,"SQ_INSTS_VALU_MFMA_MOPS_BF16",1572864.000000,7890414723320,7890414740960
1430,28460,"Agent 1",4,1,1,65536,9122,"fused_moe_kernel",256,0,0,80,0,48,"SQ_INSTS_VALU_MFMA_MOPS_BF16",786432.000000,7890414804865,7890414814768
1430,28475,"Agent 1",4,1,1,49152,9121,"fused_moe_kernel",256,0,0,80,0,48,"FETCH_SIZE",49193.250000,7890415191584,7890415210026
1430,28477,"Agent 1",4,1,1,65536,9122,"fused_moe_kernel",256,0,0,80,0,48,"FETCH_SIZE",24707.000000,7890415302196,7890415311938
1430,28492,"Agent 1",4,1,1,49152,9121,"fused_moe_kernel",256,0,0,80,0,48,"FETCH_SIZE",49198.000000,7890415694809,7890415712128
1430,28494,"Agent 1",4,1,1,65536,9122,"fused_moe_kernel",256,0,0,80,0,48,"FETCH_SIZE",24707.000000,7890415806262,7890415816164
1431,28509,"Agent 1",4,1,1,49152,9121,"fused_moe_kernel",256,0,0,80,0,48,"FETCH_SIZE",49194.750000,7890416213428,7890416231709
1431,28511,"Agent 1",4,1,1,65536,9122,"fused_moe_kernel",256,0,0,80,0,48,"FETCH_SIZE",24707.000000,7890416331055,7890416341519
1431,28526,"Agent 1",4,1,1,49152,9121,"fused_moe_kernel",256,0,0,80,0,48,"FETCH_SIZE",49198.000000,7890416751692,7890416770013
1431,28528,"Agent 1",4,1,1,65536,9122,"fused_moe_kernel",256,0,0,80,0,48,"FETCH_SIZE",24707.000000,7890416866032,7890416876135
1431,28543,"Agent 1",4,1,1,49152,9121,"fused_moe_kernel",256,0,0,80,0,48,"WRITE_SIZE",24.000000,7890417264317,7890417281797
1431,28545,"Agent 1",4,1,1,65536,9122,"fused_moe_kernel",256,0,0,80,0,48,"WRITE_SIZE",32.000000,7890417383667,7890417393449
1431,28560,"Agent 1",4,1,1,49152,9121,"fused_moe_kernel",256,0,0,80,0,48,"WRITE_SIZE",24.000000,7890417791074,7890417809716
1431,28562,"Agent 1",4,1,1,65536,9122,"fused_moe_kernel",256,0,0,80,0,48,"WRITE_SIZE",32.000000,7890417898077,7890417908300
1431,28577,"Agent 1",4,1,1,49152,9121,"fused_moe_kernel",256,0,0,80,0,48,"WRITE_SIZE",24.000000,7890418295661,7890418313261
1431,28579,"Agent 1",4,1,1,65536,9122,"fused_moe_kernel",256,0,0,80,0,48,"WRITE_SIZE",32.000000,7890418399256,7890418409279
1431,28594,"Agent 1",4,1,1,49152,9121,"fused_moe_kernel",256,0,0,80,0,48,"WRITE_SIZE",24.000000,7890418797843,7890418815322
1431,28596,"Agent 1",4,1,1,65536,9122,"fused_moe_kernel",256,0,0,80,0,48,"WRITE_SIZE",32.000000,7890418899514,7890418909577
1431,28611,"Agent 1",4,1,1,49152,9121,"fused_moe_kernel",256,0,0,80,0,48,"SQ_INSTS_VALU_MFMA_MOPS_BF16",1572864.000000,7890419301748,7890419319188
1431,28613,"Agent 1",4,1,1,65536,9122,"fused_moe_kernel",256,0,0,80,0,48,"SQ_INSTS_VALU_MFMA_MOPS_BF16",786432.000000,7890419383374,7890419393357
1431,28628,"Agent 1",4,1,1,49152,9121,"fused_moe_kernel",256,0,0,80,0,48,"SQ_INSTS_VALU_MFMA_MOPS_BF16",1572864.000000,7890419771697,7890419789898
1431,28630,"Agent 1",4,1,1,65536,9122,"fused_moe_kernel",256,0,0,80,0,48,"SQ_INSTS_VALU_MFMA_MOPS_BF16",786432.000000,7890419856770,7890419866713
1431,28645,"Agent 1",4,1,1,49152,9121,"fused_moe_kernel",256,0,0,80,0,48,"SQ_INSTS_VALU_MFMA_MOPS_BF16",1572864.000000,7890420240844,7890420258484
1431,28647,"Agent 1",4,1,1,65536,9122,"fused_moe_kernel",256,0,0,80,0,48,"SQ_INSTS_VALU_MFMA_MOPS_BF16",786432.000000,7890420326358,7890420336541
1431,28662,"Agent 1",4,1,1,49152,9121,"fused_moe_kernel",256,0,0,80,0,48,"SQ_INSTS_VALU_MFMA_MOPS_BF16",1572864.000000,7890420693553,7890420711273
1431,28664,"Agent 1",4,1,1,65536,9122,"fused_moe_kernel",256,0,0,80,0,48,"SQ_INSTS_VALU_MFMA_MOPS_BF16",786432.000000,7890420777704,7890420787687
1431,28679,"Agent 1",4,1,1,49152,9121,"fused_moe_kernel",256,0,0,80,0,48,"FETCH_SIZE",49193.500000,7890421149710,7890421167871
1431,28681,"Agent 1",4,1,1,65536,9122,"fused_moe_kernel",256,0,0,80,0,48,"FETCH_SIZE",24707.000000,7890421264491,7890421274554
1431,28696,"Agent 1",4,1,1,49152,9121,"fused_moe_kernel",256,0,0,80,0,48,"FETCH_SIZE",49193.500000,7890421663959,7890421681760
1431,28698,"Agent 1",4,1,1,65536,9122,"fused_moe_kernel",256,0,0,80,0,48,"FETCH_SIZE",24707.000000,7890421772767,7890421782509
1431,28713,"Agent 1",4,1,1,49152,9121,"fused_moe_kernel",256,0,0,80,0,48,"FETCH_SIZE",49196.500000,7890422177968,7890422195969
1431,28715,"Agent 1",4,1,1,65536,9122,"fused_moe_kernel",256,0,0,80,0,48,"FETCH_SIZE",24707.000000,7890422288139,7890422298041
1431,28730,"Agent 1",4,1,1,49152,9121,"fused_moe_kernel",256,0,0,80,0,48,"FETCH_SIZE",49193.500000,7890422683357,7890422700957
1431,28732,"Agent 1",4,1,1,65536,9122,"fused_moe_kernel",256,0,0,80,0,48,"FETCH_SIZE",24707.000000,7890422800103,7890422810326
1431,28747,"Agent 1",4,1,1,49152,9121,"fused_moe_kernel",256,0,0,80,0,48,"WRITE_SIZE",24.000000,7890423198569,7890423216209
1431,28749,"Agent 1",4,1,1,65536,9122,"fused_moe_kernel",256,0,0,80,0,48,"WRITE_SIZE",32.000000,7890423301362,7890423310623
1432,28764,"Agent 1",4,1,1,49152,9121,"fused_moe_kernel",256,0,0,80,0,48,"WRITE_SIZE",24.000000,7890423680785,7890423698385
1432,28766,"Agent 1",4,1,1,65536,9122,"fused_moe_kernel",256,0,0,80,0,48,"WRITE_SIZE",32.000000,7890423779049,7890423788871
1432,28781,"Agent 1",4,1,1,49152,9121,"fused_moe_kernel",256,0,0,80,0,48,"WRITE_SIZE",24.000000,7890424156226,7890424174588
1432,28783,"Agent 1",4,1,1,65536,9122,"fused_moe_kernel",256,0,0,80,0,48,"WRITE_SIZE",32.000000,7890424258338,7890424267680
1432,28798,"Agent 1",4,1,1,49152,9121,"fused_moe_kernel",256,0,0,80,0,48,"WRITE_SIZE",24.000000,7890424645138,7890424663018
1432,28800,"Agent 1",4,1,1,65536,9122,"fused_moe_kernel",256,0,0,80,0,48,"WRITE_SIZE",32.000000,7890424747210,7890424756992
1463,28845,"Agent 1",4,1,1,49152,9121,"fused_moe_kernel",256,0,0,80,0,48,"SQ_INSTS_VALU_MFMA_MOPS_BF16",1572864.000000,7890426039428,7890426057870
1463,28847,"Agent 1",4,1,1,65536,9122,"fused_moe_kernel",256,0,0,80,0,48,"SQ_INSTS_VALU_MFMA_MOPS_BF16",786432.000000,7890426188407,7890426198710
1463,28862,"Agent 1",4,1,1,49152,9121,"fused_moe_kernel",256,0,0,80,0,48,"SQ_INSTS_VALU_MFMA_MOPS_BF16",1572864.000000,7890426778348,7890426796309
1463,28864,"Agent 1",4,1,1,65536,9122,"fused_moe_kernel",256,0,0,80,0,48,"SQ_INSTS_VALU_MFMA_MOPS_BF16",786432.000000,7890426863863,7890426874366
1463,28879,"Agent 1",4,1,1,49152,9121,"fused_moe_kernel",256,0,0,80,0,48,"SQ_INSTS_VALU_MFMA_MOPS_BF16",1572864.000000,7890427918100,7890427936381
1463,28881,"Agent 1",4,1,1,65536,9122,"fused_moe_kernel",256,0,0,80,0,48,"SQ_INSTS_VALU_MFMA_MOPS_BF16",786432.000000,7890431015903,7890431025966
1463,28896,"Agent 1",4,1,1,49152,9121,"fused_moe_kernel",256,0,0,80,0,48,"SQ_INSTS_VALU_MFMA_MOPS_BF16",1572864.000000,7890442731341,7890442749342
1463,28898,"Agent 1",4,1,1,65536,9122,"fused_moe_kernel",256,0,0,80,0,48,"SQ_INSTS_VALU_MFMA_MOPS_BF16",786432.000000,7890444487374,7890444497236
1463,28913,"Agent 1",4,1,1,49152,9121,"fused_moe_kernel",256,0,0,80,0,48,"FETCH_SIZE",49194.750000,7890456219449,7890456237570
1463,28915,"Agent 1",4,1,1,65536,9122,"fused_moe_kernel",256,0,0,80,0,48,"FETCH_SIZE",24707.000000,7890457091312,7890457101655
1463,28930,"Agent 1",4,1,1,49152,9121,"fused_moe_kernel",256,0,0,80,0,48,"FETCH_SIZE",49195.500000,7890466078065,7890466096387
1463,28932,"Agent 1",4,1,1,65536,9122,"fused_moe_kernel",256,0,0,80,0,48,"FETCH_SIZE",24707.000000,7890466421847,7890466432230
1463,28947,"Agent 1",4,1,1,49152,9121,"fused_moe_kernel",256,0,0,80,0,48,"FETCH_SIZE",49197.000000,7890474931355,7890474949476
1463,28949,"Agent 1",4,1,1,65536,9122,"fused_moe_kernel",256,0,0,80,0,48,"FETCH_SIZE",24707.000000,7890475050305,7890475060088
1463,28964,"Agent 1",4,1,1,49152,9121,"fused_moe_kernel",256,0,0,80,0,48,"FETCH_SIZE",49196.250000,7890475645900,7890475663660
1463,28966,"Agent 1",4,1,1,65536,9122,"fused_moe_kernel",256,0,0,80,0,48,"FETCH_SIZE",24707.000000,7890475761563,7890475771986
1463,28981,"Agent 1",4,1,1,49152,9121,"fused_moe_kernel",256,0,0,80,0,48,"WRITE_SIZE",24.000000,7890476176426,7890476195148
1463,28983,"Agent 1",4,1,1,65536,9122,"fused_moe_kernel",256,0,0,80,0,48,"WRITE_SIZE",32.000000,7890476276974,7890476286997
1463,28998,"Agent 1",4,1,1,49152,9121,"fused_moe_kernel",256,0,0,80,0,48,"WRITE_SIZE",24.000000,7890476703103,7890476720463
1463,29000,"Agent 1",4,1,1,65536,9122,"fused_moe_kernel",256,0,0,80,0,48,"WRITE_SIZE",32.000000,7890476809666,7890476818887
1463,29015,"Agent 1",4,1,1,49152,9121,"fused_moe_kernel",256,0,0,80,0,48,"WRITE_SIZE",24.000000,7890477241367,7890477259809
1463,29017,"Agent 1",4,1,1,65536,9122,"fused_moe_kernel",256,0,0,80,0,48,"WRITE_SIZE",32.000000,7890477345765,7890477356028
1463,29032,"Agent 1",4,1,1,49152,9121,"fused_moe_kernel",256,0,0,80,0,48,"WRITE_SIZE",24.000000,7890477760468,7890477778428
1463,29034,"Agent 1",4,1,1,65536,9122,"fused_moe_kernel",256,0,0,80,0,48,"WRITE_SIZE",32.000000,7890477868834,7890477878656
1463,29049,"Agent 1",4,1,1,49152,9121,"fused_moe_kernel",256,0,0,80,0,48,"SQ_INSTS_VALU_MFMA_MOPS_BF16",1572864.000000,7890478276000,7890478293961
1463,29051,"Agent 1",4,1,1,65536,9122,"fused_moe_kernel",256,0,0,80,0,48,"SQ_INSTS_VALU_MFMA_MOPS_BF16",786432.000000,7890478361153,7890478370976
1463,29066,"Agent 1",4,1,1,49152,9121,"fused_moe_kernel",256,0,0,80,0,48,"SQ_INSTS_VALU_MFMA_MOPS_BF16",1572864.000000,7890478752724,7890478771085
1463,29068,"Agent 1",4,1,1,65536,9122,"fused_moe_kernel",256,0,0,80,0,48,"SQ_INSTS_VALU_MFMA_MOPS_BF16",786432.000000,7890478834750,7890478844853
1463,29083,"Agent 1",4,1,1,49152,9121,"fused_moe_kernel",256,0,0,80,0,48,"SQ_INSTS_VALU_MFMA_MOPS_BF16",1572864.000000,7890479213090,7890479231292
1463,29085,"Agent 1",4,1,1,65536,9122,"fused_moe_kernel",256,0,0,80,0,48,"SQ_INSTS_VALU_MFMA_MOPS_BF16",786432.000000,7890479299768,7890479309389
1464,29100,"Agent 1",4,1,1,49152,9121,"fused_moe_kernel",256,0,0,80,0,48,"SQ_INSTS_VALU_MFMA_MOPS_BF16",1572864.000000,7890479693543,7890479711183
1464,29102,"Agent 1",4,1,1,65536,9122,"fused_moe_kernel",256,0,0,80,0,48,"SQ_INSTS_VALU_MFMA_MOPS_BF16",786432.000000,7890479775810,7890479785672
1464,29117,"Agent 1",4,1,1,49152,9121,"fused_moe_kernel",256,0,0,80,0,48,"FETCH_SIZE",49195.812500,7890480186524,7890480205087
1464,29119,"Agent 1",4,1,1,65536,9122,"fused_moe_kernel",256,0,0,80,0,48,"FETCH_SIZE",24707.500000,7890480299622,7890480309484
1464,29134,"Agent 1",4,1,1,49152,9121,"fused_moe_kernel",256,0,0,80,0,48,"FETCH_SIZE",49195.000000,7890480728276,7890480746558
1464,29136,"Agent 1",4,1,1,65536,9122,"fused_moe_kernel",256,0,0,80,0,48,"FETCH_SIZE",24707.000000,7890480844260,7890480854363
1464,29151,"Agent 1",4,1,1,49152,9121,"fused_moe_kernel",256,0,0,80,0,48,"FETCH_SIZE",49194.000000,7890481262771,7890481280372
1464,29153,"Agent 1",4,1,1,65536,9122,"fused_moe_kernel",256,0,0,80,0,48,"FETCH_SIZE",24707.000000,7890481377111,7890481387174
1464,29168,"Agent 1",4,1,1,49152,9121,"fused_moe_kernel",256,0,0,80,0,48,"FETCH_SIZE",49196.250000,7890481809454,7890481827375
1464,29170,"Agent 1",4,1,1,65536,9122,"fused_moe_kernel",256,0,0,80,0,48,"FETCH_SIZE",24707.000000,7890481924115,7890481933737
1464,29185,"Agent 1",4,1,1,49152,9121,"fused_moe_kernel",256,0,0,80,0,48,"WRITE_SIZE",24.000000,7890482329597,7890482347839
1464,29187,"Agent 1",4,1,1,65536,9122,"fused_moe_kernel",256,0,0,80,0,48,"WRITE_SIZE",32.000000,7890482437362,7890482447505
1464,29202,"Agent 1",4,1,1,49152,9121,"fused_moe_kernel",256,0,0,80,0,48,"WRITE_SIZE",24.000000,7890482855433,7890482873514
1464,29204,"Agent 1",4,1,1,65536,9122,"fused_moe_kernel",256,0,0,80,0,48,"WRITE_SIZE",32.000000,7890482958066,7890482968129
1464,29219,"Agent 1",4,1,1,49152,9121,"fused_moe_kernel",256,0,0,80,0,48,"WRITE_SIZE",24.000000,7890483361985,7890483380346
1464,29221,"Agent 1",4,1,1,65536,9122,"fused_moe_kernel",256,0,0,80,0,48,"WRITE_SIZE",32.000000,7890483463856,7890483473879
1464,29236,"Agent 1",4,1,1,49152,9121,"fused_moe_kernel",256,0,0,80,0,48,"WRITE_SIZE",24.000000,7890483883851,7890483902333
1464,29238,"Agent 1",4,1,1,65536,9122,"fused_moe_kernel",256,0,0,80,0,48,"WRITE_SIZE",32.000000,7890483982556,7890483992819
1464,29253,"Agent 1",4,1,1,49152,9121,"fused_moe_kernel",256,0,0,80,0,48,"SQ_INSTS_VALU_MFMA_MOPS_BF16",1572864.000000,7890484378215,7890484395815
1464,29255,"Agent 1",4,1,1,65536,9122,"fused_moe_kernel",256,0,0,80,0,48,"SQ_INSTS_VALU_MFMA_MOPS_BF16",786432.000000,7890484460843,7890484471347
1464,29270,"Agent 1",4,1,1,49152,9121,"fused_moe_kernel",256,0,0,80,0,48,"SQ_INSTS_VALU_MFMA_MOPS_BF16",1572864.000000,7890484855581,7890484873221
1464,29272,"Agent 1",4,1,1,65536,9122,"fused_moe_kernel",256,0,0,80,0,48,"SQ_INSTS_VALU_MFMA_MOPS_BF16",786432.000000,7890484937246,7890484947910
1464,29287,"Agent 1",4,1,1,49152,9121,"fused_moe_kernel",256,0,0,80,0,48,"SQ_INSTS_VALU_MFMA_MOPS_BF16",1572864.000000,7890485331503,7890485349985
1464,29289,"Agent 1",4,1,1,65536,9122,"fused_moe_kernel",256,0,0,80,0,48,"SQ_INSTS_VALU_MFMA_MOPS_BF16",786432.000000,7890485415654,7890485426038
1464,29304,"Agent 1",4,1,1,49152,9121,"fused_moe_kernel",256,0,0,80,0,48,"SQ_INSTS_VALU_MFMA_MOPS_BF16",1572864.000000,7890485808748,7890485826268
1464,29306,"Agent 1",4,1,1,65536,9122,"fused_moe_kernel",256,0,0,80,0,48,"SQ_INSTS_VALU_MFMA_MOPS_BF16",786432.000000,7890485892378,7890485903042
1464,29321,"Agent 1",4,1,1,49152,9121,"fused_moe_kernel",256,0,0,80,0,48,"FETCH_SIZE",49195.000000,7890486280661,7890486298782
1464,29323,"Agent 1",4,1,1,65536,9122,"fused_moe_kernel",256,0,0,80,0,48,"FETCH_SIZE",24707.000000,7890486396965,7890486406667
1464,29338,"Agent 1",4,1,1,49152,9121,"fused_moe_kernel",256,0,0,80,0,48,"FETCH_SIZE",49195.625000,7890486803369,7890486821611
1464,29340,"Agent 1",4,1,1,65536,9122,"fused_moe_kernel",256,0,0,80,0,48,"FETCH_SIZE",24707.000000,7890486917789,7890486927652
1465,29355,"Agent 1",4,1,1,49152,9121,"fused_moe_kernel",256,0,0,80,0,48,"FETCH_SIZE",49195.500000,7890487333535,7890487351536
1465,29357,"Agent 1",4,1,1,65536,9122,"fused_moe_kernel",256,0,0,80,0,48,"FETCH_SIZE",24707.000000,7890487449158,7890487458539
1465,29372,"Agent 1",4,1,1,49152,9121,"fused_moe_kernel",256,0,0,80,0,48,"FETCH_SIZE",49194.750000,7890487861575,7890487879697
1465,29374,"Agent 1",4,1,1,65536,9122,"fused_moe_kernel",256,0,0,80,0,48,"FETCH_SIZE",24707.000000,7890487972788,7890487982490
1465,29389,"Agent 1",4,1,1,49152,9121,"fused_moe_kernel",256,0,0,80,0,48,"WRITE_SIZE",24.000000,7890488377027,7890488395509
1465,29391,"Agent 1",4,1,1,65536,9122,"fused_moe_kernel",256,0,0,80,0,48,"WRITE_SIZE",32.000000,7890488479340,7890488489804
1465,29406,"Agent 1",4,1,1,49152,9121,"fused_moe_kernel",256,0,0,80,0,48,"WRITE_SIZE",24.000000,7890488878327,7890488896047
1465,29408,"Agent 1",4,1,1,65536,9122,"fused_moe_kernel",256,0,0,80,0,48,"WRITE_SIZE",32.000000,7890488984128,7890488994952
1465,29423,"Agent 1",4,1,1,49152,9121,"fused_moe_kernel",256,0,0,80,0,48,"WRITE_SIZE",24.000000,7890489373533,7890489391534
1465,29425,"Agent 1",4,1,1,65536,9122,"fused_moe_kernel",256,0,0,80,0,48,"WRITE_SIZE",32.000000,7890489474964,7890489484786
1465,29440,"Agent 1",4,1,1,49152,9121,"fused_moe_kernel",256,0,0,80,0,48,"WRITE_SIZE",24.000000,7890489868819,7890489887622
1465,29442,"Agent 1",4,1,1,65536,9122,"fused_moe_kernel",256,0,0,80,0,48,"WRITE_SIZE",32.000000,7890489975021,7890489984883
1465,29457,"Agent 1",4,1,1,49152,9121,"fused_moe_kernel",256,0,0,80,0,48,"SQ_INSTS_VALU_MFMA_MOPS_BF16",1572864.000000,7890490377696,7890490395858
1465,29459,"Agent 1",4,1,1,65536,9122,"fused_moe_kernel",256,0,0,80,0,48,"SQ_INSTS_VALU_MFMA_MOPS_BF16",786432.000000,7890490466378,7890490476481
1465,29474,"Agent 1",4,1,1,49152,9121,"fused_moe_kernel",256,0,0,80,0,48,"SQ_INSTS_VALU_MFMA_MOPS_BF16",1572864.000000,7890490842072,7890490859953
1465,29476,"Agent 1",4,1,1,65536,9122,"fused_moe_kernel",256,0,0,80,0,48,"SQ_INSTS_VALU_MFMA_MOPS_BF16",786432.000000,7890490928469,7890490938572
1465,29491,"Agent 1",4,1,1,49152,9121,"fused_moe_kernel",256,0,0,80,0,48,"SQ_INSTS_VALU_MFMA_MOPS_BF16",1572864.000000,7890491302118,7890491319959
1465,29493,"Agent 1",4,1,1,65536,9122,"fused_moe_kernel",256,0,0,80,0,48,"SQ_INSTS_VALU_MFMA_MOPS_BF16",786432.000000,7890491387793,7890491397776
1465,29508,"Agent 1",4,1,1,49152,9121,"fused_moe_kernel",256,0,0,80,0,48,"SQ_INSTS_VALU_MFMA_MOPS_BF16",1572864.000000,7890491784174,7890491802376
1465,29510,"Agent 1",4,1,1,65536,9122,"fused_moe_kernel",256,0,0,80,0,48,"SQ_INSTS_VALU_MFMA_MOPS_BF16",786432.000000,7890491869568,7890491880032
1465,29525,"Agent 1",4,1,1,49152,9121,"fused_moe_kernel",256,0,0,80,0,48,"FETCH_SIZE",49196.187500,7890492250074,7890492267914
1465,29527,"Agent 1",4,1,1,65536,9122,"fused_moe_kernel",256,0,0,80,0,48,"FETCH_SIZE",24707.000000,7890492362449,7890492372753
1465,29542,"Agent 1",4,1,1,49152,9121,"fused_moe_kernel",256,0,0,80,0,48,"FETCH_SIZE",49194.500000,7890492766728,7890492785170
1465,29544,"Agent 1",4,1,1,65536,9122,"fused_moe_kernel",256,0,0,80,0,48,"FETCH_SIZE",24707.000000,7890492878984,7890492889287
1465,29559,"Agent 1",4,1,1,49152,9121,"fused_moe_kernel",256,0,0,80,0,48,"FETCH_SIZE",49196.000000,7890493280978,7890493299460
1465,29561,"Agent 1",4,1,1,65536,9122,"fused_moe_kernel",256,0,0,80,0,48,"FETCH_SIZE",24707.000000,7890493393313,7890493403737
1465,29576,"Agent 1",4,1,1,49152,9121,"fused_moe_kernel",256,0,0,80,0,48,"FETCH_SIZE",49194.500000,7890493808016,7890493824934
1465,29578,"Agent 1",4,1,1,65536,9122,"fused_moe_kernel",256,0,0,80,0,48,"FETCH_SIZE",24707.000000,7890493920031,7890493929973
1465,29593,"Agent 1",4,1,1,49152,9121,"fused_moe_kernel",256,0,0,80,0,48,"WRITE_SIZE",24.000000,7890494326595,7890494345117
1465,29595,"Agent 1",4,1,1,65536,9122,"fused_moe_kernel",256,0,0,80,0,48,"WRITE_SIZE",32.000000,7890494431353,7890494441256
1466,29610,"Agent 1",4,1,1,49152,9121,"fused_moe_kernel",256,0,0,80,0,48,"WRITE_SIZE",24.000000,7890494827654,7890494845856
1466,29612,"Agent 1",4,1,1,65536,9122,"fused_moe_kernel",256,0,0,80,0,48,"WRITE_SIZE",32.000000,7890494928684,7890494938466
1466,29627,"Agent 1",4,1,1,49152,9121,"fused_moe_kernel",256,0,0,80,0,48,"WRITE_SIZE",24.000000,7890495320896,7890495338776
1466,29629,"Agent 1",4,1,1,65536,9122,"fused_moe_kernel",256,0,0,80,0,48,"WRITE_SIZE",32.000000,7890495420562,7890495430665
1466,29644,"Agent 1",4,1,1,49152,9121,"fused_moe_kernel",256,0,0,80,0,48,"WRITE_SIZE",24.000000,7890495814819,7890495832740
1466,29646,"Agent 1",4,1,1,65536,9122,"fused_moe_kernel",256,0,0,80,0,48,"WRITE_SIZE",32.000000,7890495917292,7890495927956
1497,29691,"Agent 1",4,1,1,49152,9121,"fused_moe_kernel",256,0,0,80,0,48,"SQ_INSTS_VALU_MFMA_MOPS_BF16",1572864.000000,7890497217889,7890497236130
1497,29693,"Agent 1",4,1,1,65536,9122,"fused_moe_kernel",256,0,0,80,0,48,"SQ_INSTS_VALU_MFMA_MOPS_BF16",786432.000000,7890497334474,7890497344256
1497,29708,"Agent 1",4,1,1,49152,9121,"fused_moe_kernel",256,0,0,80,0,48,"SQ_INSTS_VALU_MFMA_MOPS_BF16",1572864.000000,7890497997101,7890498014821
1497,29710,"Agent 1",4,1,1,65536,9122,"fused_moe_kernel",256,0,0,80,0,48,"SQ_INSTS_VALU_MFMA_MOPS_BF16",786432.000000,7890498100456,7890498110158
1497,29725,"Agent 1",4,1,1,49152,9121,"fused_moe_kernel",256,0,0,80,0,48,"SQ_INSTS_VALU_MFMA_MOPS_BF16",1572864.000000,7890505042440,7890505059920
1497,29727,"Agent 1",4,1,1,65536,9122,"fused_moe_kernel",256,0,0,80,0,48,"SQ_INSTS_VALU_MFMA_MOPS_BF16",786432.000000,7890506737213,7890506746915
1497,29742,"Agent 1",4,1,1,49152,9121,"fused_moe_kernel",256,0,0,80,0,48,"SQ_INSTS_VALU_MFMA_MOPS_BF16",1572864.000000,7890517037153,7890517055715
1497,29744,"Agent 1",4,1,1,65536,9122,"fused_moe_kernel",256,0,0,80,0,48,"SQ_INSTS_VALU_MFMA_MOPS_BF16",786432.000000,7890517273410,7890517283392
1497,29759,"Agent 1",4,1,1,49152,9121,"fused_moe_kernel",256,0,0,80,0,48,"FETCH_SIZE",49198.000000,7890527427818,7890527446019
1497,29761,"Agent 1",4,1,1,65536,9122,"fused_moe_kernel",256,0,0,80,0,48,"FETCH_SIZE",24707.000000,7890529294422,7890529304204
1497,29776,"Agent 1",4,1,1,49152,9121,"fused_moe_kernel",256,0,0,80,0,48,"FETCH_SIZE",49194.000000,7890540841918,7890540860200
1497,29778,"Agent 1",4,1,1,65536,9122,"fused_moe_kernel",256,0,0,80,0,48,"FETCH_SIZE",24707.000000,7890542533267,7890542542608
1497,29793,"Agent 1",4,1,1,49152,9121,"fused_moe_kernel",256,0,0,80,0,48,"FETCH_SIZE",49196.000000,7890546892820,7890546910981
1497,29795,"Agent 1",4,1,1,65536,9122,"fused_moe_kernel",256,0,0,80,0,48,"FETCH_SIZE",24707.000000,7890547076156,7890547085498
1497,29810,"Agent 1",4,1,1,49152,9121,"fused_moe_kernel",256,0,0,80,0,48,"FETCH_SIZE",49195.500000,7890547595658,7890547613458
1497,29812,"Agent 1",4,1,1,65536,9122,"fused_moe_kernel",256,0,0,80,0,48,"FETCH_SIZE",24707.000000,7890547714849,7890547724751
1497,29827,"Agent 1",4,1,1,49152,9121,"fused_moe_kernel",256,0,0,80,0,48,"WRITE_SIZE",24.000000,7890548137329,7890548155691
1497,29829,"Agent 1",4,1,1,65536,9122,"fused_moe_kernel",256,0,0,80,0,48,"WRITE_SIZE",32.000000,7890548241847,7890548251789
1497,29844,"Agent 1",4,1,1,49152,9121,"fused_moe_kernel",256,0,0,80,0,48,"WRITE_SIZE",24.000000,7890548650696,7890548668377
1497,29846,"Agent 1",4,1,1,65536,9122,"fused_moe_kernel",256,0,0,80,0,48,"WRITE_SIZE",32.000000,7890548758381,7890548767642
1497,29861,"Agent 1",4,1,1,49152,9121,"fused_moe_kernel",256,0,0,80,0,48,"WRITE_SIZE",24.000000,7890549157689,7890549176171
1497,29863,"Agent 1",4,1,1,65536,9122,"fused_moe_kernel",256,0,0,80,0,48,"WRITE_SIZE",32.000000,7890549270025,7890549280047
1497,29878,"Agent 1",4,1,1,49152,9121,"fused_moe_kernel",256,0,0,80,0,48,"WRITE_SIZE",24.000000,7890549679115,7890549697276
1497,29880,"Agent 1",4,1,1,65536,9122,"fused_moe_kernel",256,0,0,80,0,48,"WRITE_SIZE",32.000000,7890549788844,7890549798226
1497,29895,"Agent 1",4,1,1,49152,9121,"fused_moe_kernel",256,0,0,80,0,48,"SQ_INSTS_VALU_MFMA_MOPS_BF16",1572864.000000,7890550213931,7890550232132
1497,29897,"Agent 1",4,1,1,65536,9122,"fused_moe_kernel",256,0,0,80,0,48,"SQ_INSTS_VALU_MFMA_MOPS_BF16",786432.000000,7890550298964,7890550309187
1497,29912,"Agent 1",4,1,1,49152,9121,"fused_moe_kernel",256,0,0,80,0,48,"SQ_INSTS_VALU_MFMA_MOPS_BF16",1572864.000000,7890550689091,7890550707734
1497,29914,"Agent 1",4,1,1,65536,9122,"fused_moe_kernel",256,0,0,80,0,48,"SQ_INSTS_VALU_MFMA_MOPS_BF16",786432.000000,7890550779096,7890550788477
1497,29929,"Agent 1",4,1,1,49152,9121,"fused_moe_kernel",256,0,0,80,0,48,"SQ_INSTS_VALU_MFMA_MOPS_BF16",1572864.000000,7890551152345,7890551169824
1497,29931,"Agent 1",4,1,1,65536,9122,"fused_moe_kernel",256,0,0,80,0,48,"SQ_INSTS_VALU_MFMA_MOPS_BF16",786432.000000,7890551239503,7890551250047
1498,29946,"Agent 1",4,1,1,49152,9121,"fused_moe_kernel",256,0,0,80,0,48,"SQ_INSTS_VALU_MFMA_MOPS_BF16",1572864.000000,7890551613513,7890551631394
1498,29948,"Agent 1",4,1,1,65536,9122,"fused_moe_kernel",256,0,0,80,0,48,"SQ_INSTS_VALU_MFMA_MOPS_BF16",786432.000000,7890551699950,7890551709732
1498,29963,"Agent 1",4,1,1,49152,9121,"fused_moe_kernel",256,0,0,80,0,48,"FETCH_SIZE",49193.250000,7890552097574,7890552115815
1498,29965,"Agent 1",4,1,1,65536,9122,"fused_moe_kernel",256,0,0,80,0,48,"FETCH_SIZE",24707.000000,7890552214840,7890552224663
1498,29980,"Agent 1",4,1,1,49152,9121,"fused_moe_kernel",256,0,0,80,0,48,"FETCH_SIZE",49195.000000,7890552647023,7890552665465
1498,29982,"Agent 1",4,1,1,65536,9122,"fused_moe_kernel",256,0,0,80,0,48,"FETCH_SIZE",24707.000000,7890552763327,7890552773471
1498,29997,"Agent 1",4,1,1,49152,9121,"fused_moe_kernel",256,0,0,80,0,48,"FETCH_SIZE",49196.812500,7890553195109,7890553213030
1498,29999,"Agent 1",4,1,1,65536,9122,"fused_moe_kernel",256,0,0,80,0,48,"FETCH_SIZE",24707.000000,7890553310532,7890553320354
1498,30014,"Agent 1",4,1,1,49152,9121,"fused_moe_kernel",256,0,0,80,0,48,"FETCH_SIZE",49195.875000,7890553727680,7890553745280
1498,30016,"Agent 1",4,1,1,65536,9122,"fused_moe_kernel",256,0,0,80,0,48,"FETCH_SIZE",24707.000000,7890553840416,7890553850800
1498,30031,"Agent 1",4,1,1,49152,9121,"fused_moe_kernel",256,0,0,80,0,48,"WRITE_SIZE",24.000000,7890554255200,7890554273842
1498,30033,"Agent 1",4,1,1,65536,9122,"fused_moe_kernel",256,0,0,80,0,48,"WRITE_SIZE",32.000000,7890554358715,7890554368818
1498,30048,"Agent 1",4,1,1,49152,9121,"fused_moe_kernel",256,0,0,80,0,48,"WRITE_SIZE",24.000000,7890554771453,7890554789695
1498,30050,"Agent 1",4,1,1,65536,9122,"fused_moe_kernel",256,0,0,80,0,48,"WRITE_SIZE",32.000000,7890554876733,7890554886315
1498,30065,"Agent 1",4,1,1,49152,9121,"fused_moe_kernel",256,0,0,80,0,48,"WRITE_SIZE",24.000000,7890555268343,7890555286945
1498,30067,"Agent 1",4,1,1,65536,9122,"fused_moe_kernel",256,0,0,80,0,48,"WRITE_SIZE",32.000000,7890555369172,7890555379195
1498,30082,"Agent 1",4,1,1,49152,9121,"fused_moe_kernel",256,0,0,80,0,48,"WRITE_SIZE",24.000000,7890555774053,7890555792495
1498,30084,"Agent 1",4,1,1,65536,9122,"fused_moe_kernel",256,0,0,80,0,48,"WRITE_SIZE",32.000000,7890555880335,7890555890197
1498,30099,"Agent 1",4,1,1,49152,9121,"fused_moe_kernel",256,0,0,80,0,48,"SQ_INSTS_VALU_MFMA_MOPS_BF16",1572864.000000,7890556280845,7890556298606
1498,30101,"Agent 1",4,1,1,65536,9122,"fused_moe_kernel",256,0,0,80,0,48,"SQ_INSTS_VALU_MFMA_MOPS_BF16",786432.000000,7890556370650,7890556380191
1498,30116,"Agent 1",4,1,1,49152,9121,"fused_moe_kernel",256,0,0,80,0,48,"SQ_INSTS_VALU_MFMA_MOPS_BF16",1572864.000000,7890556759253,7890556777374
1498,30118,"Agent 1",4,1,1,65536,9122,"fused_moe_kernel",256,0,0,80,0,48,"SQ_INSTS_VALU_MFMA_MOPS_BF16",786432.000000,7890556845329,7890556855312
1498,30133,"Agent 1",4,1,1,49152,9121,"fused_moe_kernel",256,0,0,80,0,48,"SQ_INSTS_VALU_MFMA_MOPS_BF16",1572864.000000,7890557217976,7890557235777
1498,30135,"Agent 1",4,1,1,65536,9122,"fused_moe_kernel",256,0,0,80,0,48,"SQ_INSTS_VALU_MFMA_MOPS_BF16",786432.000000,7890557299682,7890557309825
1498,30150,"Agent 1",4,1,1,49152,9121,"fused_moe_kernel",256,0,0,80,0,48,"SQ_INSTS_VALU_MFMA_MOPS_BF16",1572864.000000,7890557695382,7890557713743
1498,30152,"Agent 1",4,1,1,65536,9122,"fused_moe_kernel",256,0,0,80,0,48,"SQ_INSTS_VALU_MFMA_MOPS_BF16",786432.000000,7890557783342,7890557793124
1498,30167,"Agent 1",4,1,1,49152,9121,"fused_moe_kernel",256,0,0,80,0,48,"FETCH_SIZE",49197.500000,7890558172266,7890558189826
1498,30169,"Agent 1",4,1,1,65536,9122,"fused_moe_kernel",256,0,0,80,0,48,"FETCH_SIZE",24707.000000,7890558280953,7890558291016
1498,30184,"Agent 1",4,1,1,49152,9121,"fused_moe_kernel",256,0,0,80,0,48,"FETCH_SIZE",49194.000000,7890558687999,7890558705799
1498,30186,"Agent 1",4,1,1,65536,9122,"fused_moe_kernel",256,0,0,80,0,48,"FETCH_SIZE",24707.000000,7890558801737,7890558811038
1499,30201,"Agent 1",4,1,1,49152,9121,"fused_moe_kernel",256,0,0,80,0,48,"FETCH_SIZE",49196.250000,7890559232116,7890559250718
1499,30203,"Agent 1",4,1,1,65536,9122,"fused_moe_kernel",256,0,0,80,0,48,"FETCH_SIZE",24707.000000,7890559348500,7890559358363
1499,30218,"Agent 1",4,1,1,49152,9121,"fused_moe_kernel",256,0,0,80,0,48,"FETCH_SIZE",49194.750000,7890559764286,7890559781765
1499,30220,"Agent 1",4,1,1,65536,9122,"fused_moe_kernel",256,0,0,80,0,48,"FETCH_SIZE",24707.000000,7890559880149,7890559889530
1499,30235,"Agent 1",4,1,1,49152,9121,"fused_moe_kernel",256,0,0,80,0,48,"WRITE_SIZE",24.000000,7890560274085,7890560292046
1499,30237,"Agent 1",4,1,1,65536,9122,"fused_moe_kernel",256,0,0,80,0,48,"WRITE_SIZE",32.000000,7890560381529,7890560391672
1499,30252,"Agent 1",4,1,1,49152,9121,"fused_moe_kernel",256,0,0,80,0,48,"WRITE_SIZE",24.000000,7890560769491,7890560787131
1499,30254,"Agent 1",4,1,1,65536,9122,"fused_moe_kernel",256,0,0,80,0,48,"WRITE_SIZE",32.000000,7890560875252,7890560884553
1499,30269,"Agent 1",4,1,1,49152,9121,"fused_moe_kernel",256,0,0,80,0,48,"WRITE_SIZE",24.000000,7890561277246,7890561294846
1499,30271,"Agent 1",4,1,1,65536,9122,"fused_moe_kernel",256,0,0,80,0,48,"WRITE_SIZE",32.000000,7890561377634,7890561387777
1499,30286,"Agent 1",4,1,1,49152,9121,"fused_moe_kernel",256,0,0,80,0,48,"WRITE_SIZE",24.000000,7890561774376,7890561792858
1499,30288,"Agent 1",4,1,1,65536,9122,"fused_moe_kernel",256,0,0,80,0,48,"WRITE_SIZE",32.000000,7890561875125,7890561884266
1499,30303,"Agent 1",4,1,1,49152,9121,"fused_moe_kernel",256,0,0,80,0,48,"SQ_INSTS_VALU_MFMA_MOPS_BF16",1572864.000000,7890562267417,7890562285619
1499,30305,"Agent 1",4,1,1,65536,9122,"fused_moe_kernel",256,0,0,80,0,48,"SQ_INSTS_VALU_MFMA_MOPS_BF16",786432.000000,7890562349845,7890562359266
1499,30320,"Agent 1",4,1,1,49152,9121,"fused_moe_kernel",256,0,0,80,0,48,"SQ_INSTS_VALU_MFMA_MOPS_BF16",1572864.000000,7890562730951,7890562748591
1499,30322,"Agent 1",4,1,1,65536,9122,"fused_moe_kernel",256,0,0,80,0,48,"SQ_INSTS_VALU_MFMA_MOPS_BF16",786432.000000,7890562811454,7890562821637
1499,30337,"Agent 1",4,1,1,49152,9121,"fused_moe_kernel",256,0,0,80,0,48,"SQ_INSTS_VALU_MFMA_MOPS_BF16",1572864.000000,7890563186387,7890563204708
1499,30339,"Agent 1",4,1,1,65536,9122,"fused_moe_kernel",256,0,0,80,0,48,"SQ_INSTS_VALU_MFMA_MOPS_BF16",786432.000000,7890563271981,7890563282405
1499,30354,"Agent 1",4,1,1,49152,9121,"fused_moe_kernel",256,0,0,80,0,48,"SQ_INSTS_VALU_MFMA_MOPS_BF16",1572864.000000,7890563639577,7890563657618
1499,30356,"Agent 1",4,1,1,65536,9122,"fused_moe_kernel",256,0,0,80,0,48,"SQ_INSTS_VALU_MFMA_MOPS_BF16",786432.000000,7890563721403,7890563731707
1499,30371,"Agent 1",4,1,1,49152,9121,"fused_moe_kernel",256,0,0,80,0,48,"FETCH_SIZE",49195.250000,7890564100144,7890564118586
1499,30373,"Agent 1",4,1,1,65536,9122,"fused_moe_kernel",256,0,0,80,0,48,"FETCH_SIZE",24707.000000,7890564208912,7890564219576
1499,30388,"Agent 1",4,1,1,49152,9121,"fused_moe_kernel",256,0,0,80,0,48,"FETCH_SIZE",49195.000000,7890564598116,7890564616077
1499,30390,"Agent 1",4,1,1,65536,9122,"fused_moe_kernel",256,0,0,80,0,48,"FETCH_SIZE",24707.000000,7890564707044,7890564717388
1499,30405,"Agent 1",4,1,1,49152,9121,"fused_moe_kernel",256,0,0,80,0,48,"FETCH_SIZE",49195.500000,7890565103866,7890565122108
1499,30407,"Agent 1",4,1,1,65536,9122,"fused_moe_kernel",256,0,0,80,0,48,"FETCH_SIZE",24707.000000,7890565210188,7890565219890
1499,30422,"Agent 1",4,1,1,49152,9121,"fused_moe_kernel",256,0,0,80,0,48,"FETCH_SIZE",49194.250000,7890565602801,7890565620762
1499,30424,"Agent 1",4,1,1,65536,9122,"fused_moe_kernel",256,0,0,80,0,48,"FETCH_SIZE",24707.000000,7890565714695,7890565724959
1499,30439,"Agent 1",4,1,1,49152,9121,"fused_moe_kernel",256,0,0,80,0,48,"WRITE_SIZE",24.000000,7890566116369,7890566134289
1499,30441,"Agent 1",4,1,1,65536,9122,"fused_moe_kernel",256,0,0,80,0,48,"WRITE_SIZE",32.000000,7890566216797,7890566226178
1500,30456,"Agent 1",4,1,1,49152,9121,"fused_moe_kernel",256,0,0,80,0,48,"WRITE_SIZE",24.000000,7890566595698,7890566612737
1500,30458,"Agent 1",4,1,1,65536,9122,"fused_moe_kernel",256,0,0,80,0,48,"WRITE_SIZE",32.000000,7890566703985,7890566713927
1500,30473,"Agent 1",4,1,1,49152,9121,"fused_moe_kernel",256,0,0,80,0,48,"WRITE_SIZE",24.000000,7890567100165,7890567118086
1500,30475,"Agent 1",4,1,1,65536,9122,"fused_moe_kernel",256,0,0,80,0,48,"WRITE_SIZE",32.000000,7890567202157,7890567212060
1500,30490,"Agent 1",4,1,1,49152,9121,"fused_moe_kernel",256,0,0,80,0,48,"WRITE_SIZE",24.000000,7890567588396,7890567606597
1500,30492,"Agent 1",4,1,1,65536,9122,"fused_moe_kernel",256,0,0,80,0,48,"WRITE_SIZE",32.000000,7890567694998,7890567705742
1531,30537,"Agent 1",4,1,1,49152,9121,"fused_moe_kernel",256,0,0,80,0,48,"SQ_INSTS_VALU_MFMA_MOPS_BF16",1572864.000000,7890568975429,7890568992989
1531,30539,"Agent 1",4,1,1,65536,9122,"fused_moe_kernel",256,0,0,80,0,48,"SQ_INSTS_VALU_MFMA_MOPS_BF16",786432.000000,7890569099592,7890569109614
1531,30554,"Agent 1",4,1,1,49152,9121,"fused_moe_kernel",256,0,0,80,0,48,"SQ_INSTS_VALU_MFMA_MOPS_BF16",1572864.000000,7890569628795,7890569646395
1531,30556,"Agent 1",4,1,1,65536,9122,"fused_moe_kernel",256,0,0,80,0,48,"SQ_INSTS_VALU_MFMA_MOPS_BF16",786432.000000,7890569715111,7890569724653
1531,30571,"Agent 1",4,1,1,49152,9121,"fused_moe_kernel",256,0,0,80,0,48,"SQ_INSTS_VALU_MFMA_MOPS_BF16",1572864.000000,7890570121395,7890570139917
1531,30573,"Agent 1",4,1,1,65536,9122,"fused_moe_kernel",256,0,0,80,0,48,"SQ_INSTS_VALU_MFMA_MOPS_BF16",786432.000000,7890570392090,7890570402915
1531,30588,"Agent 1",4,1,1,49152,9121,"fused_moe_kernel",256,0,0,80,0,48,"SQ_INSTS_VALU_MFMA_MOPS_BF16",1572864.000000,7890581185151,7890581203152
1531,30590,"Agent 1",4,1,1,65536,9122,"fused_moe_kernel",256,0,0,80,0,48,"SQ_INSTS_VALU_MFMA_MOPS_BF16",786432.000000,7890582701559,7890582711581
1531,30605,"Agent 1",4,1,1,49152,9121,"fused_moe_kernel",256,0,0,80,0,48,"FETCH_SIZE",49195.000000,7890596075247,7890596093929
1531,30607,"Agent 1",4,1,1,65536,9122,"fused_moe_kernel",256,0,0,80,0,48,"FETCH_SIZE",24707.000000,7890597817809,7890597827952
1531,30622,"Agent 1",4,1,1,49152,9121,"fused_moe_kernel",256,0,0,80,0,48,"FETCH_SIZE",49194.750000,7890609014490,7890609032131
1531,30624,"Agent 1",4,1,1,65536,9122,"fused_moe_kernel",256,0,0,80,0,48,"FETCH_SIZE",24707.000000,7890609596694,7890609606476
1531,30639,"Agent 1",4,1,1,49152,9121,"fused_moe_kernel",256,0,0,80,0,48,"FETCH_SIZE",49194.750000,7890617895804,7890617913083
1531,30641,"Agent 1",4,1,1,65536,9122,"fused_moe_kernel",256,0,0,80,0,48,"FETCH_SIZE",24707.062500,7890618015837,7890618026221
1531,30656,"Agent 1",4,1,1,49152,9121,"fused_moe_kernel",256,0,0,80,0,48,"FETCH_SIZE",49195.750000,7890618643224,7890618661465
1531,30658,"Agent 1",4,1,1,65536,9122,"fused_moe_kernel",256,0,0,80,0,48,"FETCH_SIZE",24707.000000,7890618759889,7890618770032
1531,30673,"Agent 1",4,1,1,49152,9121,"fused_moe_kernel",256,0,0,80,0,48,"WRITE_SIZE",24.000000,7890619173830,7890619192312
1531,30675,"Agent 1",4,1,1,65536,9122,"fused_moe_kernel",256,0,0,80,0,48,"WRITE_SIZE",32.000000,7890619283680,7890619293582
1531,30690,"Agent 1",4,1,1,49152,9121,"fused_moe_kernel",256,0,0,80,0,48,"WRITE_SIZE",24.000000,7890619694775,7890619712615
1531,30692,"Agent 1",4,1,1,65536,9122,"fused_moe_kernel",256,0,0,80,0,48,"WRITE_SIZE",32.000000,7890619807952,7890619817694
1531,30707,"Agent 1",4,1,1,49152,9121,"fused_moe_kernel",256,0,0,80,0,48,"WRITE_SIZE",24.000000,7890620224098,7890620241618
1531,30709,"Agent 1",4,1,1,65536,9122,"fused_moe_kernel",256,0,0,80,0,48,"WRITE_SIZE",32.000000,7890620327132,7890620337035
1531,30724,"Agent 1",4,1,1,49152,9121,"fused_moe_kernel",256,0,0,80,0,48,"WRITE_SIZE",24.000000,7890620748851,7890620766331
1531,30726,"Agent 1",4,1,1,65536,9122,"fused_moe_kernel",256,0,0,80,0,48,"WRITE_SIZE",32.000000,7890620856737,7890620867080
1531,30741,"Agent 1",4,1,1,49152,9121,"fused_moe_kernel",256,0,0,80,0,48,"SQ_INSTS_VALU_MFMA_MOPS_BF16",1572864.000000,7890621255563,7890621272762
1531,30743,"Agent 1",4,1,1,65536,9122,"fused_moe_kernel",256,0,0,80,0,48,"SQ_INSTS_VALU_MFMA_MOPS_BF16",786432.000000,7890621337991,7890621347933
1531,30758,"Agent 1",4,1,1,49152,9121,"fused_moe_kernel",256,0,0,80,0,48,"SQ_INSTS_VALU_MFMA_MOPS_BF16",1572864.000000,7890621725672,7890621744275
1531,30760,"Agent 1",4,1,1,65536,9122,"fused_moe_kernel",256,0,0,80,0,48,"SQ_INSTS_VALU_MFMA_MOPS_BF16",786432.000000,7890621815717,7890621825740
1531,30775,"Agent 1",4,1,1,49152,9121,"fused_moe_kernel",256,0,0,80,0,48,"SQ_INSTS_VALU_MFMA_MOPS_BF16",1572864.000000,7890622204361,7890622222883
1531,30777,"Agent 1",4,1,1,65536,9122,"fused_moe_kernel",256,0,0,80,0,48,"SQ_INSTS_VALU_MFMA_MOPS_BF16",786432.000000,7890622293844,7890622303105
1532,30792,"Agent 1",4,1,1,49152,9121,"fused_moe_kernel",256,0,0,80,0,48,"SQ_INSTS_VALU_MFMA_MOPS_BF16",1572864.000000,7890622677316,7890622695678
1532,30794,"Agent 1",4,1,1,65536,9122,"fused_moe_kernel",256,0,0,80,0,48,"SQ_INSTS_VALU_MFMA_MOPS_BF16",786432.000000,7890622764594,7890622774176
1532,30809,"Agent 1",4,1,1,49152,9121,"fused_moe_kernel",256,0,0,80,0,48,"FETCH_SIZE",49194.500000,7890623152957,7890623170357
1532,30811,"Agent 1",4,1,1,65536,9122,"fused_moe_kernel",256,0,0,80,0,48,"FETCH_SIZE",24707.000000,7890623266135,7890623276037
1532,30826,"Agent 1",4,1,1,49152,9121,"fused_moe_kernel",256,0,0,80,0,48,"FETCH_SIZE",49193.250000,7890623685328,7890623703489
1532,30828,"Agent 1",4,1,1,65536,9122,"fused_moe_kernel",256,0,0,80,0,48,"FETCH_SIZE",24707.000000,7890623807205,7890623817067
1532,30843,"Agent 1",4,1,1,49152,9121,"fused_moe_kernel",256,0,0,80,0,48,"FETCH_SIZE",49194.500000,7890624226318,7890624244279
1532,30845,"Agent 1",4,1,1,65536,9122,"fused_moe_kernel",256,0,0,80,0,48,"FETCH_SIZE",24707.000000,7890624336408,7890624346591
1532,30860,"Agent 1",4,1,1,49152,9121,"fused_moe_kernel",256,0,0,80,0,48,"FETCH_SIZE",49196.000000,7890624757245,7890624775607
1532,30862,"Agent 1",4,1,1,65536,9122,"fused_moe_kernel",256,0,0,80,0,48,"FETCH_SIZE",24707.000000,7890624870904,7890624880125
1532,30877,"Agent 1",4,1,1,49152,9121,"fused_moe_kernel",256,0,0,80,0,48,"WRITE_SIZE",24.000000,7890625309782,7890625328183
1532,30879,"Agent 1",4,1,1,65536,9122,"fused_moe_kernel",256,0,0,80,0,48,"WRITE_SIZE",32.000000,7890625408285,7890625418268
1532,30894,"Agent 1",4,1,1,49152,9121,"fused_moe_kernel",256,0,0,80,0,48,"WRITE_SIZE",24.000000,7890625817255,7890625834976
1532,30896,"Agent 1",4,1,1,65536,9122,"fused_moe_kernel",256,0,0,80,0,48,"WRITE_SIZE",32.000000,7890625920290,7890625929390
1532,30911,"Agent 1",4,1,1,49152,9121,"fused_moe_kernel",256,0,0,80,0,48,"WRITE_SIZE",24.000000,7890626310818,7890626328538
1532,30913,"Agent 1",4,1,1,65536,9122,"fused_moe_kernel",256,0,0,80,0,48,"WRITE_SIZE",32.000000,7890626416338,7890626426400
1532,30928,"Agent 1",4,1,1,49152,9121,"fused_moe_kernel",256,0,0,80,0,48,"WRITE_SIZE",24.000000,7890626825107,7890626842827
1532,30930,"Agent 1",4,1,1,65536,9122,"fused_moe_kernel",256,0,0,80,0,48,"WRITE_SIZE",32.000000,7890626931148,7890626941411
1532,30945,"Agent 1",4,1,1,49152,9121,"fused_moe_kernel",256,0,0,80,0,48,"SQ_INSTS_VALU_MFMA_MOPS_BF16",1572864.000000,7890627350943,7890627368663
1532,30947,"Agent 1",4,1,1,65536,9122,"fused_moe_kernel",256,0,0,80,0,48,"SQ_INSTS_VALU_MFMA_MOPS_BF16",786432.000000,7890627441268,7890627451331
1532,30962,"Agent 1",4,1,1,49152,9121,"fused_moe_kernel",256,0,0,80,0,48,"SQ_INSTS_VALU_MFMA_MOPS_BF16",1572864.000000,7890627820610,7890627839213
1532,30964,"Agent 1",4,1,1,65536,9122,"fused_moe_kernel",256,0,0,80,0,48,"SQ_INSTS_VALU_MFMA_MOPS_BF16",786432.000000,7890627910575,7890627920919
1532,30979,"Agent 1",4,1,1,49152,9121,"fused_moe_kernel",256,0,0,80,0,48,"SQ_INSTS_VALU_MFMA_MOPS_BF16",1572864.000000,7890628297054,7890628314894
1532,30981,"Agent 1",4,1,1,65536,9122,"fused_moe_kernel",256,0,0,80,0,48,"SQ_INSTS_VALU_MFMA_MOPS_BF16",786432.000000,7890628382288,7890628392471
1532,30996,"Agent 1",4,1,1,49152,9121,"fused_moe_kernel",256,0,0,80,0,48,"SQ_INSTS_VALU_MFMA_MOPS_BF16",1572864.000000,7890628774259,7890628792260
1532,30998,"Agent 1",4,1,1,65536,9122,"fused_moe_kernel",256,0,0,80,0,48,"SQ_INSTS_VALU_MFMA_MOPS_BF16",786432.000000,7890628857769,7890628868112
1532,31013,"Agent 1",4,1,1,49152,9121,"fused_moe_kernel",256,0,0,80,0,48,"FETCH_SIZE",49196.000000,7890629257277,7890629275398
1532,31015,"Agent 1",4,1,1,65536,9122,"fused_moe_kernel",256,0,0,80,0,48,"FETCH_SIZE",24707.000000,7890629373341,7890629383404
1532,31030,"Agent 1",4,1,1,49152,9121,"fused_moe_kernel",256,0,0,80,0,48,"FETCH_SIZE",49194.250000,7890629780627,7890629798708
1532,31032,"Agent 1",4,1,1,65536,9122,"fused_moe_kernel",256,0,0,80,0,48,"FETCH_SIZE",24707.000000,7890629899858,7890629909119
1533,31047,"Agent 1",4,1,1,49152,9121,"fused_moe_kernel",256,0,0,80,0,48,"FETCH_SIZE",49196.750000,7890630306543,7890630324423
1533,31049,"Agent 1",4,1,1,65536,9122,"fused_moe_kernel",256,0,0,80,0,48,"FETCH_SIZE",24707.000000,7890630420522,7890630429583
1533,31064,"Agent 1",4,1,1,49152,9121,"fused_moe_kernel",256,0,0,80,0,48,"FETCH_SIZE",49196.250000,7890630835586,7890630853186
1533,31066,"Agent 1",4,1,1,65536,9122,"fused_moe_kernel",256,0,0,80,0,48,"FETCH_SIZE",24707.000000,7890630951730,7890630961592
1533,31081,"Agent 1",4,1,1,49152,9121,"fused_moe_kernel",256,0,0,80,0,48,"WRITE_SIZE",24.000000,7890631358414,7890631376937
1533,31083,"Agent 1",4,1,1,65536,9122,"fused_moe_kernel",256,0,0,80,0,48,"WRITE_SIZE",32.000000,7890631461890,7890631471632
1533,31098,"Agent 1",4,1,1,49152,9121,"fused_moe_kernel",256,0,0,80,0,48,"WRITE_SIZE",24.000000,7890631876713,7890631894554
1533,31100,"Agent 1",4,1,1,65536,9122,"fused_moe_kernel",256,0,0,80,0,48,"WRITE_SIZE",32.000000,7890631985079,7890631995022
1533,31115,"Agent 1",4,1,1,49152,9121,"fused_moe_kernel",256,0,0,80,0,48,"WRITE_SIZE",24.000000,7890632381421,7890632400704
1533,31117,"Agent 1",4,1,1,65536,9122,"fused_moe_kernel",256,0,0,80,0,48,"WRITE_SIZE",32.000000,7890632487341,7890632497444
1533,31132,"Agent 1",4,1,1,49152,9121,"fused_moe_kernel",256,0,0,80,0,48,"WRITE_SIZE",24.000000,7890632904049,7890632921809
1533,31134,"Agent 1",4,1,1,65536,9122,"fused_moe_kernel",256,0,0,80,0,48,"WRITE_SIZE",32.000000,7890633005720,7890633015542
1533,31149,"Agent 1",4,1,1,49152,9121,"fused_moe_kernel",256,0,0,80,0,48,"SQ_INSTS_VALU_MFMA_MOPS_BF16",1572864.000000,7890633412325,7890633430165
1533,31151,"Agent 1",4,1,1,65536,9122,"fused_moe_kernel",256,0,0,80,0,48,"SQ_INSTS_VALU_MFMA_MOPS_BF16",786432.000000,7890633501247,7890633511350
1533,31166,"Agent 1",4,1,1,49152,9121,"fused_moe_kernel",256,0,0,80,0,48,"SQ_INSTS_VALU_MFMA_MOPS_BF16",1572864.000000,7890633884719,7890633903201
1533,31168,"Agent 1",4,1,1,65536,9122,"fused_moe_kernel",256,0,0,80,0,48,"SQ_INSTS_VALU_MFMA_MOPS_BF16",786432.000000,7890633970393,7890633980897
1533,31183,"Agent 1",4,1,1,49152,9121,"fused_moe_kernel",256,0,0,80,0,48,"SQ_INSTS_VALU_MFMA_MOPS_BF16",1572864.000000,7890634351340,7890634369020
1533,31185,"Agent 1",4,1,1,65536,9122,"fused_moe_kernel",256,0,0,80,0,48,"SQ_INSTS_VALU_MFMA_MOPS_BF16",786432.000000,7890634437656,7890634447358
1533,31200,"Agent 1",4,1,1,49152,9121,"fused_moe_kernel",256,0,0,80,0,48,"SQ_INSTS_VALU_MFMA_MOPS_BF16",1572864.000000,7890634816397,7890634833797
1533,31202,"Agent 1",4,1,1,65536,9122,"fused_moe_kernel",256,0,0,80,0,48,"SQ_INSTS_VALU_MFMA_MOPS_BF16",786432.000000,7890634902673,7890634912014
1533,31217,"Agent 1",4,1,1,49152,9121,"fused_moe_kernel",256,0,0,80,0,48,"FETCH_SIZE",49196.500000,7890635271231,7890635288631
1533,31219,"Agent 1",4,1,1,65536,9122,"fused_moe_kernel",256,0,0,80,0,48,"FETCH_SIZE",24707.000000,7890635377834,7890635388418
1533,31234,"Agent 1",4,1,1,49152,9121,"fused_moe_kernel",256,0,0,80,0,48,"FETCH_SIZE",49194.000000,7890635793659,7890635811059
1533,31236,"Agent 1",4,1,1,65536,9122,"fused_moe_kernel",256,0,0,80,0,48,"FETCH_SIZE",24707.000000,7890635906275,7890635916218
1533,31251,"Agent 1",4,1,1,49152,9121,"fused_moe_kernel",256,0,0,80,0,48,"FETCH_SIZE",49195.750000,7890636308550,7890636326911
1533,31253,"Agent 1",4,1,1,65536,9122,"fused_moe_kernel",256,0,0,80,0,48,"FETCH_SIZE",24707.000000,7890636425295,7890636435118
1533,31268,"Agent 1",4,1,1,49152,9121,"fused_moe_kernel",256,0,0,80,0,48,"FETCH_SIZE",49194.250000,7890636833664,7890636851464
1533,31270,"Agent 1",4,1,1,65536,9122,"fused_moe_kernel",256,0,0,80,0,48,"FETCH_SIZE",24707.000000,7890636949928,7890636960071
1533,31285,"Agent 1",4,1,1,49152,9121,"fused_moe_kernel",256,0,0,80,0,48,"WRITE_SIZE",24.000000,7890637355691,7890637373611
1533,31287,"Agent 1",4,1,1,65536,9122,"fused_moe_kernel",256,0,0,80,0,48,"WRITE_SIZE",32.000000,7890637456360,7890637466222
1534,31302,"Agent 1",4,1,1,49152,9121,"fused_moe_kernel",256,0,0,80,0,48,"WRITE_SIZE",24.000000,7890637864327,7890637881687
1534,31304,"Agent 1",4,1,1,65536,9122,"fused_moe_kernel",256,0,0,80,0,48,"WRITE_SIZE",32.000000,7890637959584,7890637969206
1534,31319,"Agent 1",4,1,1,49152,9121,"fused_moe_kernel",256,0,0,80,0,48,"WRITE_SIZE",24.000000,7890638355203,7890638373565
1534,31321,"Agent 1",4,1,1,65536,9122,"fused_moe_kernel",256,0,0,80,0,48,"WRITE_SIZE",32.000000,7890638459160,7890638469503
1534,31336,"Agent 1",4,1,1,49152,9121,"fused_moe_kernel",256,0,0,80,0,48,"WRITE_SIZE",24.000000,7890638847803,7890638866045
1534,31338,"Agent 1",4,1,1,65536,9122,"fused_moe_kernel",256,0,0,80,0,48,"WRITE_SIZE",32.000000,7890638945866,7890638956130
1565,31383,"Agent 1",4,1,1,49152,9121,"fused_moe_kernel",256,0,0,80,0,48,"SQ_INSTS_VALU_MFMA_MOPS_BF16",1572864.000000,7890640244619,7890640263021
1565,31385,"Agent 1",4,1,1,65536,9122,"fused_moe_kernel",256,0,0,80,0,48,"SQ_INSTS_VALU_MFMA_MOPS_BF16",786432.000000,7890640361164,7890640370706
1565,31400,"Agent 1",4,1,1,49152,9121,"fused_moe_kernel",256,0,0,80,0,48,"SQ_INSTS_VALU_MFMA_MOPS_BF16",1572864.000000,7890640972715,7890640990876
1565,31402,"Agent 1",4,1,1,65536,9122,"fused_moe_kernel",256,0,0,80,0,48,"SQ_INSTS_VALU_MFMA_MOPS_BF16",786432.000000,7890641082164,7890641091625
1565,31417,"Agent 1",4,1,1,49152,9121,"fused_moe_kernel",256,0,0,80,0,48,"SQ_INSTS_VALU_MFMA_MOPS_BF16",1572864.000000,7890642135719,7890642153520
1565,31419,"Agent 1",4,1,1,65536,9122,"fused_moe_kernel",256,0,0,80,0,48,"SQ_INSTS_VALU_MFMA_MOPS_BF16",786432.000000,7890646284552,7890646294415
1565,31434,"Agent 1",4,1,1,49152,9121,"fused_moe_kernel",256,0,0,80,0,48,"SQ_INSTS_VALU_MFMA_MOPS_BF16",1572864.000000,7890656661507,7890656679708
1565,31436,"Agent 1",4,1,1,65536,9122,"fused_moe_kernel",256,0,0,80,0,48,"SQ_INSTS_VALU_MFMA_MOPS_BF16",786432.000000,7890658065980,7890658075642
1565,31451,"Agent 1",4,1,1,49152,9121,"fused_moe_kernel",256,0,0,80,0,48,"FETCH_SIZE",49195.500000,7890669860036,7890669878358
1565,31453,"Agent 1",4,1,1,65536,9122,"fused_moe_kernel",256,0,0,80,0,48,"FETCH_SIZE",24707.000000,7890671607528,7890671617912
1565,31468,"Agent 1",4,1,1,49152,9121,"fused_moe_kernel",256,0,0,80,0,48,"FETCH_SIZE",49196.062500,7890681767229,7890681785310
1565,31470,"Agent 1",4,1,1,65536,9122,"fused_moe_kernel",256,0,0,80,0,48,"FETCH_SIZE",24707.000000,7890683397335,7890683406877
1565,31485,"Agent 1",4,1,1,49152,9121,"fused_moe_kernel",256,0,0,80,0,48,"FETCH_SIZE",49195.250000,7890689129609,7890689147930
1565,31487,"Agent 1",4,1,1,65536,9122,"fused_moe_kernel",256,0,0,80,0,48,"FETCH_SIZE",24707.000000,7890689252368,7890689261789
1565,31502,"Agent 1",4,1,1,49152,9121,"fused_moe_kernel",256,0,0,80,0,48,"FETCH_SIZE",49195.250000,7890689850648,7890689868609
1565,31504,"Agent 1",4,1,1,65536,9122,"fused_moe_kernel",256,0,0,80,0,48,"FETCH_SIZE",24707.000000,7890689967554,7890689977416
1565,31519,"Agent 1",4,1,1,49152,9121,"fused_moe_kernel",256,0,0,80,0,48,"WRITE_SIZE",24.000000,7890690393242,7890690410762
1565,31521,"Agent 1",4,1,1,65536,9122,"fused_moe_kernel",256,0,0,80,0,48,"WRITE_SIZE",32.000000,7890690494873,7890690504816
1565,31536,"Agent 1",4,1,1,49152,9121,"fused_moe_kernel",256,0,0,80,0,48,"WRITE_SIZE",24.000000,7890690899633,7890690917875
1565,31538,"Agent 1",4,1,1,65536,9122,"fused_moe_kernel",256,0,0,80,0,48,"WRITE_SIZE",32.000000,7890691001585,7890691011608
1565,31553,"Agent 1",4,1,1,49152,9121,"fused_moe_kernel",256,0,0,80,0,48,"WRITE_SIZE",24.000000,7890691424707,7890691443550
1565,31555,"Agent 1",4,1,1,65536,9122,"fused_moe_kernel",256,0,0,80,0,48,"WRITE_SIZE",32.000000,7890691530949,7890691540571
1565,31570,"Agent 1",4,1,1,49152,9121,"fused_moe_kernel",256,0,0,80,0,48,"WRITE_SIZE",24.000000,7890691938956,7890691956597
1565,31572,"Agent 1",4,1,1,65536,9122,"fused_moe_kernel",256,0,0,80,0,48,"WRITE_SIZE",32.000000,7890692045599,7890692055381
1565,31587,"Agent 1",4,1,1,49152,9121,"fused_moe_kernel",256,0,0,80,0,48,"SQ_INSTS_VALU_MFMA_MOPS_BF16",1572864.000000,7890692472449,7890692490811
1565,31589,"Agent 1",4,1,1,65536,9122,"fused_moe_kernel",256,0,0,80,0,48,"SQ_INSTS_VALU_MFMA_MOPS_BF16",786432.000000,7890692566423,7890692576606
1565,31604,"Agent 1",4,1,1,49152,9121,"fused_moe_kernel",256,0,0,80,0,48,"SQ_INSTS_VALU_MFMA_MOPS_BF16",1572864.000000,7890692970742,7890692988623
1565,31606,"Agent 1",4,1,1,65536,9122,"fused_moe_kernel",256,0,0,80,0,48,"SQ_INSTS_VALU_MFMA_MOPS_BF16",786432.000000,7890693065277,7890693075140
1565,31621,"Agent 1",4,1,1,49152,9121,"fused_moe_kernel",256,0,0,80,0,48,"SQ_INSTS_VALU_MFMA_MOPS_BF16",1572864.000000,7890693461298,7890693479178
1565,31623,"Agent 1",4,1,1,65536,9122,"fused_moe_kernel",256,0,0,80,0,48,"SQ_INSTS_VALU_MFMA_MOPS_BF16",786432.000000,7890693547454,7890693557517
1566,31638,"Agent 1",4,1,1,49152,9121,"fused_moe_kernel",256,0,0,80,0,48,"SQ_INSTS_VALU_MFMA_MOPS_BF16",1572864.000000,7890693947884,7890693965965
1566,31640,"Agent 1",4,1,1,65536,9122,"fused_moe_kernel",256,0,0,80,0,48,"SQ_INSTS_VALU_MFMA_MOPS_BF16",786432.000000,7890694038330,7890694048633
1566,31655,"Agent 1",4,1,1,49152,9121,"fused_moe_kernel",256,0,0,80,0,48,"FETCH_SIZE",49193.500000,7890694443331,7890694461652
1566,31657,"Agent 1",4,1,1,65536,9122,"fused_moe_kernel",256,0,0,80,0,48,"FETCH_SIZE",24707.000000,7890694559475,7890694569457
1566,31672,"Agent 1",4,1,1,49152,9121,"fused_moe_kernel",256,0,0,80,0,48,"FETCH_SIZE",49195.000000,7890694992259,7890695010139
1566,31674,"Agent 1",4,1,1,65536,9122,"fused_moe_kernel",256,0,0,80,0,48,"FETCH_SIZE",24707.000000,7890695107922,7890695118105
1566,31689,"Agent 1",4,1,1,49152,9121,"fused_moe_kernel",256,0,0,80,0,48,"FETCH_SIZE",49195.000000,7890695520299,7890695538421
1566,31691,"Agent 1",4,1,1,65536,9122,"fused_moe_kernel",256,0,0,80,0,48,"FETCH_SIZE",24707.000000,7890695634880,7890695644542
1566,31706,"Agent 1",4,1,1,49152,9121,"fused_moe_kernel",256,0,0,80,0,48,"FETCH_SIZE",49197.750000,7890696043248,7890696061690
1566,31708,"Agent 1",4,1,1,65536,9122,"fused_moe_kernel",256,0,0,80,0,48,"FETCH_SIZE",24707.000000,7890696160635,7890696170378
1566,31723,"Agent 1",4,1,1,49152,9121,"fused_moe_kernel",256,0,0,80,0,48,"WRITE_SIZE",24.000000,7890696575539,7890696593700
1566,31725,"Agent 1",4,1,1,65536,9122,"fused_moe_kernel",256,0,0,80,0,48,"WRITE_SIZE",32.000000,7890696684106,7890696694810
1566,31740,"Agent 1",4,1,1,49152,9121,"fused_moe_kernel",256,0,0,80,0,48,"WRITE_SIZE",24.000000,7890697095521,7890697113642
1566,31742,"Agent 1",4,1,1,65536,9122,"fused_moe_kernel",256,0,0,80,0,48,"WRITE_SIZE",32.000000,7890697213590,7890697223652
1566,31757,"Agent 1",4,1,1,49152,9121,"fused_moe_kernel",256,0,0,80,0,48,"WRITE_SIZE",24.000000,7890697619913,7890697638195
1566,31759,"Agent 1",4,1,1,65536,9122,"fused_moe_kernel",256,0,0,80,0,48,"WRITE_SIZE",32.000000,7890697728520,7890697738383
1566,31774,"Agent 1",4,1,1,49152,9121,"fused_moe_kernel",256,0,0,80,0,48,"WRITE_SIZE",24.000000,7890698145308,7890698163269
1566,31776,"Agent 1",4,1,1,65536,9122,"fused_moe_kernel",256,0,0,80,0,48,"WRITE_SIZE",32.000000,7890698253714,7890698263457
1566,31791,"Agent 1",4,1,1,49152,9121,"fused_moe_kernel",256,0,0,80,0,48,"SQ_INSTS_VALU_MFMA_MOPS_BF16",1572864.000000,7890698661923,7890698680324
1566,31793,"Agent 1",4,1,1,65536,9122,"fused_moe_kernel",256,0,0,80,0,48,"SQ_INSTS_VALU_MFMA_MOPS_BF16",786432.000000,7890698750284,7890698759585
1566,31808,"Agent 1",4,1,1,49152,9121,"fused_moe_kernel",256,0,0,80,0,48,"SQ_INSTS_VALU_MFMA_MOPS_BF16",1572864.000000,7890699144460,7890699162982
1566,31810,"Agent 1",4,1,1,65536,9122,"fused_moe_kernel",256,0,0,80,0,48,"SQ_INSTS_VALU_MFMA_MOPS_BF16",786432.000000,7890699235988,7890699245850
1566,31825,"Agent 1",4,1,1,49152,9121,"fused_moe_kernel",256,0,0,80,0,48,"SQ_INSTS_VALU_MFMA_MOPS_BF16",1572864.000000,7890699628480,7890699646642
1566,31827,"Agent 1",4,1,1,65536,9122,"fused_moe_kernel",256,0,0,80,0,48,"SQ_INSTS_VALU_MFMA_MOPS_BF16",786432.000000,7890699714997,7890699724940
1566,31842,"Agent 1",4,1,1,49152,9121,"fused_moe_kernel",256,0,0,80,0,48,"SQ_INSTS_VALU_MFMA_MOPS_BF16",1572864.000000,7890700124368,7890700142329
1566,31844,"Agent 1",4,1,1,65536,9122,"fused_moe_kernel",256,0,0,80,0,48,"SQ_INSTS_VALU_MFMA_MOPS_BF16",786432.000000,7890700209281,7890700219664
1566,31859,"Agent 1",4,1,1,49152,9121,"fused_moe_kernel",256,0,0,80,0,48,"FETCH_SIZE",49194.750000,7890700604419,7890700622661
1566,31861,"Agent 1",4,1,1,65536,9122,"fused_moe_kernel",256,0,0,80,0,48,"FETCH_SIZE",24707.000000,7890700722528,7890700732551
1566,31876,"Agent 1",4,1,1,49152,9121,"fused_moe_kernel",256,0,0,80,0,48,"FETCH_SIZE",49194.500000,7890701163250,7890701181171
1566,31878,"Agent 1",4,1,1,65536,9122,"fused_moe_kernel",256,0,0,80,0,48,"FETCH_SIZE",24707.000000,7890701278592,7890701287693
1567,31893,"Agent 1",4,1,1,49152,9121,"fused_moe_kernel",256,0,0,80,0,48,"FETCH_SIZE",49195.000000,7890701707327,7890701725448
1567,31895,"Agent 1",4,1,1,65536,9122,"fused_moe_kernel",256,0,0,80,0,48,"FETCH_SIZE",24707.312500,7890701823311,7890701833293
1567,31910,"Agent 1",4,1,1,49152,9121,"fused_moe_kernel",256,0,0,80,0,48,"FETCH_SIZE",49196.500000,7890702269084,7890702287125
1567,31912,"Agent 1",4,1,1,65536,9122,"fused_moe_kernel",256,0,0,80,0,48,"FETCH_SIZE",24707.000000,7890702386511,7890702396654
1567,31927,"Agent 1",4,1,1,49152,9121,"fused_moe_kernel",256,0,0,80,0,48,"WRITE_SIZE",24.000000,7890702805464,7890702823345
1567,31929,"Agent 1",4,1,1,65536,9122,"fused_moe_kernel",256,0,0,80,0,48,"WRITE_SIZE",32.000000,7890702906975,7890702916917
1567,31944,"Agent 1",4,1,1,49152,9121,"fused_moe_kernel",256,0,0,80,0,48,"WRITE_SIZE",24.000000,7890703313058,7890703331941
1567,31946,"Agent 1",4,1,1,65536,9122,"fused_moe_kernel",256,0,0,80,0,48,"WRITE_SIZE",32.000000,7890703416694,7890703426837
1567,31961,"Agent 1",4,1,1,49152,9121,"fused_moe_kernel",256,0,0,80,0,48,"WRITE_SIZE",24.000000,7890703824541,7890703842903
1567,31963,"Agent 1",4,1,1,65536,9122,"fused_moe_kernel",256,0,0,80,0,48,"WRITE_SIZE",32.000000,7890703928177,7890703938360
1567,31978,"Agent 1",4,1,1,49152,9121,"fused_moe_kernel",256,0,0,80,0,48,"WRITE_SIZE",24.000000,7890704352421,7890704370783
1567,31980,"Agent 1",4,1,1,65536,9122,"fused_moe_kernel",256,0,0,80,0,48,"WRITE_SIZE",32.000000,7890704454052,7890704463955
1567,31995,"Agent 1",4,1,1,49152,9121,"fused_moe_kernel",256,0,0,80,0,48,"SQ_INSTS_VALU_MFMA_MOPS_BF16",1572864.000000,7890704851035,7890704868956
1567,31997,"Agent 1",4,1,1,65536,9122,"fused_moe_kernel",256,0,0,80,0,48,"SQ_INSTS_VALU_MFMA_MOPS_BF16",786432.000000,7890704931177,7890704940959
1567,32012,"Agent 1",4,1,1,49152,9121,"fused_moe_kernel",256,0,0,80,0,48,"SQ_INSTS_VALU_MFMA_MOPS_BF16",1572864.000000,7890705324552,7890705342953
1567,32014,"Agent 1",4,1,1,65536,9122,"fused_moe_kernel",256,0,0,80,0,48,"SQ_INSTS_VALU_MFMA_MOPS_BF16",786432.000000,7890705414316,7890705423657
1567,32029,"Agent 1",4,1,1,49152,9121,"fused_moe_kernel",256,0,0,80,0,48,"SQ_INSTS_VALU_MFMA_MOPS_BF16",1572864.000000,7890705794460,7890705812902
1567,32031,"Agent 1",4,1,1,65536,9122,"fused_moe_kernel",256,0,0,80,0,48,"SQ_INSTS_VALU_MFMA_MOPS_BF16",786432.000000,7890705880897,7890705890518
1567,32046,"Agent 1",4,1,1,49152,9121,"fused_moe_kernel",256,0,0,80,0,48,"SQ_INSTS_VALU_MFMA_MOPS_BF16",1572864.000000,7890706265210,7890706283532
1567,32048,"Agent 1",4,1,1,65536,9122,"fused_moe_kernel",256,0,0,80,0,48,"SQ_INSTS_VALU_MFMA_MOPS_BF16",786432.000000,7890706353451,7890706363113
1567,32063,"Agent 1",4,1,1,49152,9121,"fused_moe_kernel",256,0,0,80,0,48,"FETCH_SIZE",49194.500000,7890706736081,7890706754523
1567,32065,"Agent 1",4,1,1,65536,9122,"fused_moe_kernel",256,0,0,80,0,48,"FETCH_SIZE",24707.000000,7890706847975,7890706857637
1567,32080,"Agent 1",4,1,1,49152,9121,"fused_moe_kernel",256,0,0,80,0,48,"FETCH_SIZE",49194.500000,7890707267730,7890707287254
1567,32082,"Agent 1",4,1,1,65536,9122,"fused_moe_kernel",256,0,0,80,0,48,"FETCH_SIZE",24707.000000,7890707381148,7890707391852
1567,32097,"Agent 1",4,1,1,49152,9121,"fused_moe_kernel",256,0,0,80,0,48,"FETCH_SIZE",49194.750000,7890707787672,7890707805392
1567,32099,"Agent 1",4,1,1,65536,9122,"fused_moe_kernel",256,0,0,80,0,48,"FETCH_SIZE",24707.000000,7890707898765,7890707909068
1567,32114,"Agent 1",4,1,1,49152,9121,"fused_moe_kernel",256,0,0,80,0,48,"FETCH_SIZE",49194.500000,7890708305369,7890708323450
1567,32116,"Agent 1",4,1,1,65536,9122,"fused_moe_kernel",256,0,0,80,0,48,"FETCH_SIZE",24707.000000,7890708419870,7890708429451
1567,32131,"Agent 1",4,1,1,49152,9121,"fused_moe_kernel",256,0,0,80,0,48,"WRITE_SIZE",24.000000,7890708835655,7890708852974
1567,32133,"Agent 1",4,1,1,65536,9122,"fused_moe_kernel",256,0,0,80,0,48,"WRITE_SIZE",32.000000,7890708937005,7890708946788
1568,32148,"Agent 1",4,1,1,49152,9121,"fused_moe_kernel",256,0,0,80,0,48,"WRITE_SIZE",24.000000,7890709347258,7890709365700
1568,32150,"Agent 1",4,1,1,65536,9122,"fused_moe_kernel",256,0,0,80,0,48,"WRITE_SIZE",32.000000,7890709453379,7890709463522
1568,32165,"Agent 1",4,1,1,49152,9121,"fused_moe_kernel",256,0,0,80,0,48,"WRITE_SIZE",24.000000,7890709846473,7890709864995
1568,32167,"Agent 1",4,1,1,65536,9122,"fused_moe_kernel",256,0,0,80,0,48,"WRITE_SIZE",32.000000,7890709955762,7890709965865
1568,32182,"Agent 1",4,1,1,49152,9121,"fused_moe_kernel",256,0,0,80,0,48,"WRITE_SIZE",24.000000,7890710351181,7890710369222
1568,32184,"Agent 1",4,1,1,65536,9122,"fused_moe_kernel",256,0,0,80,0,48,"WRITE_SIZE",32.000000,7890710455538,7890710465601
1599,32229,"Agent 1",4,1,1,49152,9121,"fused_moe_kernel",256,0,0,80,0,48,"SQ_INSTS_VALU_MFMA_MOPS_BF16",1572864.000000,7890711819840,7890711839084
1599,32231,"Agent 1",4,1,1,65536,9122,"fused_moe_kernel",256,0,0,80,0,48,"SQ_INSTS_VALU_MFMA_MOPS_BF16",786432.000000,7890711972066,7890711983011
1599,32246,"Agent 1",4,1,1,49152,9121,"fused_moe_kernel",256,0,0,80,0,48,"SQ_INSTS_VALU_MFMA_MOPS_BF16",1572864.000000,7890712567179,7890712585421
1599,32248,"Agent 1",4,1,1,65536,9122,"fused_moe_kernel",256,0,0,80,0,48,"SQ_INSTS_VALU_MFMA_MOPS_BF16",786432.000000,7890712656422,7890712666285
1599,32263,"Agent 1",4,1,1,49152,9121,"fused_moe_kernel",256,0,0,80,0,48,"SQ_INSTS_VALU_MFMA_MOPS_BF16",1572864.000000,7890713610431,7890713629034
1599,32265,"Agent 1",4,1,1,65536,9122,"fused_moe_kernel",256,0,0,80,0,48,"SQ_INSTS_VALU_MFMA_MOPS_BF16",786432.000000,7890713903177,7890713913360
1599,32280,"Agent 1",4,1,1,49152,9121,"fused_moe_kernel",256,0,0,80,0,48,"SQ_INSTS_VALU_MFMA_MOPS_BF16",1572864.000000,7890726282765,7890726301207
1599,32282,"Agent 1",4,1,1,65536,9122,"fused_moe_kernel",256,0,0,80,0,48,"SQ_INSTS_VALU_MFMA_MOPS_BF16",786432.000000,7890727978701,7890727988764
1599,32297,"Agent 1",4,1,1,49152,9121,"fused_moe_kernel",256,0,0,80,0,48,"FETCH_SIZE",49196.250000,7890738089693,7890738107895
1599,32299,"Agent 1",4,1,1,65536,9122,"fused_moe_kernel",256,0,0,80,0,48,"FETCH_SIZE",24707.000000,7890741289850,7890741300073
1599,32314,"Agent 1",4,1,1,49152,9121,"fused_moe_kernel",256,0,0,80,0,48,"FETCH_SIZE",49191.500000,7890755513191,7890755530871
1599,32316,"Agent 1",4,1,1,65536,9122,"fused_moe_kernel",256,0,0,80,0,48,"FETCH_SIZE",24707.000000,7890757907996,7890757917979
1599,32331,"Agent 1",4,1,1,49152,9121,"fused_moe_kernel",256,0,0,80,0,48,"FETCH_SIZE",49195.750000,7890768845145,7890768862905
1599,32333,"Agent 1",4,1,1,65536,9122,"fused_moe_kernel",256,0,0,80,0,48,"FETCH_SIZE",24707.000000,7890771208799,7890771218541
1599,32348,"Agent 1",4,1,1,49152,9121,"fused_moe_kernel",256,0,0,80,0,48,"FETCH_SIZE",49192.750000,7890785004367,7890785023090
1599,32350,"Agent 1",4,1,1,65536,9122,"fused_moe_kernel",256,0,0,80,0,48,"FETCH_SIZE",24707.000000,7890785297434,7890785306775
1599,32365,"Agent 1",4,1,1,49152,9121,"fused_moe_kernel",256,0,0,80,0,48,"WRITE_SIZE",24.000000,7890785971166,7890785989848
1599,32367,"Agent 1",4,1,1,65536,9122,"fused_moe_kernel",256,0,0,80,0,48,"WRITE_SIZE",32.000000,7890786090958,7890786100259
1599,32382,"Agent 1",4,1,1,49152,9121,"fused_moe_kernel",256,0,0,80,0,48,"WRITE_SIZE",24.000000,7890786545271,7890786563312
1599,32384,"Agent 1",4,1,1,65536,9122,"fused_moe_kernel",256,0,0,80,0,48,"WRITE_SIZE",32.000000,7890786660172,7890786671037
1599,32399,"Agent 1",4,1,1,49152,9121,"fused_moe_kernel",256,0,0,80,0,48,"WRITE_SIZE",24.000000,7890787121902,7890787139743
1599,32401,"Agent 1",4,1,1,65536,9122,"fused_moe_kernel",256,0,0,80,0,48,"WRITE_SIZE",32.000000,7890787237365,7890787247949
1599,32416,"Agent 1",4,1,1,49152,9121,"fused_moe_kernel",256,0,0,80,0,48,"WRITE_SIZE",24.000000,7890787694845,7890787712124
1599,32418,"Agent 1",4,1,1,65536,9122,"fused_moe_kernel",256,0,0,80,0,48,"WRITE_SIZE",32.000000,7890787807140,7890787817363
1599,32433,"Agent 1",4,1,1,49152,9121,"fused_moe_kernel",256,0,0,80,0,48,"SQ_INSTS_VALU_MFMA_MOPS_BF16",1572864.000000,7890788272358,7890788289918
1599,32435,"Agent 1",4,1,1,65536,9122,"fused_moe_kernel",256,0,0,80,0,48,"SQ_INSTS_VALU_MFMA_MOPS_BF16",786432.000000,7890788365009,7890788375232
1599,32450,"Agent 1",4,1,1,49152,9121,"fused_moe_kernel",256,0,0,80,0,48,"SQ_INSTS_VALU_MFMA_MOPS_BF16",1572864.000000,7890788789454,7890788807936
1599,32452,"Agent 1",4,1,1,65536,9122,"fused_moe_kernel",256,0,0,80,0,48,"SQ_INSTS_VALU_MFMA_MOPS_BF16",786432.000000,7890788883708,7890788893210
1599,32467,"Agent 1",4,1,1,49152,9121,"fused_moe_kernel",256,0,0,80,0,48,"SQ_INSTS_VALU_MFMA_MOPS_BF16",1572864.000000,7890789330965,7890789349688
1599,32469,"Agent 1",4,1,1,65536,9122,"fused_moe_kernel",256,0,0,80,0,48,"SQ_INSTS_VALU_MFMA_MOPS_BF16",786432.000000,7890789422012,7890789431955
1600,32484,"Agent 1",4,1,1,49152,9121,"fused_moe_kernel",256,0,0,80,0,48,"SQ_INSTS_VALU_MFMA_MOPS_BF16",1572864.000000,7890789847740,7890789864859
1600,32486,"Agent 1",4,1,1,65536,9122,"fused_moe_kernel",256,0,0,80,0,48,"SQ_INSTS_VALU_MFMA_MOPS_BF16",786432.000000,7890789940711,7890789950895
1600,32501,"Agent 1",4,1,1,49152,9121,"fused_moe_kernel",256,0,0,80,0,48,"FETCH_SIZE",49195.250000,7890790376422,7890790393581
1600,32503,"Agent 1",4,1,1,65536,9122,"fused_moe_kernel",256,0,0,80,0,48,"FETCH_SIZE",24707.062500,7890790499302,7890790509886
1600,32518,"Agent 1",4,1,1,49152,9121,"fused_moe_kernel",256,0,0,80,0,48,"FETCH_SIZE",49194.750000,7890790954256,7890790972498
1600,32520,"Agent 1",4,1,1,65536,9122,"fused_moe_kernel",256,0,0,80,0,48,"FETCH_SIZE",24707.000000,7890791079020,7890791089002
1600,32535,"Agent 1",4,1,1,49152,9121,"fused_moe_kernel",256,0,0,80,0,48,"FETCH_SIZE",49196.187500,7890791545039,7890791562359
1600,32537,"Agent 1",4,1,1,65536,9122,"fused_moe_kernel",256,0,0,80,0,48,"FETCH_SIZE",24707.000000,7890791673131,7890791683715
1600,32552,"Agent 1",4,1,1,49152,9121,"fused_moe_kernel",256,0,0,80,0,48,"FETCH_SIZE",49195.750000,7890792140754,7890792159076
1600,32554,"Agent 1",4,1,1,65536,9122,"fused_moe_kernel",256,0,0,80,0,48,"FETCH_SIZE",24707.000000,7890792266760,7890792276503
1600,32569,"Agent 1",4,1,1,49152,9121,"fused_moe_kernel",256,0,0,80,0,48,"WRITE_SIZE",24.000000,7890792715501,7890792733782
1600,32571,"Agent 1",4,1,1,65536,9122,"fused_moe_kernel",256,0,0,80,0,48,"WRITE_SIZE",32.000000,7890792827195,7890792837177
1600,32586,"Agent 1",4,1,1,49152,9121,"fused_moe_kernel",256,0,0,80,0,48,"WRITE_SIZE",24.000000,7890793286038,7890793304761
1600,32588,"Agent 1",4,1,1,65536,9122,"fused_moe_kernel",256,0,0,80,0,48,"WRITE_SIZE",32.000000,7890793402864,7890793412806
1600,32603,"Agent 1",4,1,1,49152,9121,"fused_moe_kernel",256,0,0,80,0,48,"WRITE_SIZE",24.000000,7890793851363,7890793869845
1600,32605,"Agent 1",4,1,1,65536,9122,"fused_moe_kernel",256,0,0,80,0,48,"WRITE_SIZE",32.000000,7890793959770,7890793969632
1600,32620,"Agent 1",4,1,1,49152,9121,"fused_moe_kernel",256,0,0,80,0,48,"WRITE_SIZE",24.000000,7890794423344,7890794441185
1600,32622,"Agent 1",4,1,1,65536,9122,"fused_moe_kernel",256,0,0,80,0,48,"WRITE_SIZE",32.000000,7890794540290,7890794550353
1600,32637,"Agent 1",4,1,1,49152,9121,"fused_moe_kernel",256,0,0,80,0,48,"SQ_INSTS_VALU_MFMA_MOPS_BF16",1572864.000000,7890794984259,7890795002220
1600,32639,"Agent 1",4,1,1,65536,9122,"fused_moe_kernel",256,0,0,80,0,48,"SQ_INSTS_VALU_MFMA_MOPS_BF16",786432.000000,7890795069613,7890795079476
1600,32654,"Agent 1",4,1,1,49152,9121,"fused_moe_kernel",256,0,0,80,0,48,"SQ_INSTS_VALU_MFMA_MOPS_BF16",1572864.000000,7890795476659,7890795494019
1600,32656,"Agent 1",4,1,1,65536,9122,"fused_moe_kernel",256,0,0,80,0,48,"SQ_INSTS_VALU_MFMA_MOPS_BF16",786432.000000,7890795581737,7890795592401
1600,32671,"Agent 1",4,1,1,49152,9121,"fused_moe_kernel",256,0,0,80,0,48,"SQ_INSTS_VALU_MFMA_MOPS_BF16",1572864.000000,7890795998725,7890796016485
1600,32673,"Agent 1",4,1,1,65536,9122,"fused_moe_kernel",256,0,0,80,0,48,"SQ_INSTS_VALU_MFMA_MOPS_BF16",786432.000000,7890796089973,7890796099835
1600,32688,"Agent 1",4,1,1,49152,9121,"fused_moe_kernel",256,0,0,80,0,48,"SQ_INSTS_VALU_MFMA_MOPS_BF16",1572864.000000,7890796510569,7890796528409
1600,32690,"Agent 1",4,1,1,65536,9122,"fused_moe_kernel",256,0,0,80,0,48,"SQ_INSTS_VALU_MFMA_MOPS_BF16",786432.000000,7890796605465,7890796615407
1600,32705,"Agent 1",4,1,1,49152,9121,"fused_moe_kernel",256,0,0,80,0,48,"FETCH_SIZE",49197.750000,7890797035001,7890797052641
1600,32707,"Agent 1",4,1,1,65536,9122,"fused_moe_kernel",256,0,0,80,0,48,"FETCH_SIZE",24707.000000,7890797155435,7890797165899
1600,32722,"Agent 1",4,1,1,49152,9121,"fused_moe_kernel",256,0,0,80,0,48,"FETCH_SIZE",49196.750000,7890797598082,7890797616483
1600,32724,"Agent 1",4,1,1,65536,9122,"fused_moe_kernel",256,0,0,80,0,48,"FETCH_SIZE",24707.000000,7890797721923,7890797732267
1601,32739,"Agent 1",4,1,1,49152,9121,"fused_moe_kernel",256,0,0,80,0,48,"FETCH_SIZE",49196.375000,7890798164008,7890798181528
1601,32741,"Agent 1",4,1,1,65536,9122,"fused_moe_kernel",256,0,0,80,0,48,"FETCH_SIZE",24707.000000,7890798289013,7890798298314
1601,32756,"Agent 1",4,1,1,49152,9121,"fused_moe_kernel",256,0,0,80,0,48,"FETCH_SIZE",49195.000000,7890798739958,7890798758440
1601,32758,"Agent 1",4,1,1,65536,9122,"fused_moe_kernel",256,0,0,80,0,48,"FETCH_SIZE",24707.000000,7890798865604,7890798875626
1601,32773,"Agent 1",4,1,1,49152,9121,"fused_moe_kernel",256,0,0,80,0,48,"WRITE_SIZE",24.000000,7890799317752,7890799335512
1601,32775,"Agent 1",4,1,1,65536,9122,"fused_moe_kernel",256,0,0,80,0,48,"WRITE_SIZE",32.000000,7890799428283,7890799437945
1601,32790,"Agent 1",4,1,1,49152,9121,"fused_moe_kernel",256,0,0,80,0,48,"WRITE_SIZE",24.000000,7890799870769,7890799888329
1601,32792,"Agent 1",4,1,1,65536,9122,"fused_moe_kernel",256,0,0,80,0,48,"WRITE_SIZE",32.000000,7890799982784,7890799993207
1601,32807,"Agent 1",4,1,1,49152,9121,"fused_moe_kernel",256,0,0,80,0,48,"WRITE_SIZE",24.000000,7890800447039,7890800465321
1601,32809,"Agent 1",4,1,1,65536,9122,"fused_moe_kernel",256,0,0,80,0,48,"WRITE_SIZE",32.000000,7890800559976,7890800569999
1601,32824,"Agent 1",4,1,1,49152,9121,"fused_moe_kernel",256,0,0,80,0,48,"WRITE_SIZE",24.000000,7890801008195,7890801025675
1601,32826,"Agent 1",4,1,1,65536,9122,"fused_moe_kernel",256,0,0,80,0,48,"WRITE_SIZE",32.000000,7890801119729,7890801129431
1601,32841,"Agent 1",4,1,1,49152,9121,"fused_moe_kernel",256,0,0,80,0,48,"SQ_INSTS_VALU_MFMA_MOPS_BF16",1572864.000000,7890801572518,7890801590078
1601,32843,"Agent 1",4,1,1,65536,9122,"fused_moe_kernel",256,0,0,80,0,48,"SQ_INSTS_VALU_MFMA_MOPS_BF16",786432.000000,7890801663164,7890801673508
1601,32858,"Agent 1",4,1,1,49152,9121,"fused_moe_kernel",256,0,0,80,0,48,"SQ_INSTS_VALU_MFMA_MOPS_BF16",1572864.000000,7890802097512,7890802116636
1601,32860,"Agent 1",4,1,1,65536,9122,"fused_moe_kernel",256,0,0,80,0,48,"SQ_INSTS_VALU_MFMA_MOPS_BF16",786432.000000,7890802190804,7890802200867
1601,32875,"Agent 1",4,1,1,49152,9121,"fused_moe_kernel",256,0,0,80,0,48,"SQ_INSTS_VALU_MFMA_MOPS_BF16",1572864.000000,7890802595364,7890802612804
1601,32877,"Agent 1",4,1,1,65536,9122,"fused_moe_kernel",256,0,0,80,0,48,"SQ_INSTS_VALU_MFMA_MOPS_BF16",786432.000000,7890802687053,7890802697677
1601,32892,"Agent 1",4,1,1,49152,9121,"fused_moe_kernel",256,0,0,80,0,48,"SQ_INSTS_VALU_MFMA_MOPS_BF16",1572864.000000,7890803110656,7890803128456
1601,32894,"Agent 1",4,1,1,65536,9122,"fused_moe_kernel",256,0,0,80,0,48,"SQ_INSTS_VALU_MFMA_MOPS_BF16",786432.000000,7890803198616,7890803208238
1601,32909,"Agent 1",4,1,1,49152,9121,"fused_moe_kernel",256,0,0,80,0,48,"FETCH_SIZE",49194.500000,7890803607225,7890803625827
1601,32911,"Agent 1",4,1,1,65536,9122,"fused_moe_kernel",256,0,0,80,0,48,"FETCH_SIZE",24707.000000,7890803727739,7890803738483
1601,32926,"Agent 1",4,1,1,49152,9121,"fused_moe_kernel",256,0,0,80,0,48,"FETCH_SIZE",49193.500000,7890804169022,7890804186943
1601,32928,"Agent 1",4,1,1,65536,9122,"fused_moe_kernel",256,0,0,80,0,48,"FETCH_SIZE",24707.000000,7890804288253,7890804298156
1601,32943,"Agent 1",4,1,1,49152,9121,"fused_moe_kernel",256,0,0,80,0,48,"FETCH_SIZE",49194.500000,7890804737274,7890804755155
1601,32945,"Agent 1",4,1,1,65536,9122,"fused_moe_kernel",256,0,0,80,0,48,"FETCH_SIZE",24707.000000,7890804860835,7890804871459
1601,32960,"Agent 1",4,1,1,49152,9121,"fused_moe_kernel",256,0,0,80,0,48,"FETCH_SIZE",49194.500000,7890805303722,7890805322324
1601,32962,"Agent 1",4,1,1,65536,9122,"fused_moe_kernel",256,0,0,80,0,48,"FETCH_SIZE",24707.000000,7890805425960,7890805435462
1601,32977,"Agent 1",4,1,1,49152,9121,"fused_moe_kernel",256,0,0,80,0,48,"WRITE_SIZE",24.000000,7890805878750,7890805897312
1601,32979,"Agent 1",4,1,1,65536,9122,"fused_moe_kernel",256,0,0,80,0,48,"WRITE_SIZE",32.000000,7890805992328,7890806001709
1602,32994,"Agent 1",4,1,1,49152,9121,"fused_moe_kernel",256,0,0,80,0,48,"WRITE_SIZE",24.000000,7890806422305,7890806440467
1602,32996,"Agent 1",4,1,1,65536,9122,"fused_moe_kernel",256,0,0,80,0,48,"WRITE_SIZE",32.000000,7890806534921,7890806544383
1602,33011,"Agent 1",4,1,1,49152,9121,"fused_moe_kernel",256,0,0,80,0,48,"WRITE_SIZE",24.000000,7890806967986,7890806986428
1602,33013,"Agent 1",4,1,1,65536,9122,"fused_moe_kernel",256,0,0,80,0,48,"WRITE_SIZE",32.000000,7890807077996,7890807087338
1602,33028,"Agent 1",4,1,1,49152,9121,"fused_moe_kernel",256,0,0,80,0,48,"WRITE_SIZE",24.000000,7890807502121,7890807519600
1602,33030,"Agent 1",4,1,1,65536,9122,"fused_moe_kernel",256,0,0,80,0,48,"WRITE_SIZE",32.000000,7890807616862,7890807626483
1633,33075,"Agent 1",4,1,1,49152,9121,"fused_moe_kernel",256,0,0,80,0,48,"SQ_INSTS_VALU_MFMA_MOPS_BF16",1572864.000000,7890809061747,7890809080429
1633,33077,"Agent 1",4,1,1,65536,9122,"fused_moe_kernel",256,0,0,80,0,48,"SQ_INSTS_VALU_MFMA_MOPS_BF16",786432.000000,7890809167948,7890809178693
1633,33092,"Agent 1",4,1,1,49152,9121,"fused_moe_kernel",256,0,0,80,0,48,"SQ_INSTS_VALU_MFMA_MOPS_BF16",1572864.000000,7890809794413,7890809812494
1633,33094,"Agent 1",4,1,1,65536,9122,"fused_moe_kernel",256,0,0,80,0,48,"SQ_INSTS_VALU_MFMA_MOPS_BF16",786432.000000,7890809905585,7890809915007
1633,33109,"Agent 1",4,1,1,49152,9121,"fused_moe_kernel",256,0,0,80,0,48,"SQ_INSTS_VALU_MFMA_MOPS_BF16",1572864.000000,7890810947074,7890810966478
1633,33111,"Agent 1",4,1,1,65536,9122,"fused_moe_kernel",256,0,0,80,0,48,"SQ_INSTS_VALU_MFMA_MOPS_BF16",786432.000000,7890813754697,7890813764880
1633,33126,"Agent 1",4,1,1,49152,9121,"fused_moe_kernel",256,0,0,80,0,48,"SQ_INSTS_VALU_MFMA_MOPS_BF16",1572864.000000,7890825476469,7890825494631
1633,33128,"Agent 1",4,1,1,65536,9122,"fused_moe_kernel",256,0,0,80,0,48,"SQ_INSTS_VALU_MFMA_MOPS_BF16",786432.000000,7890825591771,7890825601634
1633,33143,"Agent 1",4,1,1,49152,9121,"fused_moe_kernel",256,0,0,80,0,48,"FETCH_SIZE",49196.000000,7890830823587,7890830841748
1633,33145,"Agent 1",4,1,1,65536,9122,"fused_moe_kernel",256,0,0,80,0,48,"FETCH_SIZE",24707.000000,7890831948264,7890831958848
1633,33160,"Agent 1",4,1,1,49152,9121,"fused_moe_kernel",256,0,0,80,0,48,"FETCH_SIZE",49192.500000,7890842711297,7890842729779
1633,33162,"Agent 1",4,1,1,65536,9122,"fused_moe_kernel",256,0,0,80,0,48,"FETCH_SIZE",24707.000000,7890844036510,7890844046172
1633,33177,"Agent 1",4,1,1,49152,9121,"fused_moe_kernel",256,0,0,80,0,48,"FETCH_SIZE",49197.000000,7890854183621,7890854202384
1633,33179,"Agent 1",4,1,1,65536,9122,"fused_moe_kernel",256,0,0,80,0,48,"FETCH_SIZE",24707.062500,7890854668644,7890854677945
1633,33194,"Agent 1",4,1,1,49152,9121,"fused_moe_kernel",256,0,0,80,0,48,"FETCH_SIZE",49194.000000,7890867178403,7890867197085
1633,33196,"Agent 1",4,1,1,65536,9122,"fused_moe_kernel",256,0,0,80,0,48,"FETCH_SIZE",24707.000000,7890868932832,7890868942053
1633,33211,"Agent 1",4,1,1,49152,9121,"fused_moe_kernel",256,0,0,80,0,48,"WRITE_SIZE",24.000000,7890874350229,7890874367749
1633,33213,"Agent 1",4,1,1,65536,9122,"fused_moe_kernel",256,0,0,80,0,48,"WRITE_SIZE",32.000000,7890874466133,7890874475755
1633,33228,"Agent 1",4,1,1,49152,9121,"fused_moe_kernel",256,0,0,80,0,48,"WRITE_SIZE",24.000000,7890875086183,7890875104344
1633,33230,"Agent 1",4,1,1,65536,9122,"fused_moe_kernel",256,0,0,80,0,48,"WRITE_SIZE",32.000000,7890875198318,7890875209343
1633,33245,"Agent 1",4,1,1,49152,9121,"fused_moe_kernel",256,0,0,80,0,48,"WRITE_SIZE",24.000000,7890875653593,7890875671434
1633,33247,"Agent 1",4,1,1,65536,9122,"fused_moe_kernel",256,0,0,80,0,48,"WRITE_SIZE",32.000000,7890875766009,7890875775751
1633,33262,"Agent 1",4,1,1,49152,9121,"fused_moe_kernel",256,0,0,80,0,48,"WRITE_SIZE",24.000000,7890876194022,7890876211782
1633,33264,"Agent 1",4,1,1,65536,9122,"fused_moe_kernel",256,0,0,80,0,48,"WRITE_SIZE",32.000000,7890876301787,7890876310968
1633,33279,"Agent 1",4,1,1,49152,9121,"fused_moe_kernel",256,0,0,80,0,48,"SQ_INSTS_VALU_MFMA_MOPS_BF16",1572864.000000,7890876748001,7890876765641
1633,33281,"Agent 1",4,1,1,65536,9122,"fused_moe_kernel",256,0,0,80,0,48,"SQ_INSTS_VALU_MFMA_MOPS_BF16",786432.000000,7890876845583,7890876855766
1633,33296,"Agent 1",4,1,1,49152,9121,"fused_moe_kernel",256,0,0,80,0,48,"SQ_INSTS_VALU_MFMA_MOPS_BF16",1572864.000000,7890877278929,7890877295967
1633,33298,"Agent 1",4,1,1,65536,9122,"fused_moe_kernel",256,0,0,80,0,48,"SQ_INSTS_VALU_MFMA_MOPS_BF16",786432.000000,7890877365966,7890877376390
1633,33313,"Agent 1",4,1,1,49152,9121,"fused_moe_kernel",256,0,0,80,0,48,"SQ_INSTS_VALU_MFMA_MOPS_BF16",1572864.000000,7890877790452,7890877808412
1633,33315,"Agent 1",4,1,1,65536,9122,"fused_moe_kernel",256,0,0,80,0,48,"SQ_INSTS_VALU_MFMA_MOPS_BF16",786432.000000,7890877885909,7890877895891
1634,33330,"Agent 1",4,1,1,49152,9121,"fused_moe_kernel",256,0,0,80,0,48,"SQ_INSTS_VALU_MFMA_MOPS_BF16",1572864.000000,7890878304581,7890878323824
1634,33332,"Agent 1",4,1,1,65536,9122,"fused_moe_kernel",256,0,0,80,0,48,"SQ_INSTS_VALU_MFMA_MOPS_BF16",786432.000000,7890878399957,7890878410541
1634,33347,"Agent 1",4,1,1,49152,9121,"fused_moe_kernel",256,0,0,80,0,48,"FETCH_SIZE",49194.750000,7890878828251,7890878846212
1634,33349,"Agent 1",4,1,1,65536,9122,"fused_moe_kernel",256,0,0,80,0,48,"FETCH_SIZE",24707.000000,7890878951572,7890878961033
1634,33364,"Agent 1",4,1,1,49152,9121,"fused_moe_kernel",256,0,0,80,0,48,"FETCH_SIZE",49194.750000,7890879411858,7890879430741
1634,33366,"Agent 1",4,1,1,65536,9122,"fused_moe_kernel",256,0,0,80,0,48,"FETCH_SIZE",24707.000000,7890879533575,7890879543317
1634,33381,"Agent 1",4,1,1,49152,9121,"fused_moe_kernel",256,0,0,80,0,48,"FETCH_SIZE",49196.062500,7890879999514,7890880018157
1634,33383,"Agent 1",4,1,1,65536,9122,"fused_moe_kernel",256,0,0,80,0,48,"FETCH_SIZE",24707.000000,7890880124599,7890880134421
1634,33398,"Agent 1",4,1,1,49152,9121,"fused_moe_kernel",256,0,0,80,0,48,"FETCH_SIZE",49195.625000,7890880590939,7890880608700
1634,33400,"Agent 1",4,1,1,65536,9122,"fused_moe_kernel",256,0,0,80,0,48,"FETCH_SIZE",24707.000000,7890880708847,7890880719792
1634,33415,"Agent 1",4,1,1,49152,9121,"fused_moe_kernel",256,0,0,80,0,48,"WRITE_SIZE",24.000000,7890881169855,7890881189139
1634,33417,"Agent 1",4,1,1,65536,9122,"fused_moe_kernel",256,0,0,80,0,48,"WRITE_SIZE",32.000000,7890881285077,7890881295060
1634,33432,"Agent 1",4,1,1,49152,9121,"fused_moe_kernel",256,0,0,80,0,48,"WRITE_SIZE",24.000000,7890881750255,7890881768537
1634,33434,"Agent 1",4,1,1,65536,9122,"fused_moe_kernel",256,0,0,80,0,48,"WRITE_SIZE",32.000000,7890881856416,7890881866600
1634,33449,"Agent 1",4,1,1,49152,9121,"fused_moe_kernel",256,0,0,80,0,48,"WRITE_SIZE",24.000000,7890882301228,7890882319509
1634,33451,"Agent 1",4,1,1,65536,9122,"fused_moe_kernel",256,0,0,80,0,48,"WRITE_SIZE",32.000000,7890882417572,7890882427916
1634,33466,"Agent 1",4,1,1,49152,9121,"fused_moe_kernel",256,0,0,80,0,48,"WRITE_SIZE",24.000000,7890882868077,7890882886519
1634,33468,"Agent 1",4,1,1,65536,9122,"fused_moe_kernel",256,0,0,80,0,48,"WRITE_SIZE",32.000000,7890882985784,7890882995647
1634,33483,"Agent 1",4,1,1,49152,9121,"fused_moe_kernel",256,0,0,80,0,48,"SQ_INSTS_VALU_MFMA_MOPS_BF16",1572864.000000,7890883428912,7890883447634
1634,33485,"Agent 1",4,1,1,65536,9122,"fused_moe_kernel",256,0,0,80,0,48,"SQ_INSTS_VALU_MFMA_MOPS_BF16",786432.000000,7890883526133,7890883535394
1634,33500,"Agent 1",4,1,1,49152,9121,"fused_moe_kernel",256,0,0,80,0,48,"SQ_INSTS_VALU_MFMA_MOPS_BF16",1572864.000000,7890883968779,7890883986540
1634,33502,"Agent 1",4,1,1,65536,9122,"fused_moe_kernel",256,0,0,80,0,48,"SQ_INSTS_VALU_MFMA_MOPS_BF16",786432.000000,7890884066642,7890884077266
1634,33517,"Agent 1",4,1,1,49152,9121,"fused_moe_kernel",256,0,0,80,0,48,"SQ_INSTS_VALU_MFMA_MOPS_BF16",1572864.000000,7890884502633,7890884521917
1634,33519,"Agent 1",4,1,1,65536,9122,"fused_moe_kernel",256,0,0,80,0,48,"SQ_INSTS_VALU_MFMA_MOPS_BF16",786432.000000,7890884599975,7890884609797
1634,33534,"Agent 1",4,1,1,49152,9121,"fused_moe_kernel",256,0,0,80,0,48,"SQ_INSTS_VALU_MFMA_MOPS_BF16",1572864.000000,7890885034402,7890885052443
1634,33536,"Agent 1",4,1,1,65536,9122,"fused_moe_kernel",256,0,0,80,0,48,"SQ_INSTS_VALU_MFMA_MOPS_BF16",786432.000000,7890885119075,7890885130300
1634,33551,"Agent 1",4,1,1,49152,9121,"fused_moe_kernel",256,0,0,80,0,48,"FETCH_SIZE",49194.000000,7890885562764,7890885581085
1634,33553,"Agent 1",4,1,1,65536,9122,"fused_moe_kernel",256,0,0,80,0,48,"FETCH_SIZE",24707.000000,7890885686164,7890885696628
1634,33568,"Agent 1",4,1,1,49152,9121,"fused_moe_kernel",256,0,0,80,0,48,"FETCH_SIZE",49194.625000,7890886160362,7890886178925
1634,33570,"Agent 1",4,1,1,65536,9122,"fused_moe_kernel",256,0,0,80,0,48,"FETCH_SIZE",24707.000000,7890886284204,7890886294227
1635,33585,"Agent 1",4,1,1,49152,9121,"fused_moe_kernel",256,0,0,80,0,48,"FETCH_SIZE",49193.250000,7890886746375,7890886764857
1635,33587,"Agent 1",4,1,1,65536,9122,"fused_moe_kernel",256,0,0,80,0,48,"FETCH_SIZE",24707.000000,7890886873464,7890886884048
1635,33602,"Agent 1",4,1,1,49152,9121,"fused_moe_kernel",256,0,0,80,0,48,"FETCH_SIZE",49194.250000,7890887353435,7890887371035
1635,33604,"Agent 1",4,1,1,65536,9122,"fused_moe_kernel",256,0,0,80,0,48,"FETCH_SIZE",24707.500000,7890887482649,7890887492231
1635,33619,"Agent 1",4,1,1,49152,9121,"fused_moe_kernel",256,0,0,80,0,48,"WRITE_SIZE",24.000000,7890887929425,7890887947947
1635,33621,"Agent 1",4,1,1,65536,9122,"fused_moe_kernel",256,0,0,80,0,48,"WRITE_SIZE",32.000000,7890888048014,7890888059320
1635,33636,"Agent 1",4,1,1,49152,9121,"fused_moe_kernel",256,0,0,80,0,48,"WRITE_SIZE",24.000000,7890888504091,7890888522694
1635,33638,"Agent 1",4,1,1,65536,9122,"fused_moe_kernel",256,0,0,80,0,48,"WRITE_SIZE",32.000000,7890888620677,7890888630739
1635,33653,"Agent 1",4,1,1,49152,9121,"fused_moe_kernel",256,0,0,80,0,48,"WRITE_SIZE",24.000000,7890889070379,7890889089021
1635,33655,"Agent 1",4,1,1,65536,9122,"fused_moe_kernel",256,0,0,80,0,48,"WRITE_SIZE",32.000000,7890889188247,7890889197989
1635,33670,"Agent 1",4,1,1,49152,9121,"fused_moe_kernel",256,0,0,80,0,48,"WRITE_SIZE",24.000000,7890889642480,7890889661323
1635,33672,"Agent 1",4,1,1,65536,9122,"fused_moe_kernel",256,0,0,80,0,48,"WRITE_SIZE",32.000000,7890889745795,7890889757421
1635,33687,"Agent 1",4,1,1,49152,9121,"fused_moe_kernel",256,0,0,80,0,48,"SQ_INSTS_VALU_MFMA_MOPS_BF16",1572864.000000,7890890182307,7890890200829
1635,33689,"Agent 1",4,1,1,65536,9122,"fused_moe_kernel",256,0,0,80,0,48,"SQ_INSTS_VALU_MFMA_MOPS_BF16",786432.000000,7890890273434,7890890283698
1635,33704,"Agent 1",4,1,1,49152,9121,"fused_moe_kernel",256,0,0,80,0,48,"SQ_INSTS_VALU_MFMA_MOPS_BF16",1572864.000000,7890890701087,7890890718767
1635,33706,"Agent 1",4,1,1,65536,9122,"fused_moe_kernel",256,0,0,80,0,48,"SQ_INSTS_VALU_MFMA_MOPS_BF16",786432.000000,7890890791893,7890890802117
1635,33721,"Agent 1",4,1,1,49152,9121,"fused_moe_kernel",256,0,0,80,0,48,"SQ_INSTS_VALU_MFMA_MOPS_BF16",1572864.000000,7890891218102,7890891235422
1635,33723,"Agent 1",4,1,1,65536,9122,"fused_moe_kernel",256,0,0,80,0,48,"SQ_INSTS_VALU_MFMA_MOPS_BF16",786432.000000,7890891309350,7890891319653
1635,33738,"Agent 1",4,1,1,49152,9121,"fused_moe_kernel",256,0,0,80,0,48,"SQ_INSTS_VALU_MFMA_MOPS_BF16",1572864.000000,7890891743778,7890891761939
1635,33740,"Agent 1",4,1,1,65536,9122,"fused_moe_kernel",256,0,0,80,0,48,"SQ_INSTS_VALU_MFMA_MOPS_BF16",786432.000000,7890891830214,7890891840758
1635,33755,"Agent 1",4,1,1,49152,9121,"fused_moe_kernel",256,0,0,80,0,48,"FETCH_SIZE",49194.750000,7890892253737,7890892271939
1635,33757,"Agent 1",4,1,1,65536,9122,"fused_moe_kernel",256,0,0,80,0,48,"FETCH_SIZE",24707.000000,7890892378822,7890892388724
1635,33772,"Agent 1",4,1,1,49152,9121,"fused_moe_kernel",256,0,0,80,0,48,"FETCH_SIZE",49196.000000,7890892818742,7890892836743
1635,33774,"Agent 1",4,1,1,65536,9122,"fused_moe_kernel",256,0,0,80,0,48,"FETCH_SIZE",24707.000000,7890892943024,7890892953167
1635,33789,"Agent 1",4,1,1,49152,9121,"fused_moe_kernel",256,0,0,80,0,48,"FETCH_SIZE",49193.000000,7890893399783,7890893417984
1635,33791,"Agent 1",4,1,1,65536,9122,"fused_moe_kernel",256,0,0,80,0,48,"FETCH_SIZE",24707.000000,7890893523424,7890893533848
1635,33806,"Agent 1",4,1,1,49152,9121,"fused_moe_kernel",256,0,0,80,0,48,"FETCH_SIZE",49195.250000,7890893968917,7890893987118
1635,33808,"Agent 1",4,1,1,65536,9122,"fused_moe_kernel",256,0,0,80,0,48,"FETCH_SIZE",24707.000000,7890894092237,7890894102020
1635,33823,"Agent 1",4,1,1,49152,9121,"fused_moe_kernel",256,0,0,80,0,48,"WRITE_SIZE",24.000000,7890894549798,7890894568280
1635,33825,"Agent 1",4,1,1,65536,9122,"fused_moe_kernel",256,0,0,80,0,48,"WRITE_SIZE",32.000000,7890894661652,7890894672196
1636,33840,"Agent 1",4,1,1,49152,9121,"fused_moe_kernel",256,0,0,80,0,48,"WRITE_SIZE",24.000000,7890895088463,7890895106584
1636,33842,"Agent 1",4,1,1,65536,9122,"fused_moe_kernel",256,0,0,80,0,48,"WRITE_SIZE",32.000000,7890895201600,7890895211182
1636,33857,"Agent 1",4,1,1,49152,9121,"fused_moe_kernel",256,0,0,80,0,48,"WRITE_SIZE",24.000000,7890895625002,7890895643364
1636,33859,"Agent 1",4,1,1,65536,9122,"fused_moe_kernel",256,0,0,80,0,48,"WRITE_SIZE",32.000000,7890895732527,7890895743432
1636,33874,"Agent 1",4,1,1,49152,9121,"fused_moe_kernel",256,0,0,80,0,48,"WRITE_SIZE",24.000000,7890896136445,7890896155048
1636,33876,"Agent 1",4,1,1,65536,9122,"fused_moe_kernel",256,0,0,80,0,48,"WRITE_SIZE",32.000000,7890896246375,7890896256438
1667,33921,"Agent 1",4,1,1,49152,9121,"fused_moe_kernel",256,0,0,80,0,48,"SQ_INSTS_VALU_MFMA_MOPS_BF16",1572864.000000,7890897594521,7890897612161
1667,33923,"Agent 1",4,1,1,65536,9122,"fused_moe_kernel",256,0,0,80,0,48,"SQ_INSTS_VALU_MFMA_MOPS_BF16",786432.000000,7890897756449,7890897766111
1667,33938,"Agent 1",4,1,1,49152,9121,"fused_moe_kernel",256,0,0,80,0,48,"SQ_INSTS_VALU_MFMA_MOPS_BF16",1572864.000000,7890898515615,7890898533095
1667,33940,"Agent 1",4,1,1,65536,9122,"fused_moe_kernel",256,0,0,80,0,48,"SQ_INSTS_VALU_MFMA_MOPS_BF16",786432.000000,7890898778092,7890898788315
1667,33955,"Agent 1",4,1,1,49152,9121,"fused_moe_kernel",256,0,0,80,0,48,"SQ_INSTS_VALU_MFMA_MOPS_BF16",1572864.000000,7890903609718,7890903627318
1667,33957,"Agent 1",4,1,1,65536,9122,"fused_moe_kernel",256,0,0,80,0,48,"SQ_INSTS_VALU_MFMA_MOPS_BF16",786432.000000,7890905470629,7890905479810
1667,33972,"Agent 1",4,1,1,49152,9121,"fused_moe_kernel",256,0,0,80,0,48,"SQ_INSTS_VALU_MFMA_MOPS_BF16",1572864.000000,7890917242595,7890917260917
1667,33974,"Agent 1",4,1,1,65536,9122,"fused_moe_kernel",256,0,0,80,0,48,"SQ_INSTS_VALU_MFMA_MOPS_BF16",786432.000000,7890918997024,7890919006846
1667,33989,"Agent 1",4,1,1,49152,9121,"fused_moe_kernel",256,0,0,80,0,48,"FETCH_SIZE",49196.250000,7890930798106,7890930817390
1667,33991,"Agent 1",4,1,1,65536,9122,"fused_moe_kernel",256,0,0,80,0,48,"FETCH_SIZE",24707.500000,7890932487788,7890932497450
1667,34006,"Agent 1",4,1,1,49152,9121,"fused_moe_kernel",256,0,0,80,0,48,"FETCH_SIZE",49195.500000,7890942868190,7890942886552
1667,34008,"Agent 1",4,1,1,65536,9122,"fused_moe_kernel",256,0,0,80,0,48,"FETCH_SIZE",24707.000000,7890942988503,7890942997965
1667,34023,"Agent 1",4,1,1,49152,9121,"fused_moe_kernel",256,0,0,80,0,48,"FETCH_SIZE",49196.750000,7890947374516,7890947391876
1667,34025,"Agent 1",4,1,1,65536,9122,"fused_moe_kernel",256,0,0,80,0,48,"FETCH_SIZE",24707.375000,7890947503409,7890947512790
1667,34040,"Agent 1",4,1,1,49152,9121,"fused_moe_kernel",256,0,0,80,0,48,"FETCH_SIZE",49194.500000,7890948045682,7890948063803
1667,34042,"Agent 1",4,1,1,65536,9122,"fused_moe_kernel",256,0,0,80,0,48,"FETCH_SIZE",24707.000000,7890948155612,7890948165595
1667,34057,"Agent 1",4,1,1,49152,9121,"fused_moe_kernel",256,0,0,80,0,48,"WRITE_SIZE",24.000000,7890948574404,7890948592566
1667,34059,"Agent 1",4,1,1,65536,9122,"fused_moe_kernel",256,0,0,80,0,48,"WRITE_SIZE",32.000000,7890948684655,7890948693996
1667,34074,"Agent 1",4,1,1,49152,9121,"fused_moe_kernel",256,0,0,80,0,48,"WRITE_SIZE",24.000000,7890949094868,7890949112267
1667,34076,"Agent 1",4,1,1,65536,9122,"fused_moe_kernel",256,0,0,80,0,48,"WRITE_SIZE",32.000000,7890949208286,7890949218509
1667,34091,"Agent 1",4,1,1,49152,9121,"fused_moe_kernel",256,0,0,80,0,48,"WRITE_SIZE",24.000000,7890949623790,7890949642192
1667,34093,"Agent 1",4,1,1,65536,9122,"fused_moe_kernel",256,0,0,80,0,48,"WRITE_SIZE",32.000000,7890949729551,7890949738932
1667,34108,"Agent 1",4,1,1,49152,9121,"fused_moe_kernel",256,0,0,80,0,48,"WRITE_SIZE",24.000000,7890950138080,7890950156482
1667,34110,"Agent 1",4,1,1,65536,9122,"fused_moe_kernel",256,0,0,80,0,48,"WRITE_SIZE",32.000000,7890950244201,7890950253743
1667,34125,"Agent 1",4,1,1,49152,9121,"fused_moe_kernel",256,0,0,80,0,48,"SQ_INSTS_VALU_MFMA_MOPS_BF16",1572864.000000,7890950633727,7890950651647
1667,34127,"Agent 1",4,1,1,65536,9122,"fused_moe_kernel",256,0,0,80,0,48,"SQ_INSTS_VALU_MFMA_MOPS_BF16",786432.000000,7890950717477,7890950727259
1667,34142,"Agent 1",4,1,1,49152,9121,"fused_moe_kernel",256,0,0,80,0,48,"SQ_INSTS_VALU_MFMA_MOPS_BF16",1572864.000000,7890951111573,7890951129574
1667,34144,"Agent 1",4,1,1,65536,9122,"fused_moe_kernel",256,0,0,80,0,48,"SQ_INSTS_VALU_MFMA_MOPS_BF16",786432.000000,7890951206068,7890951215850
1667,34159,"Agent 1",4,1,1,49152,9121,"fused_moe_kernel",256,0,0,80,0,48,"SQ_INSTS_VALU_MFMA_MOPS_BF16",1572864.000000,7890951597117,7890951615319
1667,34161,"Agent 1",4,1,1,65536,9122,"fused_moe_kernel",256,0,0,80,0,48,"SQ_INSTS_VALU_MFMA_MOPS_BF16",786432.000000,7890951684636,7890951694940
1668,34176,"Agent 1",4,1,1,49152,9121,"fused_moe_kernel",256,0,0,80,0,48,"SQ_INSTS_VALU_MFMA_MOPS_BF16",1572864.000000,7890952074162,7890952093245
1668,34178,"Agent 1",4,1,1,65536,9122,"fused_moe_kernel",256,0,0,80,0,48,"SQ_INSTS_VALU_MFMA_MOPS_BF16",786432.000000,7890952162443,7890952172064
1668,34193,"Agent 1",4,1,1,49152,9121,"fused_moe_kernel",256,0,0,80,0,48,"FETCH_SIZE",49197.250000,7890952559425,7890952578348
1668,34195,"Agent 1",4,1,1,65536,9122,"fused_moe_kernel",256,0,0,80,0,48,"FETCH_SIZE",24707.000000,7890952680701,7890952690603
1668,34210,"Agent 1",4,1,1,49152,9121,"fused_moe_kernel",256,0,0,80,0,48,"FETCH_SIZE",49193.750000,7890953111841,7890953129401
1668,34212,"Agent 1",4,1,1,65536,9122,"fused_moe_kernel",256,0,0,80,0,48,"FETCH_SIZE",24707.062500,7890953225379,7890953235162
1668,34227,"Agent 1",4,1,1,49152,9121,"fused_moe_kernel",256,0,0,80,0,48,"FETCH_SIZE",49195.500000,7890953634229,7890953651548
1668,34229,"Agent 1",4,1,1,65536,9122,"fused_moe_kernel",256,0,0,80,0,48,"FETCH_SIZE",24707.000000,7890953745522,7890953755745
1668,34244,"Agent 1",4,1,1,49152,9121,"fused_moe_kernel",256,0,0,80,0,48,"FETCH_SIZE",49196.000000,7890954146794,7890954164755
1668,34246,"Agent 1",4,1,1,65536,9122,"fused_moe_kernel",256,0,0,80,0,48,"FETCH_SIZE",24707.000000,7890954269834,7890954279697
1668,34261,"Agent 1",4,1,1,49152,9121,"fused_moe_kernel",256,0,0,80,0,48,"WRITE_SIZE",24.000000,7890954685259,7890954702859
1668,34263,"Agent 1",4,1,1,65536,9122,"fused_moe_kernel",256,0,0,80,0,48,"WRITE_SIZE",32.000000,7890954785647,7890954795309
1668,34278,"Agent 1",4,1,1,49152,9121,"fused_moe_kernel",256,0,0,80,0,48,"WRITE_SIZE",24.000000,7890955193574,7890955211255
1668,34280,"Agent 1",4,1,1,65536,9122,"fused_moe_kernel",256,0,0,80,0,48,"WRITE_SIZE",32.000000,7890955293001,7890955302903
1668,34295,"Agent 1",4,1,1,49152,9121,"fused_moe_kernel",256,0,0,80,0,48,"WRITE_SIZE",24.000000,7890955698964,7890955716403
1668,34297,"Agent 1",4,1,1,65536,9122,"fused_moe_kernel",256,0,0,80,0,48,"WRITE_SIZE",32.000000,7890955803201,7890955813584
1668,34312,"Agent 1",4,1,1,49152,9121,"fused_moe_kernel",256,0,0,80,0,48,"WRITE_SIZE",24.000000,7890956211128,7890956228889
1668,34314,"Agent 1",4,1,1,65536,9122,"fused_moe_kernel",256,0,0,80,0,48,"WRITE_SIZE",32.000000,7890956311797,7890956321379
1668,34329,"Agent 1",4,1,1,49152,9121,"fused_moe_kernel",256,0,0,80,0,48,"SQ_INSTS_VALU_MFMA_MOPS_BF16",1572864.000000,7890956719203,7890956736763
1668,34331,"Agent 1",4,1,1,65536,9122,"fused_moe_kernel",256,0,0,80,0,48,"SQ_INSTS_VALU_MFMA_MOPS_BF16",786432.000000,7890956807324,7890956817828
1668,34346,"Agent 1",4,1,1,49152,9121,"fused_moe_kernel",256,0,0,80,0,48,"SQ_INSTS_VALU_MFMA_MOPS_BF16",1572864.000000,7890957198212,7890957216414
1668,34348,"Agent 1",4,1,1,65536,9122,"fused_moe_kernel",256,0,0,80,0,48,"SQ_INSTS_VALU_MFMA_MOPS_BF16",786432.000000,7890957285812,7890957295393
1668,34363,"Agent 1",4,1,1,49152,9121,"fused_moe_kernel",256,0,0,80,0,48,"SQ_INSTS_VALU_MFMA_MOPS_BF16",1572864.000000,7890957672571,7890957690772
1668,34365,"Agent 1",4,1,1,65536,9122,"fused_moe_kernel",256,0,0,80,0,48,"SQ_INSTS_VALU_MFMA_MOPS_BF16",786432.000000,7890957758687,7890957768269
1668,34380,"Agent 1",4,1,1,49152,9121,"fused_moe_kernel",256,0,0,80,0,48,"SQ_INSTS_VALU_MFMA_MOPS_BF16",1572864.000000,7890958147210,7890958165171
1668,34382,"Agent 1",4,1,1,65536,9122,"fused_moe_kernel",256,0,0,80,0,48,"SQ_INSTS_VALU_MFMA_MOPS_BF16",786432.000000,7890958227312,7890958237455
1668,34397,"Agent 1",4,1,1,49152,9121,"fused_moe_kernel",256,0,0,80,0,48,"FETCH_SIZE",49194.000000,7890958616036,7890958633556
1668,34399,"Agent 1",4,1,1,65536,9122,"fused_moe_kernel",256,0,0,80,0,48,"FETCH_SIZE",24707.000000,7890958729895,7890958739357
1668,34414,"Agent 1",4,1,1,49152,9121,"fused_moe_kernel",256,0,0,80,0,48,"FETCH_SIZE",49196.500000,7890959137301,7890959155302
1668,34416,"Agent 1",4,1,1,65536,9122,"fused_moe_kernel",256,0,0,80,0,48,"FETCH_SIZE",24707.000000,7890959249597,7890959258978
1669,34431,"Agent 1",4,1,1,49152,9121,"fused_moe_kernel",256,0,0,80,0,48,"FETCH_SIZE",49195.250000,7890959665903,7890959683984
1669,34433,"Agent 1",4,1,1,65536,9122,"fused_moe_kernel",256,0,0,80,0,48,"FETCH_SIZE",24707.000000,7890959779321,7890959788823
1669,34448,"Agent 1",4,1,1,49152,9121,"fused_moe_kernel",256,0,0,80,0,48,"FETCH_SIZE",49197.000000,7890960184282,7890960202523
1669,34450,"Agent 1",4,1,1,65536,9122,"fused_moe_kernel",256,0,0,80,0,48,"FETCH_SIZE",24707.000000,7890960300065,7890960309968
1669,34465,"Agent 1",4,1,1,49152,9121,"fused_moe_kernel",256,0,0,80,0,48,"WRITE_SIZE",24.000000,7890960700937,7890960719379
1669,34467,"Agent 1",4,1,1,65536,9122,"fused_moe_kernel",256,0,0,80,0,48,"WRITE_SIZE",32.000000,7890960806216,7890960816359
1669,34482,"Agent 1",4,1,1,49152,9121,"fused_moe_kernel",256,0,0,80,0,48,"WRITE_SIZE",24.000000,7890961206927,7890961224207
1669,34484,"Agent 1",4,1,1,65536,9122,"fused_moe_kernel",256,0,0,80,0,48,"WRITE_SIZE",32.000000,7890961311445,7890961320906
1669,34499,"Agent 1",4,1,1,49152,9121,"fused_moe_kernel",256,0,0,80,0,48,"WRITE_SIZE",24.000000,7890961706704,7890961725065
1669,34501,"Agent 1",4,1,1,65536,9122,"fused_moe_kernel",256,0,0,80,0,48,"WRITE_SIZE",32.000000,7890961810139,7890961820322
1669,34516,"Agent 1",4,1,1,49152,9121,"fused_moe_kernel",256,0,0,80,0,48,"WRITE_SIZE",24.000000,7890962201108,7890962219790
1669,34518,"Agent 1",4,1,1,65536,9122,"fused_moe_kernel",256,0,0,80,0,48,"WRITE_SIZE",32.000000,7890962309354,7890962319417
1669,34533,"Agent 1",4,1,1,49152,9121,"fused_moe_kernel",256,0,0,80,0,48,"SQ_INSTS_VALU_MFMA_MOPS_BF16",1572864.000000,7890962711588,7890962730912
1669,34535,"Agent 1",4,1,1,65536,9122,"fused_moe_kernel",256,0,0,80,0,48,"SQ_INSTS_VALU_MFMA_MOPS_BF16",786432.000000,7890962802916,7890962812097
1669,34550,"Agent 1",4,1,1,49152,9121,"fused_moe_kernel",256,0,0,80,0,48,"SQ_INSTS_VALU_MFMA_MOPS_BF16",1572864.000000,7890963186228,7890963203747
1669,34552,"Agent 1",4,1,1,65536,9122,"fused_moe_kernel",256,0,0,80,0,48,"SQ_INSTS_VALU_MFMA_MOPS_BF16",786432.000000,7890963269417,7890963279239
1669,34567,"Agent 1",4,1,1,49152,9121,"fused_moe_kernel",256,0,0,80,0,48,"SQ_INSTS_VALU_MFMA_MOPS_BF16",1572864.000000,7890963645151,7890963663192
1669,34569,"Agent 1",4,1,1,65536,9122,"fused_moe_kernel",256,0,0,80,0,48,"SQ_INSTS_VALU_MFMA_MOPS_BF16",786432.000000,7890963731066,7890963741731
1669,34584,"Agent 1",4,1,1,49152,9121,"fused_moe_kernel",256,0,0,80,0,48,"SQ_INSTS_VALU_MFMA_MOPS_BF16",1572864.000000,7890964104636,7890964122075
1669,34586,"Agent 1",4,1,1,65536,9122,"fused_moe_kernel",256,0,0,80,0,48,"SQ_INSTS_VALU_MFMA_MOPS_BF16",786432.000000,7890964187745,7890964197968
1669,34601,"Agent 1",4,1,1,49152,9121,"fused_moe_kernel",256,0,0,80,0,48,"FETCH_SIZE",49194.250000,7890964559149,7890964577030
1669,34603,"Agent 1",4,1,1,65536,9122,"fused_moe_kernel",256,0,0,80,0,48,"FETCH_SIZE",24707.000000,7890964669240,7890964679463
1669,34618,"Agent 1",4,1,1,49152,9121,"fused_moe_kernel",256,0,0,80,0,48,"FETCH_SIZE",49194.250000,7890965085025,7890965103868
1669,34620,"Agent 1",4,1,1,65536,9122,"fused_moe_kernel",256,0,0,80,0,48,"FETCH_SIZE",24707.000000,7890965239897,7890965249519
1669,34635,"Agent 1",4,1,1,49152,9121,"fused_moe_kernel",256,0,0,80,0,48,"FETCH_SIZE",49194.250000,7890965655402,7890965674886
1669,34637,"Agent 1",4,1,1,65536,9122,"fused_moe_kernel",256,0,0,80,0,48,"FETCH_SIZE",24707.000000,7890965770423,7890965780566
1669,34652,"Agent 1",4,1,1,49152,9121,"fused_moe_kernel",256,0,0,80,0,48,"FETCH_SIZE",49195.250000,7890966178110,7890966195510
1669,34654,"Agent 1",4,1,1,65536,9122,"fused_moe_kernel",256,0,0,80,0,48,"FETCH_SIZE",24707.000000,7890966290045,7890966300228
1669,34669,"Agent 1",4,1,1,49152,9121,"fused_moe_kernel",256,0,0,80,0,48,"WRITE_SIZE",24.000000,7890966697130,7890966714851
1669,34671,"Agent 1",4,1,1,65536,9122,"fused_moe_kernel",256,0,0,80,0,48,"WRITE_SIZE",32.000000,7890966802330,7890966812032
1670,34686,"Agent 1",4,1,1,49152,9121,"fused_moe_kernel",256,0,0,80,0,48,"WRITE_SIZE",24.000000,7890967199954,7890967218235
1670,34688,"Agent 1",4,1,1,65536,9122,"fused_moe_kernel",256,0,0,80,0,48,"WRITE_SIZE",32.000000,7890967301585,7890967311688
1670,34703,"Agent 1",4,1,1,49152,9121,"fused_moe_kernel",256,0,0,80,0,48,"WRITE_SIZE",24.000000,7890967695962,7890967714644
1670,34705,"Agent 1",4,1,1,65536,9122,"fused_moe_kernel",256,0,0,80,0,48,"WRITE_SIZE",32.000000,7890967799116,7890967808377
1670,34720,"Agent 1",4,1,1,49152,9121,"fused_moe_kernel",256,0,0,80,0,48,"WRITE_SIZE",24.000000,7890968180022,7890968198424
1670,34722,"Agent 1",4,1,1,65536,9122,"fused_moe_kernel",256,0,0,80,0,48,"WRITE_SIZE",32.000000,7890968283257,7890968293119
1701,34767,"Agent 1",4,1,1,49152,9121,"fused_moe_kernel",256,0,0,80,0,48,"SQ_INSTS_VALU_MFMA_MOPS_BF16",1572864.000000,7890969672977,7890969691298
1701,34769,"Agent 1",4,1,1,65536,9122,"fused_moe_kernel",256,0,0,80,0,48,"SQ_INSTS_VALU_MFMA_MOPS_BF16",786432.000000,7890969790123,7890969799825
1701,34784,"Agent 1",4,1,1,49152,9121,"fused_moe_kernel",256,0,0,80,0,48,"SQ_INSTS_VALU_MFMA_MOPS_BF16",1572864.000000,7890970330592,7890970348914
1701,34786,"Agent 1",4,1,1,65536,9122,"fused_moe_kernel",256,0,0,80,0,48,"SQ_INSTS_VALU_MFMA_MOPS_BF16",786432.000000,7890970420837,7890970430820
1701,34801,"Agent 1",4,1,1,49152,9121,"fused_moe_kernel",256,0,0,80,0,48,"SQ_INSTS_VALU_MFMA_MOPS_BF16",1572864.000000,7890974428550,7890974446992
1701,34803,"Agent 1",4,1,1,65536,9122,"fused_moe_kernel",256,0,0,80,0,48,"SQ_INSTS_VALU_MFMA_MOPS_BF16",786432.000000,7890976119675,7890976128976
1701,34818,"Agent 1",4,1,1,49152,9121,"fused_moe_kernel",256,0,0,80,0,48,"SQ_INSTS_VALU_MFMA_MOPS_BF16",1572864.000000,7890986103153,7890986121355
1701,34820,"Agent 1",4,1,1,65536,9122,"fused_moe_kernel",256,0,0,80,0,48,"SQ_INSTS_VALU_MFMA_MOPS_BF16",786432.000000,7890986277750,7890986287974
1701,34835,"Agent 1",4,1,1,49152,9121,"fused_moe_kernel",256,0,0,80,0,48,"FETCH_SIZE",49195.750000,7890998061985,7890998080346
1701,34837,"Agent 1",4,1,1,65536,9122,"fused_moe_kernel",256,0,0,80,0,48,"FETCH_SIZE",24707.000000,7890999691169,7890999701272
1701,34852,"Agent 1",4,1,1,49152,9121,"fused_moe_kernel",256,0,0,80,0,48,"FETCH_SIZE",49195.000000,7891011475162,7891011493604
1701,34854,"Agent 1",4,1,1,65536,9122,"fused_moe_kernel",256,0,0,80,0,48,"FETCH_SIZE",24707.000000,7891013171459,7891013180720
1701,34869,"Agent 1",4,1,1,49152,9121,"fused_moe_kernel",256,0,0,80,0,48,"FETCH_SIZE",49197.250000,7891018485863,7891018504706
1701,34871,"Agent 1",4,1,1,65536,9122,"fused_moe_kernel",256,0,0,80,0,48,"FETCH_SIZE",24707.000000,7891018607299,7891018616881
1701,34886,"Agent 1",4,1,1,49152,9121,"fused_moe_kernel",256,0,0,80,0,48,"FETCH_SIZE",49193.750000,7891019212074,7891019230276
1701,34888,"Agent 1",4,1,1,65536,9122,"fused_moe_kernel",256,0,0,80,0,48,"FETCH_SIZE",24707.000000,7891019328940,7891019338241
1701,34903,"Agent 1",4,1,1,49152,9121,"fused_moe_kernel",256,0,0,80,0,48,"WRITE_SIZE",24.000000,7891019769822,7891019787382
1701,34905,"Agent 1",4,1,1,65536,9122,"fused_moe_kernel",256,0,0,80,0,48,"WRITE_SIZE",32.000000,7891019879031,7891019888853
1701,34920,"Agent 1",4,1,1,49152,9121,"fused_moe_kernel",256,0,0,80,0,48,"WRITE_SIZE",24.000000,7891020310331,7891020327330
1701,34922,"Agent 1",4,1,1,65536,9122,"fused_moe_kernel",256,0,0,80,0,48,"WRITE_SIZE",32.000000,7891020410038,7891020420221
1701,34937,"Agent 1",4,1,1,49152,9121,"fused_moe_kernel",256,0,0,80,0,48,"WRITE_SIZE",24.000000,7891020846310,7891020863549
1701,34939,"Agent 1",4,1,1,65536,9122,"fused_moe_kernel",256,0,0,80,0,48,"WRITE_SIZE",32.000000,7891020949104,7891020958525
1701,34954,"Agent 1",4,1,1,49152,9121,"fused_moe_kernel",256,0,0,80,0,48,"WRITE_SIZE",24.000000,7891021378520,7891021397283
1701,34956,"Agent 1",4,1,1,65536,9122,"fused_moe_kernel",256,0,0,80,0,48,"WRITE_SIZE",32.000000,7891021485764,7891021496027
1701,34971,"Agent 1",4,1,1,49152,9121,"fused_moe_kernel",256,0,0,80,0,48,"SQ_INSTS_VALU_MFMA_MOPS_BF16",1572864.000000,7891021916022,7891021933662
1701,34973,"Agent 1",4,1,1,65536,9122,"fused_moe_kernel",256,0,0,80,0,48,"SQ_INSTS_VALU_MFMA_MOPS_BF16",786432.000000,7891022008873,7891022018736
1701,34988,"Agent 1",4,1,1,49152,9121,"fused_moe_kernel",256,0,0,80,0,48,"SQ_INSTS_VALU_MFMA_MOPS_BF16",1572864.000000,7891022412591,7891022430793
1701,34990,"Agent 1",4,1,1,65536,9122,"fused_moe_kernel",256,0,0,80,0,48,"SQ_INSTS_VALU_MFMA_MOPS_BF16",786432.000000,7891022502836,7891022512899
1701,35005,"Agent 1",4,1,1,49152,9121,"fused_moe_kernel",256,0,0,80,0,48,"SQ_INSTS_VALU_MFMA_MOPS_BF16",1572864.000000,7891022918381,7891022936262
1701,35007,"Agent 1",4,1,1,65536,9122,"fused_moe_kernel",256,0,0,80,0,48,"SQ_INSTS_VALU_MFMA_MOPS_BF16",786432.000000,7891023004818,7891023014400
1702,35022,"Agent 1",4,1,1,49152,9121,"fused_moe_kernel",256,0,0,80,0,48,"SQ_INSTS_VALU_MFMA_MOPS_BF16",1572864.000000,7891023398794,7891023416795
1702,35024,"Agent 1",4,1,1,65536,9122,"fused_moe_kernel",256,0,0,80,0,48,"SQ_INSTS_VALU_MFMA_MOPS_BF16",786432.000000,7891023486914,7891023496496
1702,35039,"Agent 1",4,1,1,49152,9121,"fused_moe_kernel",256,0,0,80,0,48,"FETCH_SIZE",49193.750000,7891023884819,7891023902579
1702,35041,"Agent 1",4,1,1,65536,9122,"fused_moe_kernel",256,0,0,80,0,48,"FETCH_SIZE",24707.000000,7891023998437,7891024008420
1702,35056,"Agent 1",4,1,1,49152,9121,"fused_moe_kernel",256,0,0,80,0,48,"FETCH_SIZE",49195.875000,7891024413621,7891024431742
1702,35058,"Agent 1",4,1,1,65536,9122,"fused_moe_kernel",256,0,0,80,0,48,"FETCH_SIZE",24707.000000,7891024524834,7891024535218
1702,35073,"Agent 1",4,1,1,49152,9121,"fused_moe_kernel",256,0,0,80,0,48,"FETCH_SIZE",49195.812500,7891024955012,7891024971570
1702,35075,"Agent 1",4,1,1,65536,9122,"fused_moe_kernel",256,0,0,80,0,48,"FETCH_SIZE",24707.000000,7891025072800,7891025082903
1702,35090,"Agent 1",4,1,1,49152,9121,"fused_moe_kernel",256,0,0,80,0,48,"FETCH_SIZE",49196.000000,7891025498287,7891025516208
1702,35092,"Agent 1",4,1,1,65536,9122,"fused_moe_kernel",256,0,0,80,0,48,"FETCH_SIZE",24707.000000,7891025609099,7891025618561
1702,35107,"Agent 1",4,1,1,49152,9121,"fused_moe_kernel",256,0,0,80,0,48,"WRITE_SIZE",24.000000,7891026042044,7891026060365
1702,35109,"Agent 1",4,1,1,65536,9122,"fused_moe_kernel",256,0,0,80,0,48,"WRITE_SIZE",32.000000,7891026147163,7891026157226
1702,35124,"Agent 1",4,1,1,49152,9121,"fused_moe_kernel",256,0,0,80,0,48,"WRITE_SIZE",24.000000,7891026553968,7891026571367
1702,35126,"Agent 1",4,1,1,65536,9122,"fused_moe_kernel",256,0,0,80,0,48,"WRITE_SIZE",32.000000,7891026655879,7891026666183
1702,35141,"Agent 1",4,1,1,49152,9121,"fused_moe_kernel",256,0,0,80,0,48,"WRITE_SIZE",24.000000,7891027078320,7891027096281
1702,35143,"Agent 1",4,1,1,65536,9122,"fused_moe_kernel",256,0,0,80,0,48,"WRITE_SIZE",32.000000,7891027184802,7891027194905
1702,35158,"Agent 1",4,1,1,49152,9121,"fused_moe_kernel",256,0,0,80,0,48,"WRITE_SIZE",24.000000,7891027585714,7891027604677
1702,35160,"Agent 1",4,1,1,65536,9122,"fused_moe_kernel",256,0,0,80,0,48,"WRITE_SIZE",32.000000,7891027690271,7891027699853
1702,35175,"Agent 1",4,1,1,49152,9121,"fused_moe_kernel",256,0,0,80,0,48,"SQ_INSTS_VALU_MFMA_MOPS_BF16",1572864.000000,7891028084287,7891028102809
1702,35177,"Agent 1",4,1,1,65536,9122,"fused_moe_kernel",256,0,0,80,0,48,"SQ_INSTS_VALU_MFMA_MOPS_BF16",786432.000000,7891028172768,7891028182310
1702,35192,"Agent 1",4,1,1,49152,9121,"fused_moe_kernel",256,0,0,80,0,48,"SQ_INSTS_VALU_MFMA_MOPS_BF16",1572864.000000,7891028559207,7891028577328
1702,35194,"Agent 1",4,1,1,65536,9122,"fused_moe_kernel",256,0,0,80,0,48,"SQ_INSTS_VALU_MFMA_MOPS_BF16",786432.000000,7891028645403,7891028654744
1702,35209,"Agent 1",4,1,1,49152,9121,"fused_moe_kernel",256,0,0,80,0,48,"SQ_INSTS_VALU_MFMA_MOPS_BF16",1572864.000000,7891029056698,7891029075260
1702,35211,"Agent 1",4,1,1,65536,9122,"fused_moe_kernel",256,0,0,80,0,48,"SQ_INSTS_VALU_MFMA_MOPS_BF16",786432.000000,7891029142694,7891029151995
1702,35226,"Agent 1",4,1,1,49152,9121,"fused_moe_kernel",256,0,0,80,0,48,"SQ_INSTS_VALU_MFMA_MOPS_BF16",1572864.000000,7891029520072,7891029537872
1702,35228,"Agent 1",4,1,1,65536,9122,"fused_moe_kernel",256,0,0,80,0,48,"SQ_INSTS_VALU_MFMA_MOPS_BF16",786432.000000,7891029606428,7891029615368
1702,35243,"Agent 1",4,1,1,49152,9121,"fused_moe_kernel",256,0,0,80,0,48,"FETCH_SIZE",49195.500000,7891030009344,7891030027225
1702,35245,"Agent 1",4,1,1,65536,9122,"fused_moe_kernel",256,0,0,80,0,48,"FETCH_SIZE",24707.000000,7891030123043,7891030132825
1702,35260,"Agent 1",4,1,1,49152,9121,"fused_moe_kernel",256,0,0,80,0,48,"FETCH_SIZE",49194.000000,7891030544200,7891030562402
1702,35262,"Agent 1",4,1,1,65536,9122,"fused_moe_kernel",256,0,0,80,0,48,"FETCH_SIZE",24707.000000,7891030660344,7891030670046
1703,35277,"Agent 1",4,1,1,49152,9121,"fused_moe_kernel",256,0,0,80,0,48,"FETCH_SIZE",49194.000000,7891031103753,7891031122154
1703,35279,"Agent 1",4,1,1,65536,9122,"fused_moe_kernel",256,0,0,80,0,48,"FETCH_SIZE",24707.000000,7891031217491,7891031226672
1703,35294,"Agent 1",4,1,1,49152,9121,"fused_moe_kernel",256,0,0,80,0,48,"FETCH_SIZE",49193.500000,7891031629628,7891031647830
1703,35296,"Agent 1",4,1,1,65536,9122,"fused_moe_kernel",256,0,0,80,0,48,"FETCH_SIZE",24707.000000,7891031744850,7891031754432
1703,35311,"Agent 1",4,1,1,49152,9121,"fused_moe_kernel",256,0,0,80,0,48,"WRITE_SIZE",24.000000,7891032179639,7891032196798
1703,35313,"Agent 1",4,1,1,65536,9122,"fused_moe_kernel",256,0,0,80,0,48,"WRITE_SIZE",32.000000,7891032283034,7891032292856
1703,35328,"Agent 1",4,1,1,49152,9121,"fused_moe_kernel",256,0,0,80,0,48,"WRITE_SIZE",24.000000,7891032692244,7891032711207
1703,35330,"Agent 1",4,1,1,65536,9122,"fused_moe_kernel",256,0,0,80,0,48,"WRITE_SIZE",32.000000,7891032801373,7891032811235
1703,35345,"Agent 1",4,1,1,49152,9121,"fused_moe_kernel",256,0,0,80,0,48,"WRITE_SIZE",24.000000,7891033216396,7891033234477
1703,35347,"Agent 1",4,1,1,65536,9122,"fused_moe_kernel",256,0,0,80,0,48,"WRITE_SIZE",32.000000,7891033320393,7891033330616
1703,35362,"Agent 1",4,1,1,49152,9121,"fused_moe_kernel",256,0,0,80,0,48,"WRITE_SIZE",24.000000,7891033727117,7891033744838
1703,35364,"Agent 1",4,1,1,65536,9122,"fused_moe_kernel",256,0,0,80,0,48,"WRITE_SIZE",32.000000,7891033830112,7891033840255
1703,35379,"Agent 1",4,1,1,49152,9121,"fused_moe_kernel",256,0,0,80,0,48,"SQ_INSTS_VALU_MFMA_MOPS_BF16",1572864.000000,7891034238560,7891034256481
1703,35381,"Agent 1",4,1,1,65536,9122,"fused_moe_kernel",256,0,0,80,0,48,"SQ_INSTS_VALU_MFMA_MOPS_BF16",786432.000000,7891034324636,7891034334418
1703,35396,"Agent 1",4,1,1,49152,9121,"fused_moe_kernel",256,0,0,80,0,48,"SQ_INSTS_VALU_MFMA_MOPS_BF16",1572864.000000,7891034700811,7891034718892
1703,35398,"Agent 1",4,1,1,65536,9122,"fused_moe_kernel",256,0,0,80,0,48,"SQ_INSTS_VALU_MFMA_MOPS_BF16",786432.000000,7891034789132,7891034798714
1703,35413,"Agent 1",4,1,1,49152,9121,"fused_moe_kernel",256,0,0,80,0,48,"SQ_INSTS_VALU_MFMA_MOPS_BF16",1572864.000000,7891035183429,7891035201349
1703,35415,"Agent 1",4,1,1,65536,9122,"fused_moe_kernel",256,0,0,80,0,48,"SQ_INSTS_VALU_MFMA_MOPS_BF16",786432.000000,7891035265535,7891035274957
1703,35430,"Agent 1",4,1,1,49152,9121,"fused_moe_kernel",256,0,0,80,0,48,"SQ_INSTS_VALU_MFMA_MOPS_BF16",1572864.000000,7891035636379,7891035654780
1703,35432,"Agent 1",4,1,1,65536,9122,"fused_moe_kernel",256,0,0,80,0,48,"SQ_INSTS_VALU_MFMA_MOPS_BF16",786432.000000,7891035722575,7891035732637
1703,35447,"Agent 1",4,1,1,49152,9121,"fused_moe_kernel",256,0,0,80,0,48,"FETCH_SIZE",49194.250000,7891036094781,7891036113423
1703,35449,"Agent 1",4,1,1,65536,9122,"fused_moe_kernel",256,0,0,80,0,48,"FETCH_SIZE",24707.000000,7891036205793,7891036215736
1703,35464,"Agent 1",4,1,1,49152,9121,"fused_moe_kernel",256,0,0,80,0,48,"FETCH_SIZE",49196.500000,7891036610995,7891036628755
1703,35466,"Agent 1",4,1,1,65536,9122,"fused_moe_kernel",256,0,0,80,0,48,"FETCH_SIZE",24707.000000,7891036722488,7891036732030
1703,35481,"Agent 1",4,1,1,49152,9121,"fused_moe_kernel",256,0,0,80,0,48,"FETCH_SIZE",49194.250000,7891037130295,7891037148296
1703,35483,"Agent 1",4,1,1,65536,9122,"fused_moe_kernel",256,0,0,80,0,48,"FETCH_SIZE",24707.000000,7891037241228,7891037250689
1703,35498,"Agent 1",4,1,1,49152,9121,"fused_moe_kernel",256,0,0,80,0,48,"FETCH_SIZE",49193.250000,7891037642139,7891037660180
1703,35500,"Agent 1",4,1,1,65536,9122,"fused_moe_kernel",256,0,0,80,0,48,"FETCH_SIZE",24707.000000,7891037765620,7891037775683
1703,35515,"Agent 1",4,1,1,49152,9121,"fused_moe_kernel",256,0,0,80,0,48,"WRITE_SIZE",24.000000,7891038182207,7891038200328
1703,35517,"Agent 1",4,1,1,65536,9122,"fused_moe_kernel",256,0,0,80,0,48,"WRITE_SIZE",32.000000,7891038286083,7891038296186
1704,35532,"Agent 1",4,1,1,49152,9121,"fused_moe_kernel",256,0,0,80,0,48,"WRITE_SIZE",24.000000,7891038674927,7891038693329
1704,35534,"Agent 1",4,1,1,65536,9122,"fused_moe_kernel",256,0,0,80,0,48,"WRITE_SIZE",32.000000,7891038782853,7891038792715
1704,35549,"Agent 1",4,1,1,49152,9121,"fused_moe_kernel",256,0,0,80,0,48,"WRITE_SIZE",24.000000,7891039192584,7891039210706
1704,35551,"Agent 1",4,1,1,65536,9122,"fused_moe_kernel",256,0,0,80,0,48,"WRITE_SIZE",32.000000,7891039298946,7891039308648
1704,35566,"Agent 1",4,1,1,49152,9121,"fused_moe_kernel",256,0,0,80,0,48,"WRITE_SIZE",24.000000,7891039697492,7891039715052
1704,35568,"Agent 1",4,1,1,65536,9122,"fused_moe_kernel",256,0,0,80,0,48,"WRITE_SIZE",32.000000,7891039804416,7891039814518
1735,35613,"Agent 1",4,1,1,49152,9121,"fused_moe_kernel",256,0,0,80,0,48,"SQ_INSTS_VALU_MFMA_MOPS_BF16",1572864.000000,7891041097556,7891041116078
1735,35615,"Agent 1",4,1,1,65536,9122,"fused_moe_kernel",256,0,0,80,0,48,"SQ_INSTS_VALU_MFMA_MOPS_BF16",786432.000000,7891041193694,7891041203797
1735,35630,"Agent 1",4,1,1,49152,9121,"fused_moe_kernel",256,0,0,80,0,48,"SQ_INSTS_VALU_MFMA_MOPS_BF16",1572864.000000,7891041876928,7891041894648
1735,35632,"Agent 1",4,1,1,65536,9122,"fused_moe_kernel",256,0,0,80,0,48,"SQ_INSTS_VALU_MFMA_MOPS_BF16",786432.000000,7891041963485,7891041973267
1735,35647,"Agent 1",4,1,1,49152,9121,"fused_moe_kernel",256,0,0,80,0,48,"SQ_INSTS_VALU_MFMA_MOPS_BF16",1572864.000000,7891042971657,7891042989578
1735,35649,"Agent 1",4,1,1,65536,9122,"fused_moe_kernel",256,0,0,80,0,48,"SQ_INSTS_VALU_MFMA_MOPS_BF16",786432.000000,7891047002478,7891047012541
1735,35664,"Agent 1",4,1,1,49152,9121,"fused_moe_kernel",256,0,0,80,0,48,"SQ_INSTS_VALU_MFMA_MOPS_BF16",1572864.000000,7891057621021,7891057638541
1735,35666,"Agent 1",4,1,1,65536,9122,"fused_moe_kernel",256,0,0,80,0,48,"SQ_INSTS_VALU_MFMA_MOPS_BF16",786432.000000,7891058784827,7891058794128
1735,35681,"Agent 1",4,1,1,49152,9121,"fused_moe_kernel",256,0,0,80,0,48,"FETCH_SIZE",49195.750000,7891070507441,7891070525202
1735,35683,"Agent 1",4,1,1,65536,9122,"fused_moe_kernel",256,0,0,80,0,48,"FETCH_SIZE",24707.000000,7891072197203,7891072207467
1735,35698,"Agent 1",4,1,1,49152,9121,"fused_moe_kernel",256,0,0,80,0,48,"FETCH_SIZE",49196.000000,7891083983322,7891084001884
1735,35700,"Agent 1",4,1,1,65536,9122,"fused_moe_kernel",256,0,0,80,0,48,"FETCH_SIZE",24707.000000,7891085088114,7891085098136
1735,35715,"Agent 1",4,1,1,49152,9121,"fused_moe_kernel",256,0,0,80,0,48,"FETCH_SIZE",49193.750000,7891090113981,7891090131621
1735,35717,"Agent 1",4,1,1,65536,9122,"fused_moe_kernel",256,0,0,80,0,48,"FETCH_SIZE",24707.062500,7891090239025,7891090248647
1735,35732,"Agent 1",4,1,1,49152,9121,"fused_moe_kernel",256,0,0,80,0,48,"FETCH_SIZE",49194.500000,7891090782661,7891090800622
1735,35734,"Agent 1",4,1,1,65536,9122,"fused_moe_kernel",256,0,0,80,0,48,"FETCH_SIZE",24707.000000,7891090911274,7891090921778
1735,35749,"Agent 1",4,1,1,49152,9121,"fused_moe_kernel",256,0,0,80,0,48,"WRITE_SIZE",24.000000,7891091344940,7891091363101
1735,35751,"Agent 1",4,1,1,65536,9122,"fused_moe_kernel",256,0,0,80,0,48,"WRITE_SIZE",32.000000,7891091444246,7891091453667
1735,35766,"Agent 1",4,1,1,49152,9121,"fused_moe_kernel",256,0,0,80,0,48,"WRITE_SIZE",24.000000,7891091840707,7891091858468
1735,35768,"Agent 1",4,1,1,65536,9122,"fused_moe_kernel",256,0,0,80,0,48,"WRITE_SIZE",32.000000,7891091945425,7891091955528
1735,35783,"Agent 1",4,1,1,49152,9121,"fused_moe_kernel",256,0,0,80,0,48,"WRITE_SIZE",24.000000,7891092363736,7891092381858
1735,35785,"Agent 1",4,1,1,65536,9122,"fused_moe_kernel",256,0,0,80,0,48,"WRITE_SIZE",32.000000,7891092465528,7891092475631
1735,35800,"Agent 1",4,1,1,49152,9121,"fused_moe_kernel",256,0,0,80,0,48,"WRITE_SIZE",24.000000,7891092896708,7891092914388
1735,35802,"Agent 1",4,1,1,65536,9122,"fused_moe_kernel",256,0,0,80,0,48,"WRITE_SIZE",32.000000,7891092999582,7891093008603
1735,35817,"Agent 1",4,1,1,49152,9121,"fused_moe_kernel",256,0,0,80,0,48,"SQ_INSTS_VALU_MFMA_MOPS_BF16",1572864.000000,7891093409274,7891093427234
1735,35819,"Agent 1",4,1,1,65536,9122,"fused_moe_kernel",256,0,0,80,0,48,"SQ_INSTS_VALU_MFMA_MOPS_BF16",786432.000000,7891093488935,7891093499278
1735,35834,"Agent 1",4,1,1,49152,9121,"fused_moe_kernel",256,0,0,80,0,48,"SQ_INSTS_VALU_MFMA_MOPS_BF16",1572864.000000,7891093885717,7891093904279
1735,35836,"Agent 1",4,1,1,65536,9122,"fused_moe_kernel",256,0,0,80,0,48,"SQ_INSTS_VALU_MFMA_MOPS_BF16",786432.000000,7891093968144,7891093977686
1735,35851,"Agent 1",4,1,1,49152,9121,"fused_moe_kernel",256,0,0,80,0,48,"SQ_INSTS_VALU_MFMA_MOPS_BF16",1572864.000000,7891094365728,7891094383368
1735,35853,"Agent 1",4,1,1,65536,9122,"fused_moe_kernel",256,0,0,80,0,48,"SQ_INSTS_VALU_MFMA_MOPS_BF16",786432.000000,7891094461787,7891094471569
1736,35868,"Agent 1",4,1,1,49152,9121,"fused_moe_kernel",256,0,0,80,0,48,"SQ_INSTS_VALU_MFMA_MOPS_BF16",1572864.000000,7891094836519,7891094855161
1736,35870,"Agent 1",4,1,1,65536,9122,"fused_moe_kernel",256,0,0,80,0,48,"SQ_INSTS_VALU_MFMA_MOPS_BF16",786432.000000,7891094925722,7891094934782
1736,35885,"Agent 1",4,1,1,49152,9121,"fused_moe_kernel",256,0,0,80,0,48,"FETCH_SIZE",49194.000000,7891095332887,7891095350768
1736,35887,"Agent 1",4,1,1,65536,9122,"fused_moe_kernel",256,0,0,80,0,48,"FETCH_SIZE",24707.000000,7891095447027,7891095457010
1736,35902,"Agent 1",4,1,1,49152,9121,"fused_moe_kernel",256,0,0,80,0,48,"FETCH_SIZE",49194.250000,7891095869387,7891095887909
1736,35904,"Agent 1",4,1,1,65536,9122,"fused_moe_kernel",256,0,0,80,0,48,"FETCH_SIZE",24707.000000,7891095989300,7891095998721
1736,35919,"Agent 1",4,1,1,49152,9121,"fused_moe_kernel",256,0,0,80,0,48,"FETCH_SIZE",49195.250000,7891096423126,7891096440967
1736,35921,"Agent 1",4,1,1,65536,9122,"fused_moe_kernel",256,0,0,80,0,48,"FETCH_SIZE",24707.000000,7891096535422,7891096545926
1736,35936,"Agent 1",4,1,1,49152,9121,"fused_moe_kernel",256,0,0,80,0,48,"FETCH_SIZE",49194.750000,7891096965199,7891096983120
1736,35938,"Agent 1",4,1,1,65536,9122,"fused_moe_kernel",256,0,0,80,0,48,"FETCH_SIZE",24707.000000,7891097083548,7891097092568
1736,35953,"Agent 1",4,1,1,49152,9121,"fused_moe_kernel",256,0,0,80,0,48,"WRITE_SIZE",24.000000,7891097517174,7891097535014
1736,35955,"Agent 1",4,1,1,65536,9122,"fused_moe_kernel",256,0,0,80,0,48,"WRITE_SIZE",32.000000,7891097623576,7891097633599
1736,35970,"Agent 1",4,1,1,49152,9121,"fused_moe_kernel",256,0,0,80,0,48,"WRITE_SIZE",24.000000,7891098067104,7891098084584
1736,35972,"Agent 1",4,1,1,65536,9122,"fused_moe_kernel",256,0,0,80,0,48,"WRITE_SIZE",32.000000,7891098171261,7891098181003
1736,35987,"Agent 1",4,1,1,49152,9121,"fused_moe_kernel",256,0,0,80,0,48,"WRITE_SIZE",24.000000,7891098589332,7891098607814
1736,35989,"Agent 1",4,1,1,65536,9122,"fused_moe_kernel",256,0,0,80,0,48,"WRITE_SIZE",32.000000,7891098700144,7891098710607
1736,36004,"Agent 1",4,1,1,49152,9121,"fused_moe_kernel",256,0,0,80,0,48,"WRITE_SIZE",24.000000,7891099131524,7891099149565
1736,36006,"Agent 1",4,1,1,65536,9122,"fused_moe_kernel",256,0,0,80,0,48,"WRITE_SIZE",32.000000,7891099233075,7891099242537
1736,36021,"Agent 1",4,1,1,49152,9121,"fused_moe_kernel",256,0,0,80,0,48,"SQ_INSTS_VALU_MFMA_MOPS_BF16",1572864.000000,7891099651988,7891099670229
1736,36023,"Agent 1",4,1,1,65536,9122,"fused_moe_kernel",256,0,0,80,0,48,"SQ_INSTS_VALU_MFMA_MOPS_BF16",786432.000000,7891099734616,7891099744518
1736,36038,"Agent 1",4,1,1,49152,9121,"fused_moe_kernel",256,0,0,80,0,48,"SQ_INSTS_VALU_MFMA_MOPS_BF16",1572864.000000,7891100130155,7891100147835
1736,36040,"Agent 1",4,1,1,65536,9122,"fused_moe_kernel",256,0,0,80,0,48,"SQ_INSTS_VALU_MFMA_MOPS_BF16",786432.000000,7891100221002,7891100230263
1736,36055,"Agent 1",4,1,1,49152,9121,"fused_moe_kernel",256,0,0,80,0,48,"SQ_INSTS_VALU_MFMA_MOPS_BF16",1572864.000000,7891100616661,7891100634462
1736,36057,"Agent 1",4,1,1,65536,9122,"fused_moe_kernel",256,0,0,80,0,48,"SQ_INSTS_VALU_MFMA_MOPS_BF16",786432.000000,7891100703459,7891100712880
1736,36072,"Agent 1",4,1,1,49152,9121,"fused_moe_kernel",256,0,0,80,0,48,"SQ_INSTS_VALU_MFMA_MOPS_BF16",1572864.000000,7891101088855,7891101107417
1736,36074,"Agent 1",4,1,1,65536,9122,"fused_moe_kernel",256,0,0,80,0,48,"SQ_INSTS_VALU_MFMA_MOPS_BF16",786432.000000,7891101182668,7891101192250
1736,36089,"Agent 1",4,1,1,49152,9121,"fused_moe_kernel",256,0,0,80,0,48,"FETCH_SIZE",49196.500000,7891101568225,7891101586025
1736,36091,"Agent 1",4,1,1,65536,9122,"fused_moe_kernel",256,0,0,80,0,48,"FETCH_SIZE",24707.000000,7891101679959,7891101689461
1736,36106,"Agent 1",4,1,1,49152,9121,"fused_moe_kernel",256,0,0,80,0,48,"FETCH_SIZE",49196.250000,7891102087165,7891102104765
1736,36108,"Agent 1",4,1,1,65536,9122,"fused_moe_kernel",256,0,0,80,0,48,"FETCH_SIZE",24707.000000,7891102204111,7891102214133
1737,36123,"Agent 1",4,1,1,49152,9121,"fused_moe_kernel",256,0,0,80,0,48,"FETCH_SIZE",49195.250000,7891102615205,7891102633206
1737,36125,"Agent 1",4,1,1,65536,9122,"fused_moe_kernel",256,0,0,80,0,48,"FETCH_SIZE",24707.500000,7891102724334,7891102734517
1737,36140,"Agent 1",4,1,1,49152,9121,"fused_moe_kernel",256,0,0,80,0,48,"FETCH_SIZE",49196.250000,7891103144248,7891103162490
1737,36142,"Agent 1",4,1,1,65536,9122,"fused_moe_kernel",256,0,0,80,0,48,"FETCH_SIZE",24707.000000,7891103256103,7891103266326
1737,36157,"Agent 1",4,1,1,49152,9121,"fused_moe_kernel",256,0,0,80,0,48,"WRITE_SIZE",24.000000,7891103669924,7891103688165
1737,36159,"Agent 1",4,1,1,65536,9122,"fused_moe_kernel",256,0,0,80,0,48,"WRITE_SIZE",32.000000,7891103771033,7891103781577
1737,36174,"Agent 1",4,1,1,49152,9121,"fused_moe_kernel",256,0,0,80,0,48,"WRITE_SIZE",24.000000,7891104185897,7891104203898
1737,36176,"Agent 1",4,1,1,65536,9122,"fused_moe_kernel",256,0,0,80,0,48,"WRITE_SIZE",32.000000,7891104287207,7891104297029
1737,36191,"Agent 1",4,1,1,49152,9121,"fused_moe_kernel",256,0,0,80,0,48,"WRITE_SIZE",24.000000,7891104677655,7891104696217
1737,36193,"Agent 1",4,1,1,65536,9122,"fused_moe_kernel",256,0,0,80,0,48,"WRITE_SIZE",32.000000,7891104786061,7891104796204
1737,36208,"Agent 1",4,1,1,49152,9121,"fused_moe_kernel",256,0,0,80,0,48,"WRITE_SIZE",24.000000,7891105195232,7891105213152
1737,36210,"Agent 1",4,1,1,65536,9122,"fused_moe_kernel",256,0,0,80,0,48,"WRITE_SIZE",32.000000,7891105300471,7891105310734
1737,36225,"Agent 1",4,1,1,49152,9121,"fused_moe_kernel",256,0,0,80,0,48,"SQ_INSTS_VALU_MFMA_MOPS_BF16",1572864.000000,7891105702746,7891105719945
1737,36227,"Agent 1",4,1,1,65536,9122,"fused_moe_kernel",256,0,0,80,0,48,"SQ_INSTS_VALU_MFMA_MOPS_BF16",786432.000000,7891105783609,7891105793592
1737,36242,"Agent 1",4,1,1,49152,9121,"fused_moe_kernel",256,0,0,80,0,48,"SQ_INSTS_VALU_MFMA_MOPS_BF16",1572864.000000,7891106166280,7891106184561
1737,36244,"Agent 1",4,1,1,65536,9122,"fused_moe_kernel",256,0,0,80,0,48,"SQ_INSTS_VALU_MFMA_MOPS_BF16",786432.000000,7891106250591,7891106260734
1737,36259,"Agent 1",4,1,1,49152,9121,"fused_moe_kernel",256,0,0,80,0,48,"SQ_INSTS_VALU_MFMA_MOPS_BF16",1572864.000000,7891106616463,7891106633863
1737,36261,"Agent 1",4,1,1,65536,9122,"fused_moe_kernel",256,0,0,80,0,48,"SQ_INSTS_VALU_MFMA_MOPS_BF16",786432.000000,7891106705546,7891106715368
1737,36276,"Agent 1",4,1,1,49152,9121,"fused_moe_kernel",256,0,0,80,0,48,"SQ_INSTS_VALU_MFMA_MOPS_BF16",1572864.000000,7891107079035,7891107097196
1737,36278,"Agent 1",4,1,1,65536,9122,"fused_moe_kernel",256,0,0,80,0,48,"SQ_INSTS_VALU_MFMA_MOPS_BF16",786432.000000,7891107160500,7891107170924
1737,36293,"Agent 1",4,1,1,49152,9121,"fused_moe_kernel",256,0,0,80,0,48,"FETCH_SIZE",49195.000000,7891107527575,7891107546498
1737,36295,"Agent 1",4,1,1,65536,9122,"fused_moe_kernel",256,0,0,80,0,48,"FETCH_SIZE",24707.000000,7891107641073,7891107651777
1737,36310,"Agent 1",4,1,1,49152,9121,"fused_moe_kernel",256,0,0,80,0,48,"FETCH_SIZE",49196.000000,7891108039779,7891108059504
1737,36312,"Agent 1",4,1,1,65536,9122,"fused_moe_kernel",256,0,0,80,0,48,"FETCH_SIZE",24707.000000,7891108152716,7891108162659
1737,36327,"Agent 1",4,1,1,49152,9121,"fused_moe_kernel",256,0,0,80,0,48,"FETCH_SIZE",49194.000000,7891108544126,7891108561967
1737,36329,"Agent 1",4,1,1,65536,9122,"fused_moe_kernel",256,0,0,80,0,48,"FETCH_SIZE",24707.000000,7891108653415,7891108663237
1737,36344,"Agent 1",4,1,1,49152,9121,"fused_moe_kernel",256,0,0,80,0,48,"FETCH_SIZE",49196.250000,7891109058095,7891109076857
1737,36346,"Agent 1",4,1,1,65536,9122,"fused_moe_kernel",256,0,0,80,0,48,"FETCH_SIZE",24707.500000,7891109175401,7891109185825
1737,36361,"Agent 1",4,1,1,49152,9121,"fused_moe_kernel",256,0,0,80,0,48,"WRITE_SIZE",24.000000,7891109598762,7891109617003
1737,36363,"Agent 1",4,1,1,65536,9122,"fused_moe_kernel",256,0,0,80,0,48,"WRITE_SIZE",32.000000,7891109701716,7891109712179
1738,36378,"Agent 1",4,1,1,49152,9121,"fused_moe_kernel",256,0,0,80,0,48,"WRITE_SIZE",24.000000,7891110100262,7891110118624
1738,36380,"Agent 1",4,1,1,65536,9122,"fused_moe_kernel",256,0,0,80,0,48,"WRITE_SIZE",32.000000,7891110205742,7891110215724
1738,36395,"Agent 1",4,1,1,49152,9121,"fused_moe_kernel",256,0,0,80,0,48,"WRITE_SIZE",24.000000,7891110601281,7891110618240
1738,36397,"Agent 1",4,1,1,65536,9122,"fused_moe_kernel",256,0,0,80,0,48,"WRITE_SIZE",32.000000,7891110702431,7891110713135
1738,36412,"Agent 1",4,1,1,49152,9121,"fused_moe_kernel",256,0,0,80,0,48,"WRITE_SIZE",24.000000,7891111105708,7891111123388
1738,36414,"Agent 1",4,1,1,65536,9122,"fused_moe_kernel",256,0,0,80,0,48,"WRITE_SIZE",32.000000,7891111203971,7891111214114
1769,36459,"Agent 1",4,1,1,49152,9121,"fused_moe_kernel",256,0,0,80,0,48,"SQ_INSTS_VALU_MFMA_MOPS_BF16",1572864.000000,7891112484924,7891112502885
1769,36461,"Agent 1",4,1,1,65536,9122,"fused_moe_kernel",256,0,0,80,0,48,"SQ_INSTS_VALU_MFMA_MOPS_BF16",786432.000000,7891112599384,7891112609607
1769,36476,"Agent 1",4,1,1,49152,9121,"fused_moe_kernel",256,0,0,80,0,48,"SQ_INSTS_VALU_MFMA_MOPS_BF16",1572864.000000,7891113237716,7891113255877
1769,36478,"Agent 1",4,1,1,65536,9122,"fused_moe_kernel",256,0,0,80,0,48,"SQ_INSTS_VALU_MFMA_MOPS_BF16",786432.000000,7891113332892,7891113343035
1769,36493,"Agent 1",4,1,1,49152,9121,"fused_moe_kernel",256,0,0,80,0,48,"SQ_INSTS_VALU_MFMA_MOPS_BF16",1572864.000000,7891114326351,7891114344672
1769,36495,"Agent 1",4,1,1,65536,9122,"fused_moe_kernel",256,0,0,80,0,48,"SQ_INSTS_VALU_MFMA_MOPS_BF16",786432.000000,7891117242581,7891117252564
1769,36510,"Agent 1",4,1,1,49152,9121,"fused_moe_kernel",256,0,0,80,0,48,"SQ_INSTS_VALU_MFMA_MOPS_BF16",1572864.000000,7891126055540,7891126073300
1769,36512,"Agent 1",4,1,1,65536,9122,"fused_moe_kernel",256,0,0,80,0,48,"SQ_INSTS_VALU_MFMA_MOPS_BF16",786432.000000,7891127680354,7891127689775
1769,36527,"Agent 1",4,1,1,49152,9121,"fused_moe_kernel",256,0,0,80,0,48,"FETCH_SIZE",49194.250000,7891139467234,7891139485035
1769,36529,"Agent 1",4,1,1,65536,9122,"fused_moe_kernel",256,0,0,80,0,48,"FETCH_SIZE",24707.000000,7891141161567,7891141171509
1769,36544,"Agent 1",4,1,1,49152,9121,"fused_moe_kernel",256,0,0,80,0,48,"FETCH_SIZE",49195.500000,7891151190650,7891151208651
1769,36546,"Agent 1",4,1,1,65536,9122,"fused_moe_kernel",256,0,0,80,0,48,"FETCH_SIZE",24707.000000,7891152998841,7891153008223
1769,36561,"Agent 1",4,1,1,49152,9121,"fused_moe_kernel",256,0,0,80,0,48,"FETCH_SIZE",49193.750000,7891161369273,7891161387234
1769,36563,"Agent 1",4,1,1,65536,9122,"fused_moe_kernel",256,0,0,80,0,48,"FETCH_SIZE",24707.000000,7891161488424,7891161497886
1769,36578,"Agent 1",4,1,1,49152,9121,"fused_moe_kernel",256,0,0,80,0,48,"FETCH_SIZE",49196.500000,7891162105227,7891162123107
1769,36580,"Agent 1",4,1,1,65536,9122,"fused_moe_kernel",256,0,0,80,0,48,"FETCH_SIZE",24707.000000,7891162215116,7891162224538
1769,36595,"Agent 1",4,1,1,49152,9121,"fused_moe_kernel",256,0,0,80,0,48,"WRITE_SIZE",24.000000,7891162641486,7891162659487
1769,36597,"Agent 1",4,1,1,65536,9122,"fused_moe_kernel",256,0,0,80,0,48,"WRITE_SIZE",32.000000,7891162743478,7891162753140
1769,36612,"Agent 1",4,1,1,49152,9121,"fused_moe_kernel",256,0,0,80,0,48,"WRITE_SIZE",24.000000,7891163135489,7891163153650
1769,36614,"Agent 1",4,1,1,65536,9122,"fused_moe_kernel",256,0,0,80,0,48,"WRITE_SIZE",32.000000,7891163236198,7891163246221
1769,36629,"Agent 1",4,1,1,49152,9121,"fused_moe_kernel",256,0,0,80,0,48,"WRITE_SIZE",24.000000,7891163653988,7891163671388
1769,36631,"Agent 1",4,1,1,65536,9122,"fused_moe_kernel",256,0,0,80,0,48,"WRITE_SIZE",32.000000,7891163755058,7891163765321
1769,36646,"Agent 1",4,1,1,49152,9121,"fused_moe_kernel",256,0,0,80,0,48,"WRITE_SIZE",24.000000,7891164164990,7891164182750
1769,36648,"Agent 1",4,1,1,65536,9122,"fused_moe_kernel",256,0,0,80,0,48,"WRITE_SIZE",32.000000,7891164269748,7891164279651
1769,36663,"Agent 1",4,1,1,49152,9121,"fused_moe_kernel",256,0,0,80,0,48,"SQ_INSTS_VALU_MFMA_MOPS_BF16",1572864.000000,7891164697521,7891164715361
1769,36665,"Agent 1",4,1,1,65536,9122,"fused_moe_kernel",256,0,0,80,0,48,"SQ_INSTS_VALU_MFMA_MOPS_BF16",786432.000000,7891164780189,7891164789931
1769,36680,"Agent 1",4,1,1,49152,9121,"fused_moe_kernel",256,0,0,80,0,48,"SQ_INSTS_VALU_MFMA_MOPS_BF16",1572864.000000,7891165171198,7891165188918
1769,36682,"Agent 1",4,1,1,65536,9122,"fused_moe_kernel",256,0,0,80,0,48,"SQ_INSTS_VALU_MFMA_MOPS_BF16",786432.000000,7891165257755,7891165267657
1769,36697,"Agent 1",4,1,1,49152,9121,"fused_moe_kernel",256,0,0,80,0,48,"SQ_INSTS_VALU_MFMA_MOPS_BF16",1572864.000000,7891165658626,7891165676266
1769,36699,"Agent 1",4,1,1,65536,9122,"fused_moe_kernel",256,0,0,80,0,48,"SQ_INSTS_VALU_MFMA_MOPS_BF16",786432.000000,7891165741294,7891165750756
1770,36714,"Agent 1",4,1,1,49152,9121,"fused_moe_kernel",256,0,0,80,0,48,"SQ_INSTS_VALU_MFMA_MOPS_BF16",1572864.000000,7891166142005,7891166159645
1770,36716,"Agent 1",4,1,1,65536,9122,"fused_moe_kernel",256,0,0,80,0,48,"SQ_INSTS_VALU_MFMA_MOPS_BF16",786432.000000,7891166228081,7891166237462
1770,36731,"Agent 1",4,1,1,49152,9121,"fused_moe_kernel",256,0,0,80,0,48,"FETCH_SIZE",49197.000000,7891166608907,7891166626667
1770,36733,"Agent 1",4,1,1,65536,9122,"fused_moe_kernel",256,0,0,80,0,48,"FETCH_SIZE",24707.000000,7891166720881,7891166731064
1770,36748,"Agent 1",4,1,1,49152,9121,"fused_moe_kernel",256,0,0,80,0,48,"FETCH_SIZE",49194.250000,7891167165091,7891167182651
1770,36750,"Agent 1",4,1,1,65536,9122,"fused_moe_kernel",256,0,0,80,0,48,"FETCH_SIZE",24707.062500,7891167278830,7891167289173
1770,36765,"Agent 1",4,1,1,49152,9121,"fused_moe_kernel",256,0,0,80,0,48,"FETCH_SIZE",49196.500000,7891167705680,7891167723441
1770,36767,"Agent 1",4,1,1,65536,9122,"fused_moe_kernel",256,0,0,80,0,48,"FETCH_SIZE",24707.000000,7891167823548,7891167833611
1770,36782,"Agent 1",4,1,1,49152,9121,"fused_moe_kernel",256,0,0,80,0,48,"FETCH_SIZE",49196.125000,7891168256814,7891168275095
1770,36784,"Agent 1",4,1,1,65536,9122,"fused_moe_kernel",256,0,0,80,0,48,"FETCH_SIZE",24707.000000,7891168372837,7891168382740
1770,36799,"Agent 1",4,1,1,49152,9121,"fused_moe_kernel",256,0,0,80,0,48,"WRITE_SIZE",24.000000,7891168788102,7891168805581
1770,36801,"Agent 1",4,1,1,65536,9122,"fused_moe_kernel",256,0,0,80,0,48,"WRITE_SIZE",32.000000,7891168890895,7891168900357
1770,36816,"Agent 1",4,1,1,49152,9121,"fused_moe_kernel",256,0,0,80,0,48,"WRITE_SIZE",24.000000,7891169304275,7891169322036
1770,36818,"Agent 1",4,1,1,65536,9122,"fused_moe_kernel",256,0,0,80,0,48,"WRITE_SIZE",32.000000,7891169408793,7891169419217
1770,36833,"Agent 1",4,1,1,49152,9121,"fused_moe_kernel",256,0,0,80,0,48,"WRITE_SIZE",24.000000,7891169809584,7891169828066
1770,36835,"Agent 1",4,1,1,65536,9122,"fused_moe_kernel",256,0,0,80,0,48,"WRITE_SIZE",32.000000,7891169916026,7891169926089
1770,36850,"Agent 1",4,1,1,49152,9121,"fused_moe_kernel",256,0,0,80,0,48,"WRITE_SIZE",24.000000,7891170319063,7891170336623
1770,36852,"Agent 1",4,1,1,65536,9122,"fused_moe_kernel",256,0,0,80,0,48,"WRITE_SIZE",32.000000,7891170416925,7891170426707
1770,36867,"Agent 1",4,1,1,49152,9121,"fused_moe_kernel",256,0,0,80,0,48,"SQ_INSTS_VALU_MFMA_MOPS_BF16",1572864.000000,7891170808736,7891170826456
1770,36869,"Agent 1",4,1,1,65536,9122,"fused_moe_kernel",256,0,0,80,0,48,"SQ_INSTS_VALU_MFMA_MOPS_BF16",786432.000000,7891170889039,7891170898781
1770,36884,"Agent 1",4,1,1,49152,9121,"fused_moe_kernel",256,0,0,80,0,48,"SQ_INSTS_VALU_MFMA_MOPS_BF16",1572864.000000,7891171291594,7891171309515
1770,36886,"Agent 1",4,1,1,65536,9122,"fused_moe_kernel",256,0,0,80,0,48,"SQ_INSTS_VALU_MFMA_MOPS_BF16",786432.000000,7891171380316,7891171390378
1770,36901,"Agent 1",4,1,1,49152,9121,"fused_moe_kernel",256,0,0,80,0,48,"SQ_INSTS_VALU_MFMA_MOPS_BF16",1572864.000000,7891171769641,7891171787882
1770,36903,"Agent 1",4,1,1,65536,9122,"fused_moe_kernel",256,0,0,80,0,48,"SQ_INSTS_VALU_MFMA_MOPS_BF16",786432.000000,7891171852269,7891171862412
1770,36918,"Agent 1",4,1,1,49152,9121,"fused_moe_kernel",256,0,0,80,0,48,"SQ_INSTS_VALU_MFMA_MOPS_BF16",1572864.000000,7891172243514,7891172261315
1770,36920,"Agent 1",4,1,1,65536,9122,"fused_moe_kernel",256,0,0,80,0,48,"SQ_INSTS_VALU_MFMA_MOPS_BF16",786432.000000,7891172329189,7891172339372
1770,36935,"Agent 1",4,1,1,49152,9121,"fused_moe_kernel",256,0,0,80,0,48,"FETCH_SIZE",49193.000000,7891172721842,7891172740324
1770,36937,"Agent 1",4,1,1,65536,9122,"fused_moe_kernel",256,0,0,80,0,48,"FETCH_SIZE",24707.000000,7891172833335,7891172843478
1770,36952,"Agent 1",4,1,1,49152,9121,"fused_moe_kernel",256,0,0,80,0,48,"FETCH_SIZE",49196.000000,7891173266480,7891173283920
1770,36954,"Agent 1",4,1,1,65536,9122,"fused_moe_kernel",256,0,0,80,0,48,"FETCH_SIZE",24707.000000,7891173378415,7891173388117
1771,36969,"Agent 1",4,1,1,49152,9121,"fused_moe_kernel",256,0,0,80,0,48,"FETCH_SIZE",49195.500000,7891173791153,7891173808753
1771,36971,"Agent 1",4,1,1,65536,9122,"fused_moe_kernel",256,0,0,80,0,48,"FETCH_SIZE",24707.000000,7891173903488,7891173913792
1771,36986,"Agent 1",4,1,1,49152,9121,"fused_moe_kernel",256,0,0,80,0,48,"FETCH_SIZE",49197.250000,7891174342807,7891174361129
1771,36988,"Agent 1",4,1,1,65536,9122,"fused_moe_kernel",256,0,0,80,0,48,"FETCH_SIZE",24707.000000,7891174458069,7891174467772
1771,37003,"Agent 1",4,1,1,49152,9121,"fused_moe_kernel",256,0,0,80,0,48,"WRITE_SIZE",24.000000,7891174878826,7891174896105
1771,37005,"Agent 1",4,1,1,65536,9122,"fused_moe_kernel",256,0,0,80,0,48,"WRITE_SIZE",32.000000,7891174977490,7891174987754
1771,37020,"Agent 1",4,1,1,49152,9121,"fused_moe_kernel",256,0,0,80,0,48,"WRITE_SIZE",24.000000,7891175377400,7891175394839
1771,37022,"Agent 1",4,1,1,65536,9122,"fused_moe_kernel",256,0,0,80,0,48,"WRITE_SIZE",32.000000,7891175479031,7891175489054
1771,37037,"Agent 1",4,1,1,49152,9121,"fused_moe_kernel",256,0,0,80,0,48,"WRITE_SIZE",24.000000,7891175877978,7891175895939
1771,37039,"Agent 1",4,1,1,65536,9122,"fused_moe_kernel",256,0,0,80,0,48,"WRITE_SIZE",32.000000,7891175978807,7891175988509
1771,37054,"Agent 1",4,1,1,49152,9121,"fused_moe_kernel",256,0,0,80,0,48,"WRITE_SIZE",24.000000,7891176374948,7891176393149
1771,37056,"Agent 1",4,1,1,65536,9122,"fused_moe_kernel",256,0,0,80,0,48,"WRITE_SIZE",32.000000,7891176478223,7891176487684
1771,37071,"Agent 1",4,1,1,49152,9121,"fused_moe_kernel",256,0,0,80,0,48,"SQ_INSTS_VALU_MFMA_MOPS_BF16",1572864.000000,7891176877250,7891176895491
1771,37073,"Agent 1",4,1,1,65536,9122,"fused_moe_kernel",256,0,0,80,0,48,"SQ_INSTS_VALU_MFMA_MOPS_BF16",786432.000000,7891176964769,7891176974190
1771,37088,"Agent 1",4,1,1,49152,9121,"fused_moe_kernel",256,0,0,80,0,48,"SQ_INSTS_VALU_MFMA_MOPS_BF16",1572864.000000,7891177354255,7891177372255
1771,37090,"Agent 1",4,1,1,65536,9122,"fused_moe_kernel",256,0,0,80,0,48,"SQ_INSTS_VALU_MFMA_MOPS_BF16",786432.000000,7891177437003,7891177447146
1771,37105,"Agent 1",4,1,1,49152,9121,"fused_moe_kernel",256,0,0,80,0,48,"SQ_INSTS_VALU_MFMA_MOPS_BF16",1572864.000000,7891177808648,7891177827250
1771,37107,"Agent 1",4,1,1,65536,9122,"fused_moe_kernel",256,0,0,80,0,48,"SQ_INSTS_VALU_MFMA_MOPS_BF16",786432.000000,7891177890634,7891177900096
1771,37122,"Agent 1",4,1,1,49152,9121,"fused_moe_kernel",256,0,0,80,0,48,"SQ_INSTS_VALU_MFMA_MOPS_BF16",1572864.000000,7891178270658,7891178288699
1771,37124,"Agent 1",4,1,1,65536,9122,"fused_moe_kernel",256,0,0,80,0,48,"SQ_INSTS_VALU_MFMA_MOPS_BF16",786432.000000,7891178353487,7891178363149
1771,37139,"Agent 1",4,1,1,49152,9121,"fused_moe_kernel",256,0,0,80,0,48,"FETCH_SIZE",49194.000000,7891178724891,7891178742972
1771,37141,"Agent 1",4,1,1,65536,9122,"fused_moe_kernel",256,0,0,80,0,48,"FETCH_SIZE",24707.000000,7891178840875,7891178850938
1771,37156,"Agent 1",4,1,1,49152,9121,"fused_moe_kernel",256,0,0,80,0,48,"FETCH_SIZE",49194.000000,7891179245835,7891179263716
1771,37158,"Agent 1",4,1,1,65536,9122,"fused_moe_kernel",256,0,0,80,0,48,"FETCH_SIZE",24707.000000,7891179359293,7891179368915
1771,37173,"Agent 1",4,1,1,49152,9121,"fused_moe_kernel",256,0,0,80,0,48,"FETCH_SIZE",49196.250000,7891179767421,7891179785623
1771,37175,"Agent 1",4,1,1,65536,9122,"fused_moe_kernel",256,0,0,80,0,48,"FETCH_SIZE",24707.000000,7891179879877,7891179889699
1771,37190,"Agent 1",4,1,1,49152,9121,"fused_moe_kernel",256,0,0,80,0,48,"FETCH_SIZE",49195.250000,7891180285199,7891180303400
1771,37192,"Agent 1",4,1,1,65536,9122,"fused_moe_kernel",256,0,0,80,0,48,"FETCH_SIZE",24707.000000,7891180394407,7891180404951
1771,37207,"Agent 1",4,1,1,49152,9121,"fused_moe_kernel",256,0,0,80,0,48,"WRITE_SIZE",24.000000,7891180793675,7891180811756
1771,37209,"Agent 1",4,1,1,65536,9122,"fused_moe_kernel",256,0,0,80,0,48,"WRITE_SIZE",32.000000,7891180895146,7891180905810
1772,37224,"Agent 1",4,1,1,49152,9121,"fused_moe_kernel",256,0,0,80,0,48,"WRITE_SIZE",24.000000,7891181289562,7891181307443
1772,37226,"Agent 1",4,1,1,65536,9122,"fused_moe_kernel",256,0,0,80,0,48,"WRITE_SIZE",32.000000,7891181392116,7891181401858
1772,37241,"Agent 1",4,1,1,49152,9121,"fused_moe_kernel",256,0,0,80,0,48,"WRITE_SIZE",24.000000,7891181785410,7891181802689
1772,37243,"Agent 1",4,1,1,65536,9122,"fused_moe_kernel",256,0,0,80,0,48,"WRITE_SIZE",32.000000,7891181886480,7891181896903
1772,37258,"Agent 1",4,1,1,49152,9121,"fused_moe_kernel",256,0,0,80,0,48,"WRITE_SIZE",24.000000,7891182271395,7891182289516
1772,37260,"Agent 1",4,1,1,65536,9122,"fused_moe_kernel",256,0,0,80,0,48,"WRITE_SIZE",32.000000,7891182373627,7891182383891
1803,37305,"Agent 1",4,1,1,49152,9121,"fused_moe_kernel",256,0,0,80,0,48,"SQ_INSTS_VALU_MFMA_MOPS_BF16",1572864.000000,7891183725260,7891183743221
1803,37307,"Agent 1",4,1,1,65536,9122,"fused_moe_kernel",256,0,0,80,0,48,"SQ_INSTS_VALU_MFMA_MOPS_BF16",786432.000000,7891183828976,7891183838759
1803,37322,"Agent 1",4,1,1,49152,9121,"fused_moe_kernel",256,0,0,80,0,48,"SQ_INSTS_VALU_MFMA_MOPS_BF16",1572864.000000,7891184456323,7891184474203
1803,37324,"Agent 1",4,1,1,65536,9122,"fused_moe_kernel",256,0,0,80,0,48,"SQ_INSTS_VALU_MFMA_MOPS_BF16",786432.000000,7891184549976,7891184559718
1803,37339,"Agent 1",4,1,1,49152,9121,"fused_moe_kernel",256,0,0,80,0,48,"SQ_INSTS_VALU_MFMA_MOPS_BF16",1572864.000000,7891185543434,7891185561957
1803,37341,"Agent 1",4,1,1,65536,9122,"fused_moe_kernel",256,0,0,80,0,48,"SQ_INSTS_VALU_MFMA_MOPS_BF16",786432.000000,7891189702331,7891189712634
1803,37356,"Agent 1",4,1,1,49152,9121,"fused_moe_kernel",256,0,0,80,0,48,"SQ_INSTS_VALU_MFMA_MOPS_BF16",1572864.000000,7891200191981,7891200209942
1803,37358,"Agent 1",4,1,1,65536,9122,"fused_moe_kernel",256,0,0,80,0,48,"SQ_INSTS_VALU_MFMA_MOPS_BF16",786432.000000,7891203234058,7891203244361
1803,37373,"Agent 1",4,1,1,49152,9121,"fused_moe_kernel",256,0,0,80,0,48,"FETCH_SIZE",49195.750000,7891215008630,7891215026751
1803,37375,"Agent 1",4,1,1,65536,9122,"fused_moe_kernel",256,0,0,80,0,48,"FETCH_SIZE",24707.000000,7891216645432,7891216655976
1803,37390,"Agent 1",4,1,1,49152,9121,"fused_moe_kernel",256,0,0,80,0,48,"FETCH_SIZE",49193.250000,7891230061937,7891230079617
1803,37392,"Agent 1",4,1,1,65536,9122,"fused_moe_kernel",256,0,0,80,0,48,"FETCH_SIZE",24707.000000,7891232446920,7891232456903
1803,37407,"Agent 1",4,1,1,49152,9121,"fused_moe_kernel",256,0,0,80,0,48,"FETCH_SIZE",49195.250000,7891232972716,7891232991157
1803,37409,"Agent 1",4,1,1,65536,9122,"fused_moe_kernel",256,0,0,80,0,48,"FETCH_SIZE",24707.000000,7891233128029,7891233137811
1803,37424,"Agent 1",4,1,1,49152,9121,"fused_moe_kernel",256,0,0,80,0,48,"FETCH_SIZE",49195.500000,7891233560652,7891233578172
1803,37426,"Agent 1",4,1,1,65536,9122,"fused_moe_kernel",256,0,0,80,0,48,"FETCH_SIZE",24707.000000,7891233673268,7891233683211
1803,37441,"Agent 1",4,1,1,49152,9121,"fused_moe_kernel",256,0,0,80,0,48,"WRITE_SIZE",24.000000,7891234088212,7891234106614
1803,37443,"Agent 1",4,1,1,65536,9122,"fused_moe_kernel",256,0,0,80,0,48,"WRITE_SIZE",32.000000,7891234198783,7891234208926
1803,37458,"Agent 1",4,1,1,49152,9121,"fused_moe_kernel",256,0,0,80,0,48,"WRITE_SIZE",24.000000,7891234603263,7891234621745
1803,37460,"Agent 1",4,1,1,65536,9122,"fused_moe_kernel",256,0,0,80,0,48,"WRITE_SIZE",32.000000,7891234725820,7891234735883
1803,37475,"Agent 1",4,1,1,49152,9121,"fused_moe_kernel",256,0,0,80,0,48,"WRITE_SIZE",24.000000,7891235134710,7891235152952
1803,37477,"Agent 1",4,1,1,65536,9122,"fused_moe_kernel",256,0,0,80,0,48,"WRITE_SIZE",32.000000,7891235239508,7891235249611
1803,37492,"Agent 1",4,1,1,49152,9121,"fused_moe_kernel",256,0,0,80,0,48,"WRITE_SIZE",24.000000,7891235652207,7891235669887
1803,37494,"Agent 1",4,1,1,65536,9122,"fused_moe_kernel",256,0,0,80,0,48,"WRITE_SIZE",32.000000,7891235755482,7891235766266
1803,37509,"Agent 1",4,1,1,49152,9121,"fused_moe_kernel",256,0,0,80,0,48,"SQ_INSTS_VALU_MFMA_MOPS_BF16",1572864.000000,7891236162367,7891236180207
1803,37511,"Agent 1",4,1,1,65536,9122,"fused_moe_kernel",256,0,0,80,0,48,"SQ_INSTS_VALU_MFMA_MOPS_BF16",786432.000000,7891236258706,7891236268929
1803,37526,"Agent 1",4,1,1,49152,9121,"fused_moe_kernel",256,0,0,80,0,48,"SQ_INSTS_VALU_MFMA_MOPS_BF16",1572864.000000,7891236643781,7891236661662
1803,37528,"Agent 1",4,1,1,65536,9122,"fused_moe_kernel",256,0,0,80,0,48,"SQ_INSTS_VALU_MFMA_MOPS_BF16",786432.000000,7891236724605,7891236734868
1803,37543,"Agent 1",4,1,1,49152,9121,"fused_moe_kernel",256,0,0,80,0,48,"SQ_INSTS_VALU_MFMA_MOPS_BF16",1572864.000000,7891237106072,7891237124434
1803,37545,"Agent 1",4,1,1,65536,9122,"fused_moe_kernel",256,0,0,80,0,48,"SQ_INSTS_VALU_MFMA_MOPS_BF16",786432.000000,7891237196478,7891237206621
1804,37560,"Agent 1",4,1,1,49152,9121,"fused_moe_kernel",256,0,0,80,0,48,"SQ_INSTS_VALU_MFMA_MOPS_BF16",1572864.000000,7891237594503,7891237612664
1804,37562,"Agent 1",4,1,1,65536,9122,"fused_moe_kernel",256,0,0,80,0,48,"SQ_INSTS_VALU_MFMA_MOPS_BF16",786432.000000,7891237676971,7891237687073
1804,37577,"Agent 1",4,1,1,49152,9121,"fused_moe_kernel",256,0,0,80,0,48,"FETCH_SIZE",49194.500000,7891238075076,7891238092956
1804,37579,"Agent 1",4,1,1,65536,9122,"fused_moe_kernel",256,0,0,80,0,48,"FETCH_SIZE",24707.000000,7891238194307,7891238204570
1804,37594,"Agent 1",4,1,1,49152,9121,"fused_moe_kernel",256,0,0,80,0,48,"FETCH_SIZE",49196.000000,7891238612658,7891238631100
1804,37596,"Agent 1",4,1,1,65536,9122,"fused_moe_kernel",256,0,0,80,0,48,"FETCH_SIZE",24707.062500,7891238727800,7891238737783
1804,37611,"Agent 1",4,1,1,49152,9121,"fused_moe_kernel",256,0,0,80,0,48,"FETCH_SIZE",49196.312500,7891239147073,7891239164793
1804,37613,"Agent 1",4,1,1,65536,9122,"fused_moe_kernel",256,0,0,80,0,48,"FETCH_SIZE",24707.000000,7891239262616,7891239272879
1804,37628,"Agent 1",4,1,1,49152,9121,"fused_moe_kernel",256,0,0,80,0,48,"FETCH_SIZE",49196.000000,7891239677599,7891239695961
1804,37630,"Agent 1",4,1,1,65536,9122,"fused_moe_kernel",256,0,0,80,0,48,"FETCH_SIZE",24707.000000,7891239787770,7891239797392
1804,37645,"Agent 1",4,1,1,49152,9121,"fused_moe_kernel",256,0,0,80,0,48,"WRITE_SIZE",24.000000,7891240195778,7891240214300
1804,37647,"Agent 1",4,1,1,65536,9122,"fused_moe_kernel",256,0,0,80,0,48,"WRITE_SIZE",32.000000,7891240299934,7891240310158
1804,37662,"Agent 1",4,1,1,49152,9121,"fused_moe_kernel",256,0,0,80,0,48,"WRITE_SIZE",24.000000,7891240699804,7891240718005
1804,37664,"Agent 1",4,1,1,65536,9122,"fused_moe_kernel",256,0,0,80,0,48,"WRITE_SIZE",32.000000,7891240802517,7891240812540
1804,37679,"Agent 1",4,1,1,49152,9121,"fused_moe_kernel",256,0,0,80,0,48,"WRITE_SIZE",24.000000,7891241218824,7891241237266
1804,37681,"Agent 1",4,1,1,65536,9122,"fused_moe_kernel",256,0,0,80,0,48,"WRITE_SIZE",32.000000,7891241324825,7891241334687
1804,37696,"Agent 1",4,1,1,49152,9121,"fused_moe_kernel",256,0,0,80,0,48,"WRITE_SIZE",24.000000,7891241719843,7891241738325
1804,37698,"Agent 1",4,1,1,65536,9122,"fused_moe_kernel",256,0,0,80,0,48,"WRITE_SIZE",32.000000,7891241824441,7891241835105
1804,37713,"Agent 1",4,1,1,49152,9121,"fused_moe_kernel",256,0,0,80,0,48,"SQ_INSTS_VALU_MFMA_MOPS_BF16",1572864.000000,7891242258307,7891242275867
1804,37715,"Agent 1",4,1,1,65536,9122,"fused_moe_kernel",256,0,0,80,0,48,"SQ_INSTS_VALU_MFMA_MOPS_BF16",786432.000000,7891242345185,7891242355248
1804,37730,"Agent 1",4,1,1,49152,9121,"fused_moe_kernel",256,0,0,80,0,48,"SQ_INSTS_VALU_MFMA_MOPS_BF16",1572864.000000,7891242724367,7891242742648
1804,37732,"Agent 1",4,1,1,65536,9122,"fused_moe_kernel",256,0,0,80,0,48,"SQ_INSTS_VALU_MFMA_MOPS_BF16",786432.000000,7891242806393,7891242816577
1804,37747,"Agent 1",4,1,1,49152,9121,"fused_moe_kernel",256,0,0,80,0,48,"SQ_INSTS_VALU_MFMA_MOPS_BF16",1572864.000000,7891243181125,7891243199046
1804,37749,"Agent 1",4,1,1,65536,9122,"fused_moe_kernel",256,0,0,80,0,48,"SQ_INSTS_VALU_MFMA_MOPS_BF16",786432.000000,7891243272493,7891243282316
1804,37764,"Agent 1",4,1,1,49152,9121,"fused_moe_kernel",256,0,0,80,0,48,"SQ_INSTS_VALU_MFMA_MOPS_BF16",1572864.000000,7891243652517,7891243670157
1804,37766,"Agent 1",4,1,1,65536,9122,"fused_moe_kernel",256,0,0,80,0,48,"SQ_INSTS_VALU_MFMA_MOPS_BF16",786432.000000,7891243733060,7891243743244
1804,37781,"Agent 1",4,1,1,49152,9121,"fused_moe_kernel",256,0,0,80,0,48,"FETCH_SIZE",49197.250000,7891244113566,7891244131607
1804,37783,"Agent 1",4,1,1,65536,9122,"fused_moe_kernel",256,0,0,80,0,48,"FETCH_SIZE",24707.000000,7891244224418,7891244234080
1804,37798,"Agent 1",4,1,1,49152,9121,"fused_moe_kernel",256,0,0,80,0,48,"FETCH_SIZE",49193.750000,7891244613783,7891244631343
1804,37800,"Agent 1",4,1,1,65536,9122,"fused_moe_kernel",256,0,0,80,0,48,"FETCH_SIZE",24707.000000,7891244726399,7891244736342
1805,37815,"Agent 1",4,1,1,49152,9121,"fused_moe_kernel",256,0,0,80,0,48,"FETCH_SIZE",49195.250000,7891245139338,7891245157660
1805,37817,"Agent 1",4,1,1,65536,9122,"fused_moe_kernel",256,0,0,80,0,48,"FETCH_SIZE",24707.000000,7891245256444,7891245266066
1805,37832,"Agent 1",4,1,1,49152,9121,"fused_moe_kernel",256,0,0,80,0,48,"FETCH_SIZE",49195.500000,7891245665935,7891245684377
1805,37834,"Agent 1",4,1,1,65536,9122,"fused_moe_kernel",256,0,0,80,0,48,"FETCH_SIZE",24707.000000,7891245778872,7891245788935
1805,37849,"Agent 1",4,1,1,49152,9121,"fused_moe_kernel",256,0,0,80,0,48,"WRITE_SIZE",24.000000,7891246196582,7891246214382
1805,37851,"Agent 1",4,1,1,65536,9122,"fused_moe_kernel",256,0,0,80,0,48,"WRITE_SIZE",32.000000,7891246298133,7891246308035
1805,37866,"Agent 1",4,1,1,49152,9121,"fused_moe_kernel",256,0,0,80,0,48,"WRITE_SIZE",24.000000,7891246691226,7891246709348
1805,37868,"Agent 1",4,1,1,65536,9122,"fused_moe_kernel",256,0,0,80,0,48,"WRITE_SIZE",32.000000,7891246789851,7891246800074
1805,37883,"Agent 1",4,1,1,49152,9121,"fused_moe_kernel",256,0,0,80,0,48,"WRITE_SIZE",24.000000,7891247186312,7891247204113
1805,37885,"Agent 1",4,1,1,65536,9122,"fused_moe_kernel",256,0,0,80,0,48,"WRITE_SIZE",32.000000,7891247291030,7891247300933
1805,37900,"Agent 1",4,1,1,49152,9121,"fused_moe_kernel",256,0,0,80,0,48,"WRITE_SIZE",24.000000,7891247695109,7891247713310
1805,37902,"Agent 1",4,1,1,65536,9122,"fused_moe_kernel",256,0,0,80,0,48,"WRITE_SIZE",32.000000,7891247799627,7891247809128
1805,37917,"Agent 1",4,1,1,49152,9121,"fused_moe_kernel",256,0,0,80,0,48,"SQ_INSTS_VALU_MFMA_MOPS_BF16",1572864.000000,7891248207274,7891248225996
1805,37919,"Agent 1",4,1,1,65536,9122,"fused_moe_kernel",256,0,0,80,0,48,"SQ_INSTS_VALU_MFMA_MOPS_BF16",786432.000000,7891248293109,7891248303131
1805,37934,"Agent 1",4,1,1,49152,9121,"fused_moe_kernel",256,0,0,80,0,48,"SQ_INSTS_VALU_MFMA_MOPS_BF16",1572864.000000,7891248679948,7891248698150
1805,37936,"Agent 1",4,1,1,65536,9122,"fused_moe_kernel",256,0,0,80,0,48,"SQ_INSTS_VALU_MFMA_MOPS_BF16",786432.000000,7891248768510,7891248778452
1805,37951,"Agent 1",4,1,1,49152,9121,"fused_moe_kernel",256,0,0,80,0,48,"SQ_INSTS_VALU_MFMA_MOPS_BF16",1572864.000000,7891249154387,7891249172709
1805,37953,"Agent 1",4,1,1,65536,9122,"fused_moe_kernel",256,0,0,80,0,48,"SQ_INSTS_VALU_MFMA_MOPS_BF16",786432.000000,7891249245354,7891249255497
1805,37968,"Agent 1",4,1,1,49152,9121,"fused_moe_kernel",256,0,0,80,0,48,"SQ_INSTS_VALU_MFMA_MOPS_BF16",1572864.000000,7891249634679,7891249652319
1805,37970,"Agent 1",4,1,1,65536,9122,"fused_moe_kernel",256,0,0,80,0,48,"SQ_INSTS_VALU_MFMA_MOPS_BF16",786432.000000,7891249716946,7891249726929
1805,37985,"Agent 1",4,1,1,49152,9121,"fused_moe_kernel",256,0,0,80,0,48,"FETCH_SIZE",49195.750000,7891250087188,7891250105470
1805,37987,"Agent 1",4,1,1,65536,9122,"fused_moe_kernel",256,0,0,80,0,48,"FETCH_SIZE",24707.000000,7891250198080,7891250208143
1805,38002,"Agent 1",4,1,1,49152,9121,"fused_moe_kernel",256,0,0,80,0,48,"FETCH_SIZE",49194.500000,7891250599473,7891250617714
1805,38004,"Agent 1",4,1,1,65536,9122,"fused_moe_kernel",256,0,0,80,0,48,"FETCH_SIZE",24707.000000,7891250716298,7891250726361
1805,38019,"Agent 1",4,1,1,49152,9121,"fused_moe_kernel",256,0,0,80,0,48,"FETCH_SIZE",49195.000000,7891251113281,7891251132124
1805,38021,"Agent 1",4,1,1,65536,9122,"fused_moe_kernel",256,0,0,80,0,48,"FETCH_SIZE",24707.000000,7891251224975,7891251235118
1805,38036,"Agent 1",4,1,1,49152,9121,"fused_moe_kernel",256,0,0,80,0,48,"FETCH_SIZE",49194.750000,7891251624684,7891251642043
1805,38038,"Agent 1",4,1,1,65536,9122,"fused_moe_kernel",256,0,0,80,0,48,"FETCH_SIZE",24707.000000,7891251736498,7891251746761
1805,38053,"Agent 1",4,1,1,49152,9121,"fused_moe_kernel",256,0,0,80,0,48,"WRITE_SIZE",24.000000,7891252221240,7891252238880
1805,38055,"Agent 1",4,1,1,65536,9122,"fused_moe_kernel",256,0,0,80,0,48,"WRITE_SIZE",32.000000,7891252323392,7891252333576
1806,38070,"Agent 1",4,1,1,49152,9121,"fused_moe_kernel",256,0,0,80,0,48,"WRITE_SIZE",24.000000,7891252711555,7891252729315
1806,38072,"Agent 1",4,1,1,65536,9122,"fused_moe_kernel",256,0,0,80,0,48,"WRITE_SIZE",32.000000,7891252809738,7891252819761
1806,38087,"Agent 1",4,1,1,49152,9121,"fused_moe_kernel",256,0,0,80,0,48,"WRITE_SIZE",24.000000,7891253195054,7891253212735
1806,38089,"Agent 1",4,1,1,65536,9122,"fused_moe_kernel",256,0,0,80,0,48,"WRITE_SIZE",32.000000,7891253297006,7891253306548
1806,38104,"Agent 1",4,1,1,49152,9121,"fused_moe_kernel",256,0,0,80,0,48,"WRITE_SIZE",24.000000,7891253680799,7891253699120
1806,38106,"Agent 1",4,1,1,65536,9122,"fused_moe_kernel",256,0,0,80,0,48,"WRITE_SIZE",32.000000,7891253780906,7891253791009
1837,38151,"Agent 1",4,1,1,49152,9121,"fused_moe_kernel",256,0,0,80,0,48,"SQ_INSTS_VALU_MFMA_MOPS_BF16",1572864.000000,7891255142683,7891255160443
1837,38153,"Agent 1",4,1,1,65536,9122,"fused_moe_kernel",256,0,0,80,0,48,"SQ_INSTS_VALU_MFMA_MOPS_BF16",786432.000000,7891255297354,7891255306816
1837,38168,"Agent 1",4,1,1,49152,9121,"fused_moe_kernel",256,0,0,80,0,48,"SQ_INSTS_VALU_MFMA_MOPS_BF16",1572864.000000,7891255907983,7891255925342
1837,38170,"Agent 1",4,1,1,65536,9122,"fused_moe_kernel",256,0,0,80,0,48,"SQ_INSTS_VALU_MFMA_MOPS_BF16",786432.000000,7891255989208,7891255999150
1837,38185,"Agent 1",4,1,1,49152,9121,"fused_moe_kernel",256,0,0,80,0,48,"SQ_INSTS_VALU_MFMA_MOPS_BF16",1572864.000000,7891258036382,7891258054103
1837,38187,"Agent 1",4,1,1,65536,9122,"fused_moe_kernel",256,0,0,80,0,48,"SQ_INSTS_VALU_MFMA_MOPS_BF16",786432.000000,7891260427339,7891260437442
1837,38202,"Agent 1",4,1,1,49152,9121,"fused_moe_kernel",256,0,0,80,0,48,"SQ_INSTS_VALU_MFMA_MOPS_BF16",1572864.000000,7891270568838,7891270586518
1837,38204,"Agent 1",4,1,1,65536,9122,"fused_moe_kernel",256,0,0,80,0,48,"SQ_INSTS_VALU_MFMA_MOPS_BF16",786432.000000,7891272199385,7891272209528
1837,38219,"Agent 1",4,1,1,49152,9121,"fused_moe_kernel",256,0,0,80,0,48,"FETCH_SIZE",49195.000000,7891283926088,7891283943287
1837,38221,"Agent 1",4,1,1,65536,9122,"fused_moe_kernel",256,0,0,80,0,48,"FETCH_SIZE",24707.000000,7891285731914,7891285741937
1837,38236,"Agent 1",4,1,1,49152,9121,"fused_moe_kernel",256,0,0,80,0,48,"FETCH_SIZE",49193.000000,7891297456964,7891297475286
1837,38238,"Agent 1",4,1,1,65536,9122,"fused_moe_kernel",256,0,0,80,0,48,"FETCH_SIZE",24707.000000,7891299151416,7891299161238
1837,38253,"Agent 1",4,1,1,49152,9121,"fused_moe_kernel",256,0,0,80,0,48,"FETCH_SIZE",49195.500000,7891304106362,7891304124604
1837,38255,"Agent 1",4,1,1,65536,9122,"fused_moe_kernel",256,0,0,80,0,48,"FETCH_SIZE",24707.062500,7891304218297,7891304228640
1837,38270,"Agent 1",4,1,1,49152,9121,"fused_moe_kernel",256,0,0,80,0,48,"FETCH_SIZE",49195.500000,7891304790357,7891304808318
1837,38272,"Agent 1",4,1,1,65536,9122,"fused_moe_kernel",256,0,0,80,0,48,"FETCH_SIZE",24707.062500,7891304903655,7891304913077
1837,38287,"Agent 1",4,1,1,49152,9121,"fused_moe_kernel",256,0,0,80,0,48,"WRITE_SIZE",24.000000,7891305336399,7891305354560
1837,38289,"Agent 1",4,1,1,65536,9122,"fused_moe_kernel",256,0,0,80,0,48,"WRITE_SIZE",32.000000,7891305438030,7891305448454
1837,38304,"Agent 1",4,1,1,49152,9121,"fused_moe_kernel",256,0,0,80,0,48,"WRITE_SIZE",24.000000,7891305840585,7891305858266
1837,38306,"Agent 1",4,1,1,65536,9122,"fused_moe_kernel",256,0,0,80,0,48,"WRITE_SIZE",32.000000,7891305947990,7891305958093
1837,38321,"Agent 1",4,1,1,49152,9121,"fused_moe_kernel",256,0,0,80,0,48,"WRITE_SIZE",24.000000,7891306360728,7891306378328
1837,38323,"Agent 1",4,1,1,65536,9122,"fused_moe_kernel",256,0,0,80,0,48,"WRITE_SIZE",32.000000,7891306464604,7891306474908
1837,38338,"Agent 1",4,1,1,49152,9121,"fused_moe_kernel",256,0,0,80,0,48,"WRITE_SIZE",24.000000,7891306873775,7891306892136
1837,38340,"Agent 1",4,1,1,65536,9122,"fused_moe_kernel",256,0,0,80,0,48,"WRITE_SIZE",32.000000,7891306977049,7891306986992
1837,38355,"Agent 1",4,1,1,49152,9121,"fused_moe_kernel",256,0,0,80,0,48,"SQ_INSTS_VALU_MFMA_MOPS_BF16",1572864.000000,7891307398127,7891307415847
1837,38357,"Agent 1",4,1,1,65536,9122,"fused_moe_kernel",256,0,0,80,0,48,"SQ_INSTS_VALU_MFMA_MOPS_BF16",786432.000000,7891307485045,7891307494506
1837,38372,"Agent 1",4,1,1,49152,9121,"fused_moe_kernel",256,0,0,80,0,48,"SQ_INSTS_VALU_MFMA_MOPS_BF16",1572864.000000,7891307865109,7891307882789
1837,38374,"Agent 1",4,1,1,65536,9122,"fused_moe_kernel",256,0,0,80,0,48,"SQ_INSTS_VALU_MFMA_MOPS_BF16",786432.000000,7891307951224,7891307960526
1837,38389,"Agent 1",4,1,1,49152,9121,"fused_moe_kernel",256,0,0,80,0,48,"SQ_INSTS_VALU_MFMA_MOPS_BF16",1572864.000000,7891308340149,7891308358390
1837,38391,"Agent 1",4,1,1,65536,9122,"fused_moe_kernel",256,0,0,80,0,48,"SQ_INSTS_VALU_MFMA_MOPS_BF16",786432.000000,7891308433762,7891308443103
1838,38406,"Agent 1",4,1,1,49152,9121,"fused_moe_kernel",256,0,0,80,0,48,"SQ_INSTS_VALU_MFMA_MOPS_BF16",1572864.000000,7891308823047,7891308840086
1838,38408,"Agent 1",4,1,1,65536,9122,"fused_moe_kernel",256,0,0,80,0,48,"SQ_INSTS_VALU_MFMA_MOPS_BF16",786432.000000,7891308905514,7891308915457
1838,38423,"Agent 1",4,1,1,49152,9121,"fused_moe_kernel",256,0,0,80,0,48,"FETCH_SIZE",49195.500000,7891309289788,7891309307548
1838,38425,"Agent 1",4,1,1,65536,9122,"fused_moe_kernel",256,0,0,80,0,48,"FETCH_SIZE",24707.000000,7891309412267,7891309422490
1838,38440,"Agent 1",4,1,1,49152,9121,"fused_moe_kernel",256,0,0,80,0,48,"FETCH_SIZE",49196.750000,7891309820154,7891309838395
1838,38442,"Agent 1",4,1,1,65536,9122,"fused_moe_kernel",256,0,0,80,0,48,"FETCH_SIZE",24707.062500,7891309939746,7891309949849
1838,38457,"Agent 1",4,1,1,49152,9121,"fused_moe_kernel",256,0,0,80,0,48,"FETCH_SIZE",49194.750000,7891310341419,7891310358939
1838,38459,"Agent 1",4,1,1,65536,9122,"fused_moe_kernel",256,0,0,80,0,48,"FETCH_SIZE",24707.000000,7891310457483,7891310467546
1838,38474,"Agent 1",4,1,1,49152,9121,"fused_moe_kernel",256,0,0,80,0,48,"FETCH_SIZE",49197.125000,7891310855027,7891310873509
1838,38476,"Agent 1",4,1,1,65536,9122,"fused_moe_kernel",256,0,0,80,0,48,"FETCH_SIZE",24707.000000,7891310977786,7891310987528
1838,38491,"Agent 1",4,1,1,49152,9121,"fused_moe_kernel",256,0,0,80,0,48,"WRITE_SIZE",24.000000,7891311397701,7891311415982
1838,38493,"Agent 1",4,1,1,65536,9122,"fused_moe_kernel",256,0,0,80,0,48,"WRITE_SIZE",32.000000,7891311500976,7891311510918
1838,38508,"Agent 1",4,1,1,49152,9121,"fused_moe_kernel",256,0,0,80,0,48,"WRITE_SIZE",24.000000,7891311892346,7891311910747
1838,38510,"Agent 1",4,1,1,65536,9122,"fused_moe_kernel",256,0,0,80,0,48,"WRITE_SIZE",32.000000,7891312000792,7891312011216
1838,38525,"Agent 1",4,1,1,49152,9121,"fused_moe_kernel",256,0,0,80,0,48,"WRITE_SIZE",24.000000,7891312405392,7891312422992
1838,38527,"Agent 1",4,1,1,65536,9122,"fused_moe_kernel",256,0,0,80,0,48,"WRITE_SIZE",32.000000,7891312513197,7891312522739
1838,38542,"Agent 1",4,1,1,49152,9121,"fused_moe_kernel",256,0,0,80,0,48,"WRITE_SIZE",24.000000,7891312907414,7891312924573
1838,38544,"Agent 1",4,1,1,65536,9122,"fused_moe_kernel",256,0,0,80,0,48,"WRITE_SIZE",32.000000,7891313006920,7891313016782
1838,38559,"Agent 1",4,1,1,49152,9121,"fused_moe_kernel",256,0,0,80,0,48,"SQ_INSTS_VALU_MFMA_MOPS_BF16",1572864.000000,7891313397929,7891313415288
1838,38561,"Agent 1",4,1,1,65536,9122,"fused_moe_kernel",256,0,0,80,0,48,"SQ_INSTS_VALU_MFMA_MOPS_BF16",786432.000000,7891313488816,7891313499640
1838,38576,"Agent 1",4,1,1,49152,9121,"fused_moe_kernel",256,0,0,80,0,48,"SQ_INSTS_VALU_MFMA_MOPS_BF16",1572864.000000,7891313869000,7891313887161
1838,38578,"Agent 1",4,1,1,65536,9122,"fused_moe_kernel",256,0,0,80,0,48,"SQ_INSTS_VALU_MFMA_MOPS_BF16",786432.000000,7891313955557,7891313965419
1838,38593,"Agent 1",4,1,1,49152,9121,"fused_moe_kernel",256,0,0,80,0,48,"SQ_INSTS_VALU_MFMA_MOPS_BF16",1572864.000000,7891314343439,7891314360959
1838,38595,"Agent 1",4,1,1,65536,9122,"fused_moe_kernel",256,0,0,80,0,48,"SQ_INSTS_VALU_MFMA_MOPS_BF16",786432.000000,7891314431158,7891314441301
1838,38610,"Agent 1",4,1,1,49152,9121,"fused_moe_kernel",256,0,0,80,0,48,"SQ_INSTS_VALU_MFMA_MOPS_BF16",1572864.000000,7891314817236,7891314835959
1838,38612,"Agent 1",4,1,1,65536,9122,"fused_moe_kernel",256,0,0,80,0,48,"SQ_INSTS_VALU_MFMA_MOPS_BF16",786432.000000,7891314905517,7891314916141
1838,38627,"Agent 1",4,1,1,49152,9121,"fused_moe_kernel",256,0,0,80,0,48,"FETCH_SIZE",49194.250000,7891315286984,7891315305506
1838,38629,"Agent 1",4,1,1,65536,9122,"fused_moe_kernel",256,0,0,80,0,48,"FETCH_SIZE",24707.000000,7891315400923,7891315410585
1838,38644,"Agent 1",4,1,1,49152,9121,"fused_moe_kernel",256,0,0,80,0,48,"FETCH_SIZE",49195.750000,7891315816428,7891315834509
1838,38646,"Agent 1",4,1,1,65536,9122,"fused_moe_kernel",256,0,0,80,0,48,"FETCH_SIZE",24707.000000,7891315925556,7891315935218
1839,38661,"Agent 1",4,1,1,49152,9121,"fused_moe_kernel",256,0,0,80,0,48,"FETCH_SIZE",49195.250000,7891316317527,7891316335087
1839,38663,"Agent 1",4,1,1,65536,9122,"fused_moe_kernel",256,0,0,80,0,48,"FETCH_SIZE",24707.000000,7891316433431,7891316443574
1839,38678,"Agent 1",4,1,1,49152,9121,"fused_moe_kernel",256,0,0,80,0,48,"FETCH_SIZE",49196.250000,7891316843403,7891316861765
1839,38680,"Agent 1",4,1,1,65536,9122,"fused_moe_kernel",256,0,0,80,0,48,"FETCH_SIZE",24707.000000,7891316965561,7891316974702
1839,38695,"Agent 1",4,1,1,49152,9121,"fused_moe_kernel",256,0,0,80,0,48,"WRITE_SIZE",24.000000,7891317385596,7891317403396
1839,38697,"Agent 1",4,1,1,65536,9122,"fused_moe_kernel",256,0,0,80,0,48,"WRITE_SIZE",32.000000,7891317490113,7891317499816
1839,38712,"Agent 1",4,1,1,49152,9121,"fused_moe_kernel",256,0,0,80,0,48,"WRITE_SIZE",24.000000,7891317881964,7891317900406
1839,38714,"Agent 1",4,1,1,65536,9122,"fused_moe_kernel",256,0,0,80,0,48,"WRITE_SIZE",32.000000,7891317985760,7891317995783
1839,38729,"Agent 1",4,1,1,49152,9121,"fused_moe_kernel",256,0,0,80,0,48,"WRITE_SIZE",24.000000,7891318387273,7891318405715
1839,38731,"Agent 1",4,1,1,65536,9122,"fused_moe_kernel",256,0,0,80,0,48,"WRITE_SIZE",32.000000,7891318492753,7891318501934
1839,38746,"Agent 1",4,1,1,49152,9121,"fused_moe_kernel",256,0,0,80,0,48,"WRITE_SIZE",24.000000,7891318900841,7891318919804
1839,38748,"Agent 1",4,1,1,65536,9122,"fused_moe_kernel",256,0,0,80,0,48,"WRITE_SIZE",32.000000,7891319006521,7891319016624
1839,38763,"Agent 1",4,1,1,49152,9121,"fused_moe_kernel",256,0,0,80,0,48,"SQ_INSTS_VALU_MFMA_MOPS_BF16",1572864.000000,7891319408195,7891319426156
1839,38765,"Agent 1",4,1,1,65536,9122,"fused_moe_kernel",256,0,0,80,0,48,"SQ_INSTS_VALU_MFMA_MOPS_BF16",786432.000000,7891319496916,7891319506779
1839,38780,"Agent 1",4,1,1,49152,9121,"fused_moe_kernel",256,0,0,80,0,48,"SQ_INSTS_VALU_MFMA_MOPS_BF16",1572864.000000,7891319877542,7891319895382
1839,38782,"Agent 1",4,1,1,65536,9122,"fused_moe_kernel",256,0,0,80,0,48,"SQ_INSTS_VALU_MFMA_MOPS_BF16",786432.000000,7891319963137,7891319972798
1839,38797,"Agent 1",4,1,1,49152,9121,"fused_moe_kernel",256,0,0,80,0,48,"SQ_INSTS_VALU_MFMA_MOPS_BF16",1572864.000000,7891320337067,7891320355388
1839,38799,"Agent 1",4,1,1,65536,9122,"fused_moe_kernel",256,0,0,80,0,48,"SQ_INSTS_VALU_MFMA_MOPS_BF16",786432.000000,7891320429637,7891320439019
1839,38814,"Agent 1",4,1,1,49152,9121,"fused_moe_kernel",256,0,0,80,0,48,"SQ_INSTS_VALU_MFMA_MOPS_BF16",1572864.000000,7891320806053,7891320823493
1839,38816,"Agent 1",4,1,1,65536,9122,"fused_moe_kernel",256,0,0,80,0,48,"SQ_INSTS_VALU_MFMA_MOPS_BF16",786432.000000,7891320887999,7891320898062
1839,38831,"Agent 1",4,1,1,49152,9121,"fused_moe_kernel",256,0,0,80,0,48,"FETCH_SIZE",49194.000000,7891321268505,7891321286906
1839,38833,"Agent 1",4,1,1,65536,9122,"fused_moe_kernel",256,0,0,80,0,48,"FETCH_SIZE",24707.000000,7891321382243,7891321392025
1839,38848,"Agent 1",4,1,1,49152,9121,"fused_moe_kernel",256,0,0,80,0,48,"FETCH_SIZE",49195.500000,7891321788968,7891321806849
1839,38850,"Agent 1",4,1,1,65536,9122,"fused_moe_kernel",256,0,0,80,0,48,"FETCH_SIZE",24707.500000,7891321902025,7891321911446
1839,38865,"Agent 1",4,1,1,49152,9121,"fused_moe_kernel",256,0,0,80,0,48,"FETCH_SIZE",49195.000000,7891322301173,7891322319735
1839,38867,"Agent 1",4,1,1,65536,9122,"fused_moe_kernel",256,0,0,80,0,48,"FETCH_SIZE",24707.000000,7891322417116,7891322427660
1839,38882,"Agent 1",4,1,1,49152,9121,"fused_moe_kernel",256,0,0,80,0,48,"FETCH_SIZE",49193.500000,7891322824923,7891322843486
1839,38884,"Agent 1",4,1,1,65536,9122,"fused_moe_kernel",256,0,0,80,0,48,"FETCH_SIZE",24707.000000,7891322940667,7891322951371
1839,38899,"Agent 1",4,1,1,49152,9121,"fused_moe_kernel",256,0,0,80,0,48,"WRITE_SIZE",24.000000,7891323334001,7891323351681
1839,38901,"Agent 1",4,1,1,65536,9122,"fused_moe_kernel",256,0,0,80,0,48,"WRITE_SIZE",32.000000,7891323434550,7891323444292
1840,38916,"Agent 1",4,1,1,49152,9121,"fused_moe_kernel",256,0,0,80,0,48,"WRITE_SIZE",24.000000,7891323832735,7891323850535
1840,38918,"Agent 1",4,1,1,65536,9122,"fused_moe_kernel",256,0,0,80,0,48,"WRITE_SIZE",32.000000,7891323935168,7891323945151
1840,38933,"Agent 1",4,1,1,49152,9121,"fused_moe_kernel",256,0,0,80,0,48,"WRITE_SIZE",24.000000,7891324318319,7891324335799
1840,38935,"Agent 1",4,1,1,65536,9122,"fused_moe_kernel",256,0,0,80,0,48,"WRITE_SIZE",32.000000,7891324417785,7891324427848
1840,38950,"Agent 1",4,1,1,49152,9121,"fused_moe_kernel",256,0,0,80,0,48,"WRITE_SIZE",24.000000,7891324813204,7891324831085
1840,38952,"Agent 1",4,1,1,65536,9122,"fused_moe_kernel",256,0,0,80,0,48,"WRITE_SIZE",32.000000,7891324912630,7891324922172
1871,38997,"Agent 1",4,1,1,49152,9121,"fused_moe_kernel",256,0,0,80,0,48,"SQ_INSTS_VALU_MFMA_MOPS_BF16",1572864.000000,7891326273765,7891326291927
1871,38999,"Agent 1",4,1,1,65536,9122,"fused_moe_kernel",256,0,0,80,0,48,"SQ_INSTS_VALU_MFMA_MOPS_BF16",786432.000000,7891326390511,7891326399932
1871,39014,"Agent 1",4,1,1,49152,9121,"fused_moe_kernel",256,0,0,80,0,48,"SQ_INSTS_VALU_MFMA_MOPS_BF16",1572864.000000,7891327003665,7891327021385
1871,39016,"Agent 1",4,1,1,65536,9122,"fused_moe_kernel",256,0,0,80,0,48,"SQ_INSTS_VALU_MFMA_MOPS_BF16",786432.000000,7891327118526,7891327128068
1871,39031,"Agent 1",4,1,1,49152,9121,"fused_moe_kernel",256,0,0,80,0,48,"SQ_INSTS_VALU_MFMA_MOPS_BF16",1572864.000000,7891332370508,7891332389351
1871,39033,"Agent 1",4,1,1,65536,9122,"fused_moe_kernel",256,0,0,80,0,48,"SQ_INSTS_VALU_MFMA_MOPS_BF16",786432.000000,7891334127623,7891334138087
1871,39048,"Agent 1",4,1,1,49152,9121,"fused_moe_kernel",256,0,0,80,0,48,"SQ_INSTS_VALU_MFMA_MOPS_BF16",1572864.000000,7891344169977,7891344187697
1871,39050,"Agent 1",4,1,1,65536,9122,"fused_moe_kernel",256,0,0,80,0,48,"SQ_INSTS_VALU_MFMA_MOPS_BF16",786432.000000,7891345973678,7891345983901
1871,39065,"Agent 1",4,1,1,49152,9121,"fused_moe_kernel",256,0,0,80,0,48,"FETCH_SIZE",49196.750000,7891359361799,7891359380000
1871,39067,"Agent 1",4,1,1,65536,9122,"fused_moe_kernel",256,0,0,80,0,48,"FETCH_SIZE",24707.000000,7891361054529,7891361064191
1871,39082,"Agent 1",4,1,1,49152,9121,"fused_moe_kernel",256,0,0,80,0,48,"FETCH_SIZE",49194.250000,7891372833672,7891372851633
1871,39084,"Agent 1",4,1,1,65536,9122,"fused_moe_kernel",256,0,0,80,0,48,"FETCH_SIZE",24707.000000,7891374581687,7891374591068
1871,39099,"Agent 1",4,1,1,49152,9121,"fused_moe_kernel",256,0,0,80,0,48,"FETCH_SIZE",49195.750000,7891375356007,7891375374249
1871,39101,"Agent 1",4,1,1,65536,9122,"fused_moe_kernel",256,0,0,80,0,48,"FETCH_SIZE",24707.000000,7891375509316,7891375519459
1871,39116,"Agent 1",4,1,1,49152,9121,"fused_moe_kernel",256,0,0,80,0,48,"FETCH_SIZE",49195.000000,7891376005364,7891376023605
1871,39118,"Agent 1",4,1,1,65536,9122,"fused_moe_kernel",256,0,0,80,0,48,"FETCH_SIZE",24707.000000,7891376120906,7891376130328
1871,39133,"Agent 1",4,1,1,49152,9121,"fused_moe_kernel",256,0,0,80,0,48,"WRITE_SIZE",24.000000,7891376526990,7891376544670
1871,39135,"Agent 1",4,1,1,65536,9122,"fused_moe_kernel",256,0,0,80,0,48,"WRITE_SIZE",32.000000,7891376629342,7891376639205
1871,39150,"Agent 1",4,1,1,49152,9121,"fused_moe_kernel",256,0,0,80,0,48,"WRITE_SIZE",24.000000,7891377031858,7891377049578
1871,39152,"Agent 1",4,1,1,65536,9122,"fused_moe_kernel",256,0,0,80,0,48,"WRITE_SIZE",32.000000,7891377135974,7891377146238
1871,39167,"Agent 1",4,1,1,49152,9121,"fused_moe_kernel",256,0,0,80,0,48,"WRITE_SIZE",24.000000,7891377563105,7891377581307
1871,39169,"Agent 1",4,1,1,65536,9122,"fused_moe_kernel",256,0,0,80,0,48,"WRITE_SIZE",32.000000,7891377669347,7891377679330
1871,39184,"Agent 1",4,1,1,49152,9121,"fused_moe_kernel",256,0,0,80,0,48,"WRITE_SIZE",24.000000,7891378075150,7891378092509
1871,39186,"Agent 1",4,1,1,65536,9122,"fused_moe_kernel",256,0,0,80,0,48,"WRITE_SIZE",32.000000,7891378179547,7891378189931
1871,39201,"Agent 1",4,1,1,49152,9121,"fused_moe_kernel",256,0,0,80,0,48,"SQ_INSTS_VALU_MFMA_MOPS_BF16",1572864.000000,7891378606478,7891378623958
1871,39203,"Agent 1",4,1,1,65536,9122,"fused_moe_kernel",256,0,0,80,0,48,"SQ_INSTS_VALU_MFMA_MOPS_BF16",786432.000000,7891378694077,7891378704461
1871,39218,"Agent 1",4,1,1,49152,9121,"fused_moe_kernel",256,0,0,80,0,48,"SQ_INSTS_VALU_MFMA_MOPS_BF16",1572864.000000,7891379090138,7891379108339
1871,39220,"Agent 1",4,1,1,65536,9122,"fused_moe_kernel",256,0,0,80,0,48,"SQ_INSTS_VALU_MFMA_MOPS_BF16",786432.000000,7891379171282,7891379181225
1871,39235,"Agent 1",4,1,1,49152,9121,"fused_moe_kernel",256,0,0,80,0,48,"SQ_INSTS_VALU_MFMA_MOPS_BF16",1572864.000000,7891379573877,7891379592640
1871,39237,"Agent 1",4,1,1,65536,9122,"fused_moe_kernel",256,0,0,80,0,48,"SQ_INSTS_VALU_MFMA_MOPS_BF16",786432.000000,7891379659031,7891379669014
1872,39252,"Agent 1",4,1,1,49152,9121,"fused_moe_kernel",256,0,0,80,0,48,"SQ_INSTS_VALU_MFMA_MOPS_BF16",1572864.000000,7891380060223,7891380078024
1872,39254,"Agent 1",4,1,1,65536,9122,"fused_moe_kernel",256,0,0,80,0,48,"SQ_INSTS_VALU_MFMA_MOPS_BF16",786432.000000,7891380144214,7891380154397
1872,39269,"Agent 1",4,1,1,49152,9121,"fused_moe_kernel",256,0,0,80,0,48,"FETCH_SIZE",49195.250000,7891380528167,7891380547090
1872,39271,"Agent 1",4,1,1,65536,9122,"fused_moe_kernel",256,0,0,80,0,48,"FETCH_SIZE",24707.000000,7891380641345,7891380651127
1872,39286,"Agent 1",4,1,1,49152,9121,"fused_moe_kernel",256,0,0,80,0,48,"FETCH_SIZE",49196.250000,7891381063705,7891381081666
1872,39288,"Agent 1",4,1,1,65536,9122,"fused_moe_kernel",256,0,0,80,0,48,"FETCH_SIZE",24707.000000,7891381172793,7891381183417
1872,39303,"Agent 1",4,1,1,49152,9121,"fused_moe_kernel",256,0,0,80,0,48,"FETCH_SIZE",49195.000000,7891381594873,7891381612673
1872,39305,"Agent 1",4,1,1,65536,9122,"fused_moe_kernel",256,0,0,80,0,48,"FETCH_SIZE",24707.000000,7891381710295,7891381720157
1872,39320,"Agent 1",4,1,1,49152,9121,"fused_moe_kernel",256,0,0,80,0,48,"FETCH_SIZE",49197.250000,7891382110605,7891382129007
1872,39322,"Agent 1",4,1,1,65536,9122,"fused_moe_kernel",256,0,0,80,0,48,"FETCH_SIZE",24707.000000,7891382225065,7891382235209
1872,39337,"Agent 1",4,1,1,49152,9121,"fused_moe_kernel",256,0,0,80,0,48,"WRITE_SIZE",24.000000,7891382641693,7891382659493
1872,39339,"Agent 1",4,1,1,65536,9122,"fused_moe_kernel",256,0,0,80,0,48,"WRITE_SIZE",32.000000,7891382751984,7891382761325
1872,39354,"Agent 1",4,1,1,49152,9121,"fused_moe_kernel",256,0,0,80,0,48,"WRITE_SIZE",24.000000,7891383147322,7891383165363
1872,39356,"Agent 1",4,1,1,65536,9122,"fused_moe_kernel",256,0,0,80,0,48,"WRITE_SIZE",32.000000,7891383253203,7891383263026
1872,39371,"Agent 1",4,1,1,49152,9121,"fused_moe_kernel",256,0,0,80,0,48,"WRITE_SIZE",24.000000,7891383653594,7891383672396
1872,39373,"Agent 1",4,1,1,65536,9122,"fused_moe_kernel",256,0,0,80,0,48,"WRITE_SIZE",32.000000,7891383756467,7891383766210
1872,39388,"Agent 1",4,1,1,49152,9121,"fused_moe_kernel",256,0,0,80,0,48,"WRITE_SIZE",24.000000,7891384164515,7891384183118
1872,39390,"Agent 1",4,1,1,65536,9122,"fused_moe_kernel",256,0,0,80,0,48,"WRITE_SIZE",32.000000,7891384268712,7891384278935
1872,39405,"Agent 1",4,1,1,49152,9121,"fused_moe_kernel",256,0,0,80,0,48,"SQ_INSTS_VALU_MFMA_MOPS_BF16",1572864.000000,7891384669544,7891384687344
1872,39407,"Agent 1",4,1,1,65536,9122,"fused_moe_kernel",256,0,0,80,0,48,"SQ_INSTS_VALU_MFMA_MOPS_BF16",786432.000000,7891384756020,7891384766284
1872,39422,"Agent 1",4,1,1,49152,9121,"fused_moe_kernel",256,0,0,80,0,48,"SQ_INSTS_VALU_MFMA_MOPS_BF16",1572864.000000,7891385138329,7891385155609
1872,39424,"Agent 1",4,1,1,65536,9122,"fused_moe_kernel",256,0,0,80,0,48,"SQ_INSTS_VALU_MFMA_MOPS_BF16",786432.000000,7891385220556,7891385230499
1872,39439,"Agent 1",4,1,1,49152,9121,"fused_moe_kernel",256,0,0,80,0,48,"SQ_INSTS_VALU_MFMA_MOPS_BF16",1572864.000000,7891385592322,7891385610724
1872,39441,"Agent 1",4,1,1,65536,9122,"fused_moe_kernel",256,0,0,80,0,48,"SQ_INSTS_VALU_MFMA_MOPS_BF16",786432.000000,7891385675992,7891385685373
1872,39456,"Agent 1",4,1,1,49152,9121,"fused_moe_kernel",256,0,0,80,0,48,"SQ_INSTS_VALU_MFMA_MOPS_BF16",1572864.000000,7891386061909,7891386079389
1872,39458,"Agent 1",4,1,1,65536,9122,"fused_moe_kernel",256,0,0,80,0,48,"SQ_INSTS_VALU_MFMA_MOPS_BF16",786432.000000,7891386146742,7891386156244
1872,39473,"Agent 1",4,1,1,49152,9121,"fused_moe_kernel",256,0,0,80,0,48,"FETCH_SIZE",49194.000000,7891386540037,7891386557316
1872,39475,"Agent 1",4,1,1,65536,9122,"fused_moe_kernel",256,0,0,80,0,48,"FETCH_SIZE",24707.000000,7891386654417,7891386664720
1872,39490,"Agent 1",4,1,1,49152,9121,"fused_moe_kernel",256,0,0,80,0,48,"FETCH_SIZE",49196.000000,7891387080425,7891387099388
1872,39492,"Agent 1",4,1,1,65536,9122,"fused_moe_kernel",256,0,0,80,0,48,"FETCH_SIZE",24707.000000,7891387196128,7891387206031
1873,39507,"Agent 1",4,1,1,49152,9121,"fused_moe_kernel",256,0,0,80,0,48,"FETCH_SIZE",49194.250000,7891387609348,7891387627670
1873,39509,"Agent 1",4,1,1,65536,9122,"fused_moe_kernel",256,0,0,80,0,48,"FETCH_SIZE",24707.000000,7891387724369,7891387734392
1873,39524,"Agent 1",4,1,1,49152,9121,"fused_moe_kernel",256,0,0,80,0,48,"FETCH_SIZE",49195.250000,7891388138351,7891388156552
1873,39526,"Agent 1",4,1,1,65536,9122,"fused_moe_kernel",256,0,0,80,0,48,"FETCH_SIZE",24707.000000,7891388249283,7891388259747
1873,39541,"Agent 1",4,1,1,49152,9121,"fused_moe_kernel",256,0,0,80,0,48,"WRITE_SIZE",24.000000,7891388665910,7891388683991
1873,39543,"Agent 1",4,1,1,65536,9122,"fused_moe_kernel",256,0,0,80,0,48,"WRITE_SIZE",32.000000,7891388769826,7891388780050
1873,39558,"Agent 1",4,1,1,49152,9121,"fused_moe_kernel",256,0,0,80,0,48,"WRITE_SIZE",24.000000,7891389167691,7891389185812
1873,39560,"Agent 1",4,1,1,65536,9122,"fused_moe_kernel",256,0,0,80,0,48,"WRITE_SIZE",32.000000,7891389268480,7891389278543
1873,39575,"Agent 1",4,1,1,49152,9121,"fused_moe_kernel",256,0,0,80,0,48,"WRITE_SIZE",24.000000,7891389667668,7891389685348
1873,39577,"Agent 1",4,1,1,65536,9122,"fused_moe_kernel",256,0,0,80,0,48,"WRITE_SIZE",32.000000,7891389768457,7891389778199
1873,39592,"Agent 1",4,1,1,49152,9121,"fused_moe_kernel",256,0,0,80,0,48,"WRITE_SIZE",24.000000,7891390161230,7891390179472
1873,39594,"Agent 1",4,1,1,65536,9122,"fused_moe_kernel",256,0,0,80,0,48,"WRITE_SIZE",32.000000,7891390265708,7891390275811
1873,39609,"Agent 1",4,1,1,49152,9121,"fused_moe_kernel",256,0,0,80,0,48,"SQ_INSTS_VALU_MFMA_MOPS_BF16",1572864.000000,7891390663813,7891390681774
1873,39611,"Agent 1",4,1,1,65536,9122,"fused_moe_kernel",256,0,0,80,0,48,"SQ_INSTS_VALU_MFMA_MOPS_BF16",786432.000000,7891390748004,7891390757947
1873,39626,"Agent 1",4,1,1,49152,9121,"fused_moe_kernel",256,0,0,80,0,48,"SQ_INSTS_VALU_MFMA_MOPS_BF16",1572864.000000,7891391115279,7891391132839
1873,39628,"Agent 1",4,1,1,65536,9122,"fused_moe_kernel",256,0,0,80,0,48,"SQ_INSTS_VALU_MFMA_MOPS_BF16",786432.000000,7891391194339,7891391205124
1873,39643,"Agent 1",4,1,1,49152,9121,"fused_moe_kernel",256,0,0,80,0,48,"SQ_INSTS_VALU_MFMA_MOPS_BF16",1572864.000000,7891391558848,7891391576368
1873,39645,"Agent 1",4,1,1,65536,9122,"fused_moe_kernel",256,0,0,80,0,48,"SQ_INSTS_VALU_MFMA_MOPS_BF16",786432.000000,7891391644523,7891391654505
1873,39660,"Agent 1",4,1,1,49152,9121,"fused_moe_kernel",256,0,0,80,0,48,"SQ_INSTS_VALU_MFMA_MOPS_BF16",1572864.000000,7891392015927,7891392033688
1873,39662,"Agent 1",4,1,1,65536,9122,"fused_moe_kernel",256,0,0,80,0,48,"SQ_INSTS_VALU_MFMA_MOPS_BF16",786432.000000,7891392099437,7891392108698
1873,39677,"Agent 1",4,1,1,49152,9121,"fused_moe_kernel",256,0,0,80,0,48,"FETCH_SIZE",49194.500000,7891392464467,7891392483190
1873,39679,"Agent 1",4,1,1,65536,9122,"fused_moe_kernel",256,0,0,80,0,48,"FETCH_SIZE",24707.000000,7891392583698,7891392593039
1873,39694,"Agent 1",4,1,1,49152,9121,"fused_moe_kernel",256,0,0,80,0,48,"FETCH_SIZE",49195.000000,7891392989421,7891393007622
1873,39696,"Agent 1",4,1,1,65536,9122,"fused_moe_kernel",256,0,0,80,0,48,"FETCH_SIZE",24707.000000,7891393102357,7891393112300
1873,39711,"Agent 1",4,1,1,49152,9121,"fused_moe_kernel",256,0,0,80,0,48,"FETCH_SIZE",49195.750000,7891393517501,7891393535342
1873,39713,"Agent 1",4,1,1,65536,9122,"fused_moe_kernel",256,0,0,80,0,48,"FETCH_SIZE",24707.000000,7891393632363,7891393643147
1873,39728,"Agent 1",4,1,1,49152,9121,"fused_moe_kernel",256,0,0,80,0,48,"FETCH_SIZE",49194.000000,7891394039969,7891394058251
1873,39730,"Agent 1",4,1,1,65536,9122,"fused_moe_kernel",256,0,0,80,0,48,"FETCH_SIZE",24707.000000,7891394154790,7891394165134
1873,39745,"Agent 1",4,1,1,49152,9121,"fused_moe_kernel",256,0,0,80,0,48,"WRITE_SIZE",24.000000,7891394558789,7891394577071
1873,39747,"Agent 1",4,1,1,65536,9122,"fused_moe_kernel",256,0,0,80,0,48,"WRITE_SIZE",32.000000,7891394663868,7891394673289
1874,39762,"Agent 1",4,1,1,49152,9121,"fused_moe_kernel",256,0,0,80,0,48,"WRITE_SIZE",24.000000,7891395050467,7891395067907
1874,39764,"Agent 1",4,1,1,65536,9122,"fused_moe_kernel",256,0,0,80,0,48,"WRITE_SIZE",32.000000,7891395152579,7891395162442
1874,39779,"Agent 1",4,1,1,49152,9121,"fused_moe_kernel",256,0,0,80,0,48,"WRITE_SIZE",24.000000,7891395541463,7891395560066
1874,39781,"Agent 1",4,1,1,65536,9122,"fused_moe_kernel",256,0,0,80,0,48,"WRITE_SIZE",32.000000,7891395642212,7891395652075
1874,39796,"Agent 1",4,1,1,49152,9121,"fused_moe_kernel",256,0,0,80,0,48,"WRITE_SIZE",24.000000,7891396029854,7891396047494
1874,39798,"Agent 1",4,1,1,65536,9122,"fused_moe_kernel",256,0,0,80,0,48,"WRITE_SIZE",32.000000,7891396126874,7891396136256
1905,39843,"Agent 1",4,1,1,49152,9121,"fused_moe_kernel",256,0,0,80,0,48,"SQ_INSTS_VALU_MFMA_MOPS_BF16",1572864.000000,7891397512345,7891397529905
1905,39845,"Agent 1",4,1,1,65536,9122,"fused_moe_kernel",256,0,0,80,0,48,"SQ_INSTS_VALU_MFMA_MOPS_BF16",786432.000000,7891397627847,7891397637269
1905,39860,"Agent 1",4,1,1,49152,9121,"fused_moe_kernel",256,0,0,80,0,48,"SQ_INSTS_VALU_MFMA_MOPS_BF16",1572864.000000,7891398264495,7891398282375
1905,39862,"Agent 1",4,1,1,65536,9122,"fused_moe_kernel",256,0,0,80,0,48,"SQ_INSTS_VALU_MFMA_MOPS_BF16",786432.000000,7891398373743,7891398384006
1905,39877,"Agent 1",4,1,1,49152,9121,"fused_moe_kernel",256,0,0,80,0,48,"SQ_INSTS_VALU_MFMA_MOPS_BF16",1572864.000000,7891403030772,7891403049214
1905,39879,"Agent 1",4,1,1,65536,9122,"fused_moe_kernel",256,0,0,80,0,48,"SQ_INSTS_VALU_MFMA_MOPS_BF16",786432.000000,7891404611446,7891404621669
1905,39894,"Agent 1",4,1,1,49152,9121,"fused_moe_kernel",256,0,0,80,0,48,"SQ_INSTS_VALU_MFMA_MOPS_BF16",1572864.000000,7891416387662,7891416405703
1905,39896,"Agent 1",4,1,1,65536,9122,"fused_moe_kernel",256,0,0,80,0,48,"SQ_INSTS_VALU_MFMA_MOPS_BF16",786432.000000,7891418136358,7891418146461
1905,39911,"Agent 1",4,1,1,49152,9121,"fused_moe_kernel",256,0,0,80,0,48,"FETCH_SIZE",49196.250000,7891428870355,7891428888517
1905,39913,"Agent 1",4,1,1,65536,9122,"fused_moe_kernel",256,0,0,80,0,48,"FETCH_SIZE",24707.000000,7891429919300,7891429928922
1905,39928,"Agent 1",4,1,1,49152,9121,"fused_moe_kernel",256,0,0,80,0,48,"FETCH_SIZE",49195.500000,7891443284329,7891443303252
1905,39930,"Agent 1",4,1,1,65536,9122,"fused_moe_kernel",256,0,0,80,0,48,"FETCH_SIZE",24707.000000,7891443865370,7891443875593
1905,39945,"Agent 1",4,1,1,49152,9121,"fused_moe_kernel",256,0,0,80,0,48,"FETCH_SIZE",49196.750000,7891446527623,7891446546105
1905,39947,"Agent 1",4,1,1,65536,9122,"fused_moe_kernel",256,0,0,80,0,48,"FETCH_SIZE",24707.000000,7891446710198,7891446720421
1905,39962,"Agent 1",4,1,1,49152,9121,"fused_moe_kernel",256,0,0,80,0,48,"FETCH_SIZE",49194.500000,7891447203520,7891447221320
1905,39964,"Agent 1",4,1,1,65536,9122,"fused_moe_kernel",256,0,0,80,0,48,"FETCH_SIZE",24707.000000,7891447319383,7891447329286
1905,39979,"Agent 1",4,1,1,49152,9121,"fused_moe_kernel",256,0,0,80,0,48,"WRITE_SIZE",24.000000,7891447751606,7891447769366
1905,39981,"Agent 1",4,1,1,65536,9122,"fused_moe_kernel",256,0,0,80,0,48,"WRITE_SIZE",32.000000,7891447853197,7891447862699
1905,39996,"Agent 1",4,1,1,49152,9121,"fused_moe_kernel",256,0,0,80,0,48,"WRITE_SIZE",24.000000,7891448255432,7891448273232
1905,39998,"Agent 1",4,1,1,65536,9122,"fused_moe_kernel",256,0,0,80,0,48,"WRITE_SIZE",32.000000,7891448360310,7891448371055
1905,40013,"Agent 1",4,1,1,49152,9121,"fused_moe_kernel",256,0,0,80,0,48,"WRITE_SIZE",24.000000,7891448776176,7891448794337
1905,40015,"Agent 1",4,1,1,65536,9122,"fused_moe_kernel",256,0,0,80,0,48,"WRITE_SIZE",32.000000,7891448882297,7891448892280
1905,40030,"Agent 1",4,1,1,49152,9121,"fused_moe_kernel",256,0,0,80,0,48,"WRITE_SIZE",24.000000,7891449292750,7891449311112
1905,40032,"Agent 1",4,1,1,65536,9122,"fused_moe_kernel",256,0,0,80,0,48,"WRITE_SIZE",32.000000,7891449393860,7891449404003
1905,40047,"Agent 1",4,1,1,49152,9121,"fused_moe_kernel",256,0,0,80,0,48,"SQ_INSTS_VALU_MFMA_MOPS_BF16",1572864.000000,7891449796415,7891449814456
1905,40049,"Agent 1",4,1,1,65536,9122,"fused_moe_kernel",256,0,0,80,0,48,"SQ_INSTS_VALU_MFMA_MOPS_BF16",786432.000000,7891449881930,7891449891913
1905,40064,"Agent 1",4,1,1,49152,9121,"fused_moe_kernel",256,0,0,80,0,48,"SQ_INSTS_VALU_MFMA_MOPS_BF16",1572864.000000,7891450271776,7891450289938
1905,40066,"Agent 1",4,1,1,65536,9122,"fused_moe_kernel",256,0,0,80,0,48,"SQ_INSTS_VALU_MFMA_MOPS_BF16",786432.000000,7891450355607,7891450365630
1905,40081,"Agent 1",4,1,1,49152,9121,"fused_moe_kernel",256,0,0,80,0,48,"SQ_INSTS_VALU_MFMA_MOPS_BF16",1572864.000000,7891450742928,7891450760848
1905,40083,"Agent 1",4,1,1,65536,9122,"fused_moe_kernel",256,0,0,80,0,48,"SQ_INSTS_VALU_MFMA_MOPS_BF16",786432.000000,7891450827640,7891450836981
1906,40098,"Agent 1",4,1,1,49152,9121,"fused_moe_kernel",256,0,0,80,0,48,"SQ_INSTS_VALU_MFMA_MOPS_BF16",1572864.000000,7891451226748,7891451244227
1906,40100,"Agent 1",4,1,1,65536,9122,"fused_moe_kernel",256,0,0,80,0,48,"SQ_INSTS_VALU_MFMA_MOPS_BF16",786432.000000,7891451312302,7891451322245
1906,40115,"Agent 1",4,1,1,49152,9121,"fused_moe_kernel",256,0,0,80,0,48,"FETCH_SIZE",49195.250000,7891451707160,7891451725361
1906,40117,"Agent 1",4,1,1,65536,9122,"fused_moe_kernel",256,0,0,80,0,48,"FETCH_SIZE",24707.000000,7891451820818,7891451830721
1906,40132,"Agent 1",4,1,1,49152,9121,"fused_moe_kernel",256,0,0,80,0,48,"FETCH_SIZE",49196.000000,7891452249553,7891452267474
1906,40134,"Agent 1",4,1,1,65536,9122,"fused_moe_kernel",256,0,0,80,0,48,"FETCH_SIZE",24707.000000,7891452371631,7891452381052
1906,40149,"Agent 1",4,1,1,49152,9121,"fused_moe_kernel",256,0,0,80,0,48,"FETCH_SIZE",49196.062500,7891452790263,7891452808424
1906,40151,"Agent 1",4,1,1,65536,9122,"fused_moe_kernel",256,0,0,80,0,48,"FETCH_SIZE",24707.000000,7891452904322,7891452914505
1906,40166,"Agent 1",4,1,1,49152,9121,"fused_moe_kernel",256,0,0,80,0,48,"FETCH_SIZE",49196.500000,7891453334741,7891453353062
1906,40168,"Agent 1",4,1,1,65536,9122,"fused_moe_kernel",256,0,0,80,0,48,"FETCH_SIZE",24707.000000,7891453446956,7891453457099
1906,40183,"Agent 1",4,1,1,49152,9121,"fused_moe_kernel",256,0,0,80,0,48,"WRITE_SIZE",24.000000,7891453862901,7891453881223
1906,40185,"Agent 1",4,1,1,65536,9122,"fused_moe_kernel",256,0,0,80,0,48,"WRITE_SIZE",32.000000,7891453978083,7891453988788
1906,40200,"Agent 1",4,1,1,49152,9121,"fused_moe_kernel",256,0,0,80,0,48,"WRITE_SIZE",24.000000,7891454387454,7891454404934
1906,40202,"Agent 1",4,1,1,65536,9122,"fused_moe_kernel",256,0,0,80,0,48,"WRITE_SIZE",32.000000,7891454489647,7891454499870
1906,40217,"Agent 1",4,1,1,49152,9121,"fused_moe_kernel",256,0,0,80,0,48,"WRITE_SIZE",24.000000,7891454892563,7891454909802
1906,40219,"Agent 1",4,1,1,65536,9122,"fused_moe_kernel",256,0,0,80,0,48,"WRITE_SIZE",32.000000,7891454999085,7891455008707
1906,40234,"Agent 1",4,1,1,49152,9121,"fused_moe_kernel",256,0,0,80,0,48,"WRITE_SIZE",24.000000,7891455391537,7891455410139
1906,40236,"Agent 1",4,1,1,65536,9122,"fused_moe_kernel",256,0,0,80,0,48,"WRITE_SIZE",32.000000,7891455495093,7891455505115
1906,40251,"Agent 1",4,1,1,49152,9121,"fused_moe_kernel",256,0,0,80,0,48,"SQ_INSTS_VALU_MFMA_MOPS_BF16",1572864.000000,7891455899212,7891455917453
1906,40253,"Agent 1",4,1,1,65536,9122,"fused_moe_kernel",256,0,0,80,0,48,"SQ_INSTS_VALU_MFMA_MOPS_BF16",786432.000000,7891455990299,7891456000161
1906,40268,"Agent 1",4,1,1,49152,9121,"fused_moe_kernel",256,0,0,80,0,48,"SQ_INSTS_VALU_MFMA_MOPS_BF16",1572864.000000,7891456365231,7891456382951
1906,40270,"Agent 1",4,1,1,65536,9122,"fused_moe_kernel",256,0,0,80,0,48,"SQ_INSTS_VALU_MFMA_MOPS_BF16",786432.000000,7891456447618,7891456456960
1906,40285,"Agent 1",4,1,1,49152,9121,"fused_moe_kernel",256,0,0,80,0,48,"SQ_INSTS_VALU_MFMA_MOPS_BF16",1572864.000000,7891456823994,7891456842156
1906,40287,"Agent 1",4,1,1,65536,9122,"fused_moe_kernel",256,0,0,80,0,48,"SQ_INSTS_VALU_MFMA_MOPS_BF16",786432.000000,7891456908987,7891456919131
1906,40302,"Agent 1",4,1,1,49152,9121,"fused_moe_kernel",256,0,0,80,0,48,"SQ_INSTS_VALU_MFMA_MOPS_BF16",1572864.000000,7891457313708,7891457331628
1906,40304,"Agent 1",4,1,1,65536,9122,"fused_moe_kernel",256,0,0,80,0,48,"SQ_INSTS_VALU_MFMA_MOPS_BF16",786432.000000,7891457398821,7891457408804
1906,40319,"Agent 1",4,1,1,49152,9121,"fused_moe_kernel",256,0,0,80,0,48,"FETCH_SIZE",49193.250000,7891457779848,7891457797969
1906,40321,"Agent 1",4,1,1,65536,9122,"fused_moe_kernel",256,0,0,80,0,48,"FETCH_SIZE",24707.000000,7891457893546,7891457903769
1906,40336,"Agent 1",4,1,1,49152,9121,"fused_moe_kernel",256,0,0,80,0,48,"FETCH_SIZE",49195.000000,7891458307247,7891458324807
1906,40338,"Agent 1",4,1,1,65536,9122,"fused_moe_kernel",256,0,0,80,0,48,"FETCH_SIZE",24707.000000,7891458422669,7891458432371
1907,40353,"Agent 1",4,1,1,49152,9121,"fused_moe_kernel",256,0,0,80,0,48,"FETCH_SIZE",49196.250000,7891458816204,7891458834004
1907,40355,"Agent 1",4,1,1,65536,9122,"fused_moe_kernel",256,0,0,80,0,48,"FETCH_SIZE",24707.000000,7891458931225,7891458941449
1907,40370,"Agent 1",4,1,1,49152,9121,"fused_moe_kernel",256,0,0,80,0,48,"FETCH_SIZE",49196.250000,7891459343723,7891459362165
1907,40372,"Agent 1",4,1,1,65536,9122,"fused_moe_kernel",256,0,0,80,0,48,"FETCH_SIZE",24707.500000,7891459460910,7891459470852
1907,40387,"Agent 1",4,1,1,49152,9121,"fused_moe_kernel",256,0,0,80,0,48,"WRITE_SIZE",24.000000,7891459873488,7891459891409
1907,40389,"Agent 1",4,1,1,65536,9122,"fused_moe_kernel",256,0,0,80,0,48,"WRITE_SIZE",32.000000,7891459980411,7891459990875
1907,40404,"Agent 1",4,1,1,49152,9121,"fused_moe_kernel",256,0,0,80,0,48,"WRITE_SIZE",24.000000,7891460377273,7891460395234
1907,40406,"Agent 1",4,1,1,65536,9122,"fused_moe_kernel",256,0,0,80,0,48,"WRITE_SIZE",32.000000,7891460480628,7891460490771
1907,40421,"Agent 1",4,1,1,49152,9121,"fused_moe_kernel",256,0,0,80,0,48,"WRITE_SIZE",24.000000,7891460886191,7891460904111
1907,40423,"Agent 1",4,1,1,65536,9122,"fused_moe_kernel",256,0,0,80,0,48,"WRITE_SIZE",32.000000,7891460990708,7891461000009
1907,40438,"Agent 1",4,1,1,49152,9121,"fused_moe_kernel",256,0,0,80,0,48,"WRITE_SIZE",24.000000,7891461388974,7891461407175
1907,40440,"Agent 1",4,1,1,65536,9122,"fused_moe_kernel",256,0,0,80,0,48,"WRITE_SIZE",32.000000,7891461491567,7891461501670
1907,40455,"Agent 1",4,1,1,49152,9121,"fused_moe_kernel",256,0,0,80,0,48,"SQ_INSTS_VALU_MFMA_MOPS_BF16",1572864.000000,7891461897570,7891461915611
1907,40457,"Agent 1",4,1,1,65536,9122,"fused_moe_kernel",256,0,0,80,0,48,"SQ_INSTS_VALU_MFMA_MOPS_BF16",786432.000000,7891461982964,7891461992706
1907,40472,"Agent 1",4,1,1,49152,9121,"fused_moe_kernel",256,0,0,80,0,48,"SQ_INSTS_VALU_MFMA_MOPS_BF16",1572864.000000,7891462356774,7891462375176
1907,40474,"Agent 1",4,1,1,65536,9122,"fused_moe_kernel",256,0,0,80,0,48,"SQ_INSTS_VALU_MFMA_MOPS_BF16",786432.000000,7891462445015,7891462454516
1907,40489,"Agent 1",4,1,1,49152,9121,"fused_moe_kernel",256,0,0,80,0,48,"SQ_INSTS_VALU_MFMA_MOPS_BF16",1572864.000000,7891462823435,7891462841035
1907,40491,"Agent 1",4,1,1,65536,9122,"fused_moe_kernel",256,0,0,80,0,48,"SQ_INSTS_VALU_MFMA_MOPS_BF16",786432.000000,7891462911115,7891462921378
1907,40506,"Agent 1",4,1,1,49152,9121,"fused_moe_kernel",256,0,0,80,0,48,"SQ_INSTS_VALU_MFMA_MOPS_BF16",1572864.000000,7891463293223,7891463311545
1907,40508,"Agent 1",4,1,1,65536,9122,"fused_moe_kernel",256,0,0,80,0,48,"SQ_INSTS_VALU_MFMA_MOPS_BF16",786432.000000,7891463378818,7891463388079
1907,40523,"Agent 1",4,1,1,49152,9121,"fused_moe_kernel",256,0,0,80,0,48,"FETCH_SIZE",49195.250000,7891463756557,7891463774999
1907,40525,"Agent 1",4,1,1,65536,9122,"fused_moe_kernel",256,0,0,80,0,48,"FETCH_SIZE",24707.000000,7891463868371,7891463877953
1907,40540,"Agent 1",4,1,1,49152,9121,"fused_moe_kernel",256,0,0,80,0,48,"FETCH_SIZE",49195.250000,7891464271969,7891464289569
1907,40542,"Agent 1",4,1,1,65536,9122,"fused_moe_kernel",256,0,0,80,0,48,"FETCH_SIZE",24707.000000,7891464385307,7891464394608
1907,40557,"Agent 1",4,1,1,49152,9121,"fused_moe_kernel",256,0,0,80,0,48,"FETCH_SIZE",49194.500000,7891464785577,7891464805261
1907,40559,"Agent 1",4,1,1,65536,9122,"fused_moe_kernel",256,0,0,80,0,48,"FETCH_SIZE",24707.000000,7891464897872,7891464908737
1907,40574,"Agent 1",4,1,1,49152,9121,"fused_moe_kernel",256,0,0,80,0,48,"FETCH_SIZE",49194.250000,7891465294734,7891465313056
1907,40576,"Agent 1",4,1,1,65536,9122,"fused_moe_kernel",256,0,0,80,0,48,"FETCH_SIZE",24707.000000,7891465409756,7891465420180
1907,40591,"Agent 1",4,1,1,49152,9121,"fused_moe_kernel",256,0,0,80,0,48,"WRITE_SIZE",24.000000,7891465810307,7891465827907
1907,40593,"Agent 1",4,1,1,65536,9122,"fused_moe_kernel",256,0,0,80,0,48,"WRITE_SIZE",32.000000,7891465912258,7891465921800
1908,40608,"Agent 1",4,1,1,49152,9121,"fused_moe_kernel",256,0,0,80,0,48,"WRITE_SIZE",24.000000,7891466299579,7891466317380
1908,40610,"Agent 1",4,1,1,65536,9122,"fused_moe_kernel",256,0,0,80,0,48,"WRITE_SIZE",32.000000,7891466403696,7891466413278
1908,40625,"Agent 1",4,1,1,49152,9121,"fused_moe_kernel",256,0,0,80,0,48,"WRITE_SIZE",24.000000,7891466781154,7891466799195
1908,40627,"Agent 1",4,1,1,65536,9122,"fused_moe_kernel",256,0,0,80,0,48,"WRITE_SIZE",32.000000,7891466882224,7891466892567
1908,40642,"Agent 1",4,1,1,49152,9121,"fused_moe_kernel",256,0,0,80,0,48,"WRITE_SIZE",24.000000,7891467263491,7891467280770
1908,40644,"Agent 1",4,1,1,65536,9122,"fused_moe_kernel",256,0,0,80,0,48,"WRITE_SIZE",32.000000,7891467360992,7891467370895
1939,40689,"Agent 1",4,1,1,49152,9121,"fused_moe_kernel",256,0,0,80,0,48,"SQ_INSTS_VALU_MFMA_MOPS_BF16",1572864.000000,7891468651447,7891468669247
1939,40691,"Agent 1",4,1,1,65536,9122,"fused_moe_kernel",256,0,0,80,0,48,"SQ_INSTS_VALU_MFMA_MOPS_BF16",786432.000000,7891468743416,7891468753880
1939,40706,"Agent 1",4,1,1,49152,9121,"fused_moe_kernel",256,0,0,80,0,48,"SQ_INSTS_VALU_MFMA_MOPS_BF16",1572864.000000,7891469389525,7891469407566
1939,40708,"Agent 1",4,1,1,65536,9122,"fused_moe_kernel",256,0,0,80,0,48,"SQ_INSTS_VALU_MFMA_MOPS_BF16",786432.000000,7891469483579,7891469494002
1939,40723,"Agent 1",4,1,1,49152,9121,"fused_moe_kernel",256,0,0,80,0,48,"SQ_INSTS_VALU_MFMA_MOPS_BF16",1572864.000000,7891470533406,7891470551326
1939,40725,"Agent 1",4,1,1,65536,9122,"fused_moe_kernel",256,0,0,80,0,48,"SQ_INSTS_VALU_MFMA_MOPS_BF16",786432.000000,7891470651715,7891470662098
1939,40740,"Agent 1",4,1,1,49152,9121,"fused_moe_kernel",256,0,0,80,0,48,"SQ_INSTS_VALU_MFMA_MOPS_BF16",1572864.000000,7891481847972,7891481865452
1939,40742,"Agent 1",4,1,1,65536,9122,"fused_moe_kernel",256,0,0,80,0,48,"SQ_INSTS_VALU_MFMA_MOPS_BF16",786432.000000,7891483543106,7891483552688
1939,40757,"Agent 1",4,1,1,49152,9121,"fused_moe_kernel",256,0,0,80,0,48,"FETCH_SIZE",49196.375000,7891495281895,7891495299856
1939,40759,"Agent 1",4,1,1,65536,9122,"fused_moe_kernel",256,0,0,80,0,48,"FETCH_SIZE",24707.000000,7891497044382,7891497054646
1939,40774,"Agent 1",4,1,1,49152,9121,"fused_moe_kernel",256,0,0,80,0,48,"FETCH_SIZE",49194.500000,7891508766596,7891508784637
1939,40776,"Agent 1",4,1,1,65536,9122,"fused_moe_kernel",256,0,0,80,0,48,"FETCH_SIZE",24707.000000,7891510457240,7891510466902
1939,40791,"Agent 1",4,1,1,49152,9121,"fused_moe_kernel",256,0,0,80,0,48,"FETCH_SIZE",49196.125000,7891517530161,7891517548403
1939,40793,"Agent 1",4,1,1,65536,9122,"fused_moe_kernel",256,0,0,80,0,48,"FETCH_SIZE",24707.062500,7891517648911,7891517658614
1939,40808,"Agent 1",4,1,1,49152,9121,"fused_moe_kernel",256,0,0,80,0,48,"FETCH_SIZE",49195.750000,7891518235686,7891518254288
1939,40810,"Agent 1",4,1,1,65536,9122,"fused_moe_kernel",256,0,0,80,0,48,"FETCH_SIZE",24707.000000,7891518353233,7891518363256
1939,40825,"Agent 1",4,1,1,49152,9121,"fused_moe_kernel",256,0,0,80,0,48,"WRITE_SIZE",24.000000,7891518756269,7891518773950
1939,40827,"Agent 1",4,1,1,65536,9122,"fused_moe_kernel",256,0,0,80,0,48,"WRITE_SIZE",32.000000,7891518855174,7891518865798
1939,40842,"Agent 1",4,1,1,49152,9121,"fused_moe_kernel",256,0,0,80,0,48,"WRITE_SIZE",24.000000,7891519253921,7891519272684
1939,40844,"Agent 1",4,1,1,65536,9122,"fused_moe_kernel",256,0,0,80,0,48,"WRITE_SIZE",32.000000,7891519358438,7891519367980
1939,40859,"Agent 1",4,1,1,49152,9121,"fused_moe_kernel",256,0,0,80,0,48,"WRITE_SIZE",24.000000,7891519761515,7891519779476
1939,40861,"Agent 1",4,1,1,65536,9122,"fused_moe_kernel",256,0,0,80,0,48,"WRITE_SIZE",32.000000,7891519871565,7891519881428
1939,40876,"Agent 1",4,1,1,49152,9121,"fused_moe_kernel",256,0,0,80,0,48,"WRITE_SIZE",24.000000,7891520280295,7891520297454
1939,40878,"Agent 1",4,1,1,65536,9122,"fused_moe_kernel",256,0,0,80,0,48,"WRITE_SIZE",32.000000,7891520384932,7891520394715
1939,40893,"Agent 1",4,1,1,49152,9121,"fused_moe_kernel",256,0,0,80,0,48,"SQ_INSTS_VALU_MFMA_MOPS_BF16",1572864.000000,7891520796709,7891520815070
1939,40895,"Agent 1",4,1,1,65536,9122,"fused_moe_kernel",256,0,0,80,0,48,"SQ_INSTS_VALU_MFMA_MOPS_BF16",786432.000000,7891520889760,7891520899783
1939,40910,"Agent 1",4,1,1,49152,9121,"fused_moe_kernel",256,0,0,80,0,48,"SQ_INSTS_VALU_MFMA_MOPS_BF16",1572864.000000,7891521286703,7891521304543
1939,40912,"Agent 1",4,1,1,65536,9122,"fused_moe_kernel",256,0,0,80,0,48,"SQ_INSTS_VALU_MFMA_MOPS_BF16",786432.000000,7891521376066,7891521385848
1939,40927,"Agent 1",4,1,1,49152,9121,"fused_moe_kernel",256,0,0,80,0,48,"SQ_INSTS_VALU_MFMA_MOPS_BF16",1572864.000000,7891521754005,7891521771525
1939,40929,"Agent 1",4,1,1,65536,9122,"fused_moe_kernel",256,0,0,80,0,48,"SQ_INSTS_VALU_MFMA_MOPS_BF16",786432.000000,7891521839640,7891521849302
1940,40944,"Agent 1",4,1,1,49152,9121,"fused_moe_kernel",256,0,0,80,0,48,"SQ_INSTS_VALU_MFMA_MOPS_BF16",1572864.000000,7891522221869,7891522240672
1940,40946,"Agent 1",4,1,1,65536,9122,"fused_moe_kernel",256,0,0,80,0,48,"SQ_INSTS_VALU_MFMA_MOPS_BF16",786432.000000,7891522307544,7891522317647
1940,40961,"Agent 1",4,1,1,49152,9121,"fused_moe_kernel",256,0,0,80,0,48,"FETCH_SIZE",49194.625000,7891522683639,7891522701319
1940,40963,"Agent 1",4,1,1,65536,9122,"fused_moe_kernel",256,0,0,80,0,48,"FETCH_SIZE",24707.000000,7891522794331,7891522804434
1940,40978,"Agent 1",4,1,1,49152,9121,"fused_moe_kernel",256,0,0,80,0,48,"FETCH_SIZE",49194.000000,7891523214807,7891523232768
1940,40980,"Agent 1",4,1,1,65536,9122,"fused_moe_kernel",256,0,0,80,0,48,"FETCH_SIZE",24707.000000,7891523325178,7891523334559
1940,40995,"Agent 1",4,1,1,49152,9121,"fused_moe_kernel",256,0,0,80,0,48,"FETCH_SIZE",49195.812500,7891523742286,7891523760047
1940,40997,"Agent 1",4,1,1,65536,9122,"fused_moe_kernel",256,0,0,80,0,48,"FETCH_SIZE",24707.000000,7891523855664,7891523866128
1940,41012,"Agent 1",4,1,1,49152,9121,"fused_moe_kernel",256,0,0,80,0,48,"FETCH_SIZE",49195.500000,7891524275859,7891524293580
1940,41014,"Agent 1",4,1,1,65536,9122,"fused_moe_kernel",256,0,0,80,0,48,"FETCH_SIZE",24707.000000,7891524389558,7891524399541
1940,41029,"Agent 1",4,1,1,49152,9121,"fused_moe_kernel",256,0,0,80,0,48,"WRITE_SIZE",24.000000,7891524803900,7891524821981
1940,41031,"Agent 1",4,1,1,65536,9122,"fused_moe_kernel",256,0,0,80,0,48,"WRITE_SIZE",32.000000,7891524911505,7891524921527
1940,41046,"Agent 1",4,1,1,49152,9121,"fused_moe_kernel",256,0,0,80,0,48,"WRITE_SIZE",24.000000,7891525325125,7891525342525
1940,41048,"Agent 1",4,1,1,65536,9122,"fused_moe_kernel",256,0,0,80,0,48,"WRITE_SIZE",32.000000,7891525425834,7891525436258
1940,41063,"Agent 1",4,1,1,49152,9121,"fused_moe_kernel",256,0,0,80,0,48,"WRITE_SIZE",24.000000,7891525815239,7891525833160
1940,41065,"Agent 1",4,1,1,65536,9122,"fused_moe_kernel",256,0,0,80,0,48,"WRITE_SIZE",32.000000,7891525929339,7891525939442
1940,41080,"Agent 1",4,1,1,49152,9121,"fused_moe_kernel",256,0,0,80,0,48,"WRITE_SIZE",24.000000,7891526340514,7891526358595
1940,41082,"Agent 1",4,1,1,65536,9122,"fused_moe_kernel",256,0,0,80,0,48,"WRITE_SIZE",32.000000,7891526449562,7891526460106
1940,41097,"Agent 1",4,1,1,49152,9121,"fused_moe_kernel",256,0,0,80,0,48,"SQ_INSTS_VALU_MFMA_MOPS_BF16",1572864.000000,7891526855605,7891526873887
1940,41099,"Agent 1",4,1,1,65536,9122,"fused_moe_kernel",256,0,0,80,0,48,"SQ_INSTS_VALU_MFMA_MOPS_BF16",786432.000000,7891526940959,7891526950741
1940,41114,"Agent 1",4,1,1,49152,9121,"fused_moe_kernel",256,0,0,80,0,48,"SQ_INSTS_VALU_MFMA_MOPS_BF16",1572864.000000,7891527319660,7891527337501
1940,41116,"Agent 1",4,1,1,65536,9122,"fused_moe_kernel",256,0,0,80,0,48,"SQ_INSTS_VALU_MFMA_MOPS_BF16",786432.000000,7891527403691,7891527413834
1940,41131,"Agent 1",4,1,1,49152,9121,"fused_moe_kernel",256,0,0,80,0,48,"SQ_INSTS_VALU_MFMA_MOPS_BF16",1572864.000000,7891527778022,7891527795783
1940,41133,"Agent 1",4,1,1,65536,9122,"fused_moe_kernel",256,0,0,80,0,48,"SQ_INSTS_VALU_MFMA_MOPS_BF16",786432.000000,7891527857523,7891527867185
1940,41148,"Agent 1",4,1,1,49152,9121,"fused_moe_kernel",256,0,0,80,0,48,"SQ_INSTS_VALU_MFMA_MOPS_BF16",1572864.000000,7891528245686,7891528263446
1940,41150,"Agent 1",4,1,1,65536,9122,"fused_moe_kernel",256,0,0,80,0,48,"SQ_INSTS_VALU_MFMA_MOPS_BF16",786432.000000,7891528328273,7891528338537
1940,41165,"Agent 1",4,1,1,49152,9121,"fused_moe_kernel",256,0,0,80,0,48,"FETCH_SIZE",49196.250000,7891528706413,7891528724655
1940,41167,"Agent 1",4,1,1,65536,9122,"fused_moe_kernel",256,0,0,80,0,48,"FETCH_SIZE",24707.000000,7891528818508,7891528828611
1940,41182,"Agent 1",4,1,1,49152,9121,"fused_moe_kernel",256,0,0,80,0,48,"FETCH_SIZE",49194.750000,7891529232209,7891529250330
1940,41184,"Agent 1",4,1,1,65536,9122,"fused_moe_kernel",256,0,0,80,0,48,"FETCH_SIZE",24707.000000,7891529345386,7891529355208
1941,41199,"Agent 1",4,1,1,49152,9121,"fused_moe_kernel",256,0,0,80,0,48,"FETCH_SIZE",49195.250000,7891529749986,7891529768187
1941,41201,"Agent 1",4,1,1,65536,9122,"fused_moe_kernel",256,0,0,80,0,48,"FETCH_SIZE",24707.000000,7891529863364,7891529872745
1941,41216,"Agent 1",4,1,1,49152,9121,"fused_moe_kernel",256,0,0,80,0,48,"FETCH_SIZE",49196.000000,7891530275461,7891530293101
1941,41218,"Agent 1",4,1,1,65536,9122,"fused_moe_kernel",256,0,0,80,0,48,"FETCH_SIZE",24707.000000,7891530394331,7891530403833
1941,41233,"Agent 1",4,1,1,49152,9121,"fused_moe_kernel",256,0,0,80,0,48,"WRITE_SIZE",24.000000,7891530801737,7891530820500
1941,41235,"Agent 1",4,1,1,65536,9122,"fused_moe_kernel",256,0,0,80,0,48,"WRITE_SIZE",32.000000,7891530915155,7891530926060
1941,41250,"Agent 1",4,1,1,49152,9121,"fused_moe_kernel",256,0,0,80,0,48,"WRITE_SIZE",24.000000,7891531323323,7891531341044
1941,41252,"Agent 1",4,1,1,65536,9122,"fused_moe_kernel",256,0,0,80,0,48,"WRITE_SIZE",32.000000,7891531425436,7891531435779
1941,41267,"Agent 1",4,1,1,49152,9121,"fused_moe_kernel",256,0,0,80,0,48,"WRITE_SIZE",24.000000,7891531815442,7891531833163
1941,41269,"Agent 1",4,1,1,65536,9122,"fused_moe_kernel",256,0,0,80,0,48,"WRITE_SIZE",32.000000,7891531925893,7891531935916
1941,41284,"Agent 1",4,1,1,49152,9121,"fused_moe_kernel",256,0,0,80,0,48,"WRITE_SIZE",24.000000,7891532330654,7891532348815
1941,41286,"Agent 1",4,1,1,65536,9122,"fused_moe_kernel",256,0,0,80,0,48,"WRITE_SIZE",32.000000,7891532430681,7891532440945
1941,41301,"Agent 1",4,1,1,49152,9121,"fused_moe_kernel",256,0,0,80,0,48,"SQ_INSTS_VALU_MFMA_MOPS_BF16",1572864.000000,7891532819165,7891532836845
1941,41303,"Agent 1",4,1,1,65536,9122,"fused_moe_kernel",256,0,0,80,0,48,"SQ_INSTS_VALU_MFMA_MOPS_BF16",786432.000000,7891532913459,7891532924003
1941,41318,"Agent 1",4,1,1,49152,9121,"fused_moe_kernel",256,0,0,80,0,48,"SQ_INSTS_VALU_MFMA_MOPS_BF16",1572864.000000,7891533295127,7891533314130
1941,41320,"Agent 1",4,1,1,65536,9122,"fused_moe_kernel",256,0,0,80,0,48,"SQ_INSTS_VALU_MFMA_MOPS_BF16",786432.000000,7891533380681,7891533390223
1941,41335,"Agent 1",4,1,1,49152,9121,"fused_moe_kernel",256,0,0,80,0,48,"SQ_INSTS_VALU_MFMA_MOPS_BF16",1572864.000000,7891533749961,7891533768202
1941,41337,"Agent 1",4,1,1,65536,9122,"fused_moe_kernel",256,0,0,80,0,48,"SQ_INSTS_VALU_MFMA_MOPS_BF16",786432.000000,7891533831266,7891533841248
1941,41352,"Agent 1",4,1,1,49152,9121,"fused_moe_kernel",256,0,0,80,0,48,"SQ_INSTS_VALU_MFMA_MOPS_BF16",1572864.000000,7891534221754,7891534239514
1941,41354,"Agent 1",4,1,1,65536,9122,"fused_moe_kernel",256,0,0,80,0,48,"SQ_INSTS_VALU_MFMA_MOPS_BF16",786432.000000,7891534305103,7891534314805
1941,41369,"Agent 1",4,1,1,49152,9121,"fused_moe_kernel",256,0,0,80,0,48,"FETCH_SIZE",49195.500000,7891534668129,7891534686490
1941,41371,"Agent 1",4,1,1,65536,9122,"fused_moe_kernel",256,0,0,80,0,48,"FETCH_SIZE",24707.000000,7891534780304,7891534790086
1941,41386,"Agent 1",4,1,1,49152,9121,"fused_moe_kernel",256,0,0,80,0,48,"FETCH_SIZE",49194.000000,7891535185144,7891535203947
1941,41388,"Agent 1",4,1,1,65536,9122,"fused_moe_kernel",256,0,0,80,0,48,"FETCH_SIZE",24707.000000,7891535297119,7891535307222
1941,41403,"Agent 1",4,1,1,49152,9121,"fused_moe_kernel",256,0,0,80,0,48,"FETCH_SIZE",49194.750000,7891535689531,7891535708013
1941,41405,"Agent 1",4,1,1,65536,9122,"fused_moe_kernel",256,0,0,80,0,48,"FETCH_SIZE",24707.000000,7891535802829,7891535812651
1941,41420,"Agent 1",4,1,1,49152,9121,"fused_moe_kernel",256,0,0,80,0,48,"FETCH_SIZE",49194.500000,7891536206867,7891536224628
1941,41422,"Agent 1",4,1,1,65536,9122,"fused_moe_kernel",256,0,0,80,0,48,"FETCH_SIZE",24707.000000,7891536317038,7891536327141
1941,41437,"Agent 1",4,1,1,49152,9121,"fused_moe_kernel",256,0,0,80,0,48,"WRITE_SIZE",24.000000,7891536715945,7891536734186
1941,41439,"Agent 1",4,1,1,65536,9122,"fused_moe_kernel",256,0,0,80,0,48,"WRITE_SIZE",32.000000,7891536814890,7891536824832
1942,41454,"Agent 1",4,1,1,49152,9121,"fused_moe_kernel",256,0,0,80,0,48,"WRITE_SIZE",24.000000,7891537216924,7891537234885
1942,41456,"Agent 1",4,1,1,65536,9122,"fused_moe_kernel",256,0,0,80,0,48,"WRITE_SIZE",32.000000,7891537316149,7891537326012
1942,41471,"Agent 1",4,1,1,49152,9121,"fused_moe_kernel",256,0,0,80,0,48,"WRITE_SIZE",24.000000,7891537696895,7891537714776
1942,41473,"Agent 1",4,1,1,65536,9122,"fused_moe_kernel",256,0,0,80,0,48,"WRITE_SIZE",32.000000,7891537801172,7891537811115
1942,41488,"Agent 1",4,1,1,49152,9121,"fused_moe_kernel",256,0,0,80,0,48,"WRITE_SIZE",24.000000,7891538204209,7891538221849
1942,41490,"Agent 1",4,1,1,65536,9122,"fused_moe_kernel",256,0,0,80,0,48,"WRITE_SIZE",32.000000,7891538306361,7891538316624
1973,41535,"Agent 1",4,1,1,49152,9121,"fused_moe_kernel",256,0,0,80,0,48,"SQ_INSTS_VALU_MFMA_MOPS_BF16",1572864.000000,7891539592525,7891539610887
1973,41537,"Agent 1",4,1,1,65536,9122,"fused_moe_kernel",256,0,0,80,0,48,"SQ_INSTS_VALU_MFMA_MOPS_BF16",786432.000000,7891539695439,7891539705422
1973,41552,"Agent 1",4,1,1,49152,9121,"fused_moe_kernel",256,0,0,80,0,48,"SQ_INSTS_VALU_MFMA_MOPS_BF16",1572864.000000,7891540364120,7891540381760
1973,41554,"Agent 1",4,1,1,65536,9122,"fused_moe_kernel",256,0,0,80,0,48,"SQ_INSTS_VALU_MFMA_MOPS_BF16",786432.000000,7891540444943,7891540454646
1973,41569,"Agent 1",4,1,1,49152,9121,"fused_moe_kernel",256,0,0,80,0,48,"SQ_INSTS_VALU_MFMA_MOPS_BF16",1572864.000000,7891541397910,7891541416112
1973,41571,"Agent 1",4,1,1,65536,9122,"fused_moe_kernel",256,0,0,80,0,48,"SQ_INSTS_VALU_MFMA_MOPS_BF16",786432.000000,7891541572748,7891541582410
1973,41586,"Agent 1",4,1,1,49152,9121,"fused_moe_kernel",256,0,0,80,0,48,"SQ_INSTS_VALU_MFMA_MOPS_BF16",1572864.000000,7891553655944,7891553673985
1973,41588,"Agent 1",4,1,1,65536,9122,"fused_moe_kernel",256,0,0,80,0,48,"SQ_INSTS_VALU_MFMA_MOPS_BF16",786432.000000,7891555407045,7891555416787
1973,41603,"Agent 1",4,1,1,49152,9121,"fused_moe_kernel",256,0,0,80,0,48,"FETCH_SIZE",49196.250000,7891565443225,7891565461105
1973,41605,"Agent 1",4,1,1,65536,9122,"fused_moe_kernel",256,0,0,80,0,48,"FETCH_SIZE",24707.000000,7891567245202,7891567255145
1973,41620,"Agent 1",4,1,1,49152,9121,"fused_moe_kernel",256,0,0,80,0,48,"FETCH_SIZE",49197.000000,7891580662710,7891580680029
1973,41622,"Agent 1",4,1,1,65536,9122,"fused_moe_kernel",256,0,0,80,0,48,"FETCH_SIZE",24707.000000,7891581241506,7891581251328
1973,41637,"Agent 1",4,1,1,49152,9121,"fused_moe_kernel",256,0,0,80,0,48,"FETCH_SIZE",49195.875000,7891588457313,7891588474993
1973,41639,"Agent 1",4,1,1,65536,9122,"fused_moe_kernel",256,0,0,80,0,48,"FETCH_SIZE",24707.062500,7891588573537,7891588583640
1973,41654,"Agent 1",4,1,1,49152,9121,"fused_moe_kernel",256,0,0,80,0,48,"FETCH_SIZE",49195.250000,7891589197275,7891589215156
1973,41656,"Agent 1",4,1,1,65536,9122,"fused_moe_kernel",256,0,0,80,0,48,"FETCH_SIZE",24707.000000,7891589317508,7891589326890
1973,41671,"Agent 1",4,1,1,49152,9121,"fused_moe_kernel",256,0,0,80,0,48,"WRITE_SIZE",24.000000,7891589721146,7891589739267
1973,41673,"Agent 1",4,1,1,65536,9122,"fused_moe_kernel",256,0,0,80,0,48,"WRITE_SIZE",32.000000,7891589819810,7891589829432
1973,41688,"Agent 1",4,1,1,49152,9121,"fused_moe_kernel",256,0,0,80,0,48,"WRITE_SIZE",24.000000,7891590246741,7891590264061
1973,41690,"Agent 1",4,1,1,65536,9122,"fused_moe_kernel",256,0,0,80,0,48,"WRITE_SIZE",32.000000,7891590346127,7891590356110
1973,41705,"Agent 1",4,1,1,49152,9121,"fused_moe_kernel",256,0,0,80,0,48,"WRITE_SIZE",24.000000,7891590768568,7891590786809
1973,41707,"Agent 1",4,1,1,65536,9122,"fused_moe_kernel",256,0,0,80,0,48,"WRITE_SIZE",32.000000,7891590876934,7891590886396
1973,41722,"Agent 1",4,1,1,49152,9121,"fused_moe_kernel",256,0,0,80,0,48,"WRITE_SIZE",24.000000,7891591295446,7891591313046
1973,41724,"Agent 1",4,1,1,65536,9122,"fused_moe_kernel",256,0,0,80,0,48,"WRITE_SIZE",32.000000,7891591399121,7891591408864
1973,41739,"Agent 1",4,1,1,49152,9121,"fused_moe_kernel",256,0,0,80,0,48,"SQ_INSTS_VALU_MFMA_MOPS_BF16",1572864.000000,7891591794941,7891591813143
1973,41741,"Agent 1",4,1,1,65536,9122,"fused_moe_kernel",256,0,0,80,0,48,"SQ_INSTS_VALU_MFMA_MOPS_BF16",786432.000000,7891591882220,7891591891601
1973,41756,"Agent 1",4,1,1,49152,9121,"fused_moe_kernel",256,0,0,80,0,48,"SQ_INSTS_VALU_MFMA_MOPS_BF16",1572864.000000,7891592274552,7891592292352
1973,41758,"Agent 1",4,1,1,65536,9122,"fused_moe_kernel",256,0,0,80,0,48,"SQ_INSTS_VALU_MFMA_MOPS_BF16",786432.000000,7891592358262,7891592368125
1973,41773,"Agent 1",4,1,1,49152,9121,"fused_moe_kernel",256,0,0,80,0,48,"SQ_INSTS_VALU_MFMA_MOPS_BF16",1572864.000000,7891592743578,7891592761700
1973,41775,"Agent 1",4,1,1,65536,9122,"fused_moe_kernel",256,0,0,80,0,48,"SQ_INSTS_VALU_MFMA_MOPS_BF16",786432.000000,7891592827649,7891592837151
1974,41790,"Agent 1",4,1,1,49152,9121,"fused_moe_kernel",256,0,0,80,0,48,"SQ_INSTS_VALU_MFMA_MOPS_BF16",1572864.000000,7891593235938,7891593254420
1974,41792,"Agent 1",4,1,1,65536,9122,"fused_moe_kernel",256,0,0,80,0,48,"SQ_INSTS_VALU_MFMA_MOPS_BF16",786432.000000,7891593324339,7891593333961
1974,41807,"Agent 1",4,1,1,49152,9121,"fused_moe_kernel",256,0,0,80,0,48,"FETCH_SIZE",49195.750000,7891593713544,7891593731344
1974,41809,"Agent 1",4,1,1,65536,9122,"fused_moe_kernel",256,0,0,80,0,48,"FETCH_SIZE",24707.062500,7891593827363,7891593836824
1974,41824,"Agent 1",4,1,1,49152,9121,"fused_moe_kernel",256,0,0,80,0,48,"FETCH_SIZE",49195.625000,7891594240823,7891594258984
1974,41826,"Agent 1",4,1,1,65536,9122,"fused_moe_kernel",256,0,0,80,0,48,"FETCH_SIZE",24707.000000,7891594360896,7891594370999
1974,41841,"Agent 1",4,1,1,49152,9121,"fused_moe_kernel",256,0,0,80,0,48,"FETCH_SIZE",49196.812500,7891594785742,7891594803783
1974,41843,"Agent 1",4,1,1,65536,9122,"fused_moe_kernel",256,0,0,80,0,48,"FETCH_SIZE",24707.000000,7891594903890,7891594913312
1974,41858,"Agent 1",4,1,1,49152,9121,"fused_moe_kernel",256,0,0,80,0,48,"FETCH_SIZE",49195.500000,7891595342087,7891595360007
1974,41860,"Agent 1",4,1,1,65536,9122,"fused_moe_kernel",256,0,0,80,0,48,"FETCH_SIZE",24707.000000,7891595454462,7891595463964
1974,41875,"Agent 1",4,1,1,49152,9121,"fused_moe_kernel",256,0,0,80,0,48,"WRITE_SIZE",24.000000,7891595860906,7891595878546
1974,41877,"Agent 1",4,1,1,65536,9122,"fused_moe_kernel",256,0,0,80,0,48,"WRITE_SIZE",32.000000,7891595958969,7891595968431
1974,41892,"Agent 1",4,1,1,49152,9121,"fused_moe_kernel",256,0,0,80,0,48,"WRITE_SIZE",24.000000,7891596367979,7891596385579
1974,41894,"Agent 1",4,1,1,65536,9122,"fused_moe_kernel",256,0,0,80,0,48,"WRITE_SIZE",32.000000,7891596470252,7891596480234
1974,41909,"Agent 1",4,1,1,49152,9121,"fused_moe_kernel",256,0,0,80,0,48,"WRITE_SIZE",24.000000,7891596868477,7891596886478
1974,41911,"Agent 1",4,1,1,65536,9122,"fused_moe_kernel",256,0,0,80,0,48,"WRITE_SIZE",32.000000,7891596976082,7891596986345
1974,41926,"Agent 1",4,1,1,49152,9121,"fused_moe_kernel",256,0,0,80,0,48,"WRITE_SIZE",24.000000,7891597373506,7891597391506
1974,41928,"Agent 1",4,1,1,65536,9122,"fused_moe_kernel",256,0,0,80,0,48,"WRITE_SIZE",32.000000,7891597478504,7891597488166
1974,41943,"Agent 1",4,1,1,49152,9121,"fused_moe_kernel",256,0,0,80,0,48,"SQ_INSTS_VALU_MFMA_MOPS_BF16",1572864.000000,7891597876930,7891597895091
1974,41945,"Agent 1",4,1,1,65536,9122,"fused_moe_kernel",256,0,0,80,0,48,"SQ_INSTS_VALU_MFMA_MOPS_BF16",786432.000000,7891597967897,7891597977920
1974,41960,"Agent 1",4,1,1,49152,9121,"fused_moe_kernel",256,0,0,80,0,48,"SQ_INSTS_VALU_MFMA_MOPS_BF16",1572864.000000,7891598373138,7891598390779
1974,41962,"Agent 1",4,1,1,65536,9122,"fused_moe_kernel",256,0,0,80,0,48,"SQ_INSTS_VALU_MFMA_MOPS_BF16",786432.000000,7891598457410,7891598467834
1974,41977,"Agent 1",4,1,1,49152,9121,"fused_moe_kernel",256,0,0,80,0,48,"SQ_INSTS_VALU_MFMA_MOPS_BF16",1572864.000000,7891598841323,7891598859163
1974,41979,"Agent 1",4,1,1,65536,9122,"fused_moe_kernel",256,0,0,80,0,48,"SQ_INSTS_VALU_MFMA_MOPS_BF16",786432.000000,7891598922467,7891598932691
1974,41994,"Agent 1",4,1,1,49152,9121,"fused_moe_kernel",256,0,0,80,0,48,"SQ_INSTS_VALU_MFMA_MOPS_BF16",1572864.000000,7891599312675,7891599330515
1974,41996,"Agent 1",4,1,1,65536,9122,"fused_moe_kernel",256,0,0,80,0,48,"SQ_INSTS_VALU_MFMA_MOPS_BF16",786432.000000,7891599395503,7891599405766
1974,42011,"Agent 1",4,1,1,49152,9121,"fused_moe_kernel",256,0,0,80,0,48,"FETCH_SIZE",49195.000000,7891599772761,7891599790281
1974,42013,"Agent 1",4,1,1,65536,9122,"fused_moe_kernel",256,0,0,80,0,48,"FETCH_SIZE",24707.000000,7891599885738,7891599895239
1974,42028,"Agent 1",4,1,1,49152,9121,"fused_moe_kernel",256,0,0,80,0,48,"FETCH_SIZE",49194.750000,7891600314833,7891600332834
1974,42030,"Agent 1",4,1,1,65536,9122,"fused_moe_kernel",256,0,0,80,0,48,"FETCH_SIZE",24707.000000,7891600426888,7891600436991
1975,42045,"Agent 1",4,1,1,49152,9121,"fused_moe_kernel",256,0,0,80,0,48,"FETCH_SIZE",49194.500000,7891600849168,7891600866768
1975,42047,"Agent 1",4,1,1,65536,9122,"fused_moe_kernel",256,0,0,80,0,48,"FETCH_SIZE",24707.000000,7891600961464,7891600971687
1975,42062,"Agent 1",4,1,1,49152,9121,"fused_moe_kernel",256,0,0,80,0,48,"FETCH_SIZE",49196.000000,7891601384345,7891601402105
1975,42064,"Agent 1",4,1,1,65536,9122,"fused_moe_kernel",256,0,0,80,0,48,"FETCH_SIZE",24707.000000,7891601497402,7891601507184
1975,42079,"Agent 1",4,1,1,49152,9121,"fused_moe_kernel",256,0,0,80,0,48,"WRITE_SIZE",24.000000,7891601892420,7891601910702
1975,42081,"Agent 1",4,1,1,65536,9122,"fused_moe_kernel",256,0,0,80,0,48,"WRITE_SIZE",32.000000,7891602000586,7891602010088
1975,42096,"Agent 1",4,1,1,49152,9121,"fused_moe_kernel",256,0,0,80,0,48,"WRITE_SIZE",24.000000,7891602412282,7891602429441
1975,42098,"Agent 1",4,1,1,65536,9122,"fused_moe_kernel",256,0,0,80,0,48,"WRITE_SIZE",32.000000,7891602515477,7891602524938
1975,42113,"Agent 1",4,1,1,49152,9121,"fused_moe_kernel",256,0,0,80,0,48,"WRITE_SIZE",24.000000,7891602908531,7891602928055
1975,42115,"Agent 1",4,1,1,65536,9122,"fused_moe_kernel",256,0,0,80,0,48,"WRITE_SIZE",32.000000,7891603010442,7891603020505
1975,42130,"Agent 1",4,1,1,49152,9121,"fused_moe_kernel",256,0,0,80,0,48,"WRITE_SIZE",24.000000,7891603418009,7891603435769
1975,42132,"Agent 1",4,1,1,65536,9122,"fused_moe_kernel",256,0,0,80,0,48,"WRITE_SIZE",32.000000,7891603519039,7891603529102
1975,42147,"Agent 1",4,1,1,49152,9121,"fused_moe_kernel",256,0,0,80,0,48,"SQ_INSTS_VALU_MFMA_MOPS_BF16",1572864.000000,7891603906760,7891603924360
1975,42149,"Agent 1",4,1,1,65536,9122,"fused_moe_kernel",256,0,0,80,0,48,"SQ_INSTS_VALU_MFMA_MOPS_BF16",786432.000000,7891603995442,7891604005465
1975,42164,"Agent 1",4,1,1,49152,9121,"fused_moe_kernel",256,0,0,80,0,48,"SQ_INSTS_VALU_MFMA_MOPS_BF16",1572864.000000,7891604385088,7891604402848
1975,42166,"Agent 1",4,1,1,65536,9122,"fused_moe_kernel",256,0,0,80,0,48,"SQ_INSTS_VALU_MFMA_MOPS_BF16",786432.000000,7891604471725,7891604480906
1975,42181,"Agent 1",4,1,1,49152,9121,"fused_moe_kernel",256,0,0,80,0,48,"SQ_INSTS_VALU_MFMA_MOPS_BF16",1572864.000000,7891604842728,7891604860569
1975,42183,"Agent 1",4,1,1,65536,9122,"fused_moe_kernel",256,0,0,80,0,48,"SQ_INSTS_VALU_MFMA_MOPS_BF16",786432.000000,7891604924996,7891604935740
1975,42198,"Agent 1",4,1,1,49152,9121,"fused_moe_kernel",256,0,0,80,0,48,"SQ_INSTS_VALU_MFMA_MOPS_BF16",1572864.000000,7891605313318,7891605331119
1975,42200,"Agent 1",4,1,1,65536,9122,"fused_moe_kernel",256,0,0,80,0,48,"SQ_INSTS_VALU_MFMA_MOPS_BF16",786432.000000,7891605394663,7891605404125
1975,42215,"Agent 1",4,1,1,49152,9121,"fused_moe_kernel",256,0,0,80,0,48,"FETCH_SIZE",49193.500000,7891605770919,7891605789000
1975,42217,"Agent 1",4,1,1,65536,9122,"fused_moe_kernel",256,0,0,80,0,48,"FETCH_SIZE",24707.000000,7891605886903,7891605896805
1975,42232,"Agent 1",4,1,1,49152,9121,"fused_moe_kernel",256,0,0,80,0,48,"FETCH_SIZE",49194.500000,7891606307018,7891606324899
1975,42234,"Agent 1",4,1,1,65536,9122,"fused_moe_kernel",256,0,0,80,0,48,"FETCH_SIZE",24707.000000,7891606422881,7891606432343
1975,42249,"Agent 1",4,1,1,49152,9121,"fused_moe_kernel",256,0,0,80,0,48,"FETCH_SIZE",49194.000000,7891606824795,7891606842355
1975,42251,"Agent 1",4,1,1,65536,9122,"fused_moe_kernel",256,0,0,80,0,48,"FETCH_SIZE",24707.000000,7891606938373,7891606948436
1975,42266,"Agent 1",4,1,1,49152,9121,"fused_moe_kernel",256,0,0,80,0,48,"FETCH_SIZE",49194.750000,7891607348386,7891607366066
1975,42268,"Agent 1",4,1,1,65536,9122,"fused_moe_kernel",256,0,0,80,0,48,"FETCH_SIZE",24707.000000,7891607457794,7891607467456
1975,42283,"Agent 1",4,1,1,49152,9121,"fused_moe_kernel",256,0,0,80,0,48,"WRITE_SIZE",24.000000,7891607861753,7891607879553
1975,42285,"Agent 1",4,1,1,65536,9122,"fused_moe_kernel",256,0,0,80,0,48,"WRITE_SIZE",32.000000,7891607967233,7891607976534
1976,42300,"Agent 1",4,1,1,49152,9121,"fused_moe_kernel",256,0,0,80,0,48,"WRITE_SIZE",24.000000,7891608365458,7891608383178
1976,42302,"Agent 1",4,1,1,65536,9122,"fused_moe_kernel",256,0,0,80,0,48,"WRITE_SIZE",32.000000,7891608468492,7891608478154
1976,42317,"Agent 1",4,1,1,49152,9121,"fused_moe_kernel",256,0,0,80,0,48,"WRITE_SIZE",24.000000,7891608862749,7891608880670
1976,42319,"Agent 1",4,1,1,65536,9122,"fused_moe_kernel",256,0,0,80,0,48,"WRITE_SIZE",32.000000,7891608962416,7891608972599
1976,42334,"Agent 1",4,1,1,49152,9121,"fused_moe_kernel",256,0,0,80,0,48,"WRITE_SIZE",24.000000,7891609354547,7891609372107
1976,42336,"Agent 1",4,1,1,65536,9122,"fused_moe_kernel",256,0,0,80,0,48,"WRITE_SIZE",32.000000,7891609454134,7891609464437
2007,42381,"Agent 1",4,1,1,49152,9121,"fused_moe_kernel",256,0,0,80,0,48,"SQ_INSTS_VALU_MFMA_MOPS_BF16",1572864.000000,7891610816311,7891610834392
2007,42383,"Agent 1",4,1,1,65536,9122,"fused_moe_kernel",256,0,0,80,0,48,"SQ_INSTS_VALU_MFMA_MOPS_BF16",786432.000000,7891610897976,7891610907839
2007,42398,"Agent 1",4,1,1,49152,9121,"fused_moe_kernel",256,0,0,80,0,48,"SQ_INSTS_VALU_MFMA_MOPS_BF16",1572864.000000,7891611547333,7891611565173
2007,42400,"Agent 1",4,1,1,65536,9122,"fused_moe_kernel",256,0,0,80,0,48,"SQ_INSTS_VALU_MFMA_MOPS_BF16",786432.000000,7891611657022,7891611667286
2007,42415,"Agent 1",4,1,1,49152,9121,"fused_moe_kernel",256,0,0,80,0,48,"SQ_INSTS_VALU_MFMA_MOPS_BF16",1572864.000000,7891617380789,7891617398429
2007,42417,"Agent 1",4,1,1,65536,9122,"fused_moe_kernel",256,0,0,80,0,48,"SQ_INSTS_VALU_MFMA_MOPS_BF16",786432.000000,7891619078890,7891619088953
2007,42432,"Agent 1",4,1,1,49152,9121,"fused_moe_kernel",256,0,0,80,0,48,"SQ_INSTS_VALU_MFMA_MOPS_BF16",1572864.000000,7891629231895,7891629250056
2007,42434,"Agent 1",4,1,1,65536,9122,"fused_moe_kernel",256,0,0,80,0,48,"SQ_INSTS_VALU_MFMA_MOPS_BF16",786432.000000,7891630859035,7891630869298
2007,42449,"Agent 1",4,1,1,49152,9121,"fused_moe_kernel",256,0,0,80,0,48,"FETCH_SIZE",49195.250000,7891642239591,7891642257953
2007,42451,"Agent 1",4,1,1,65536,9122,"fused_moe_kernel",256,0,0,80,0,48,"FETCH_SIZE",24707.000000,7891644342933,7891644352675
2007,42466,"Agent 1",4,1,1,49152,9121,"fused_moe_kernel",256,0,0,80,0,48,"FETCH_SIZE",49196.250000,7891656204423,7891656222384
2007,42468,"Agent 1",4,1,1,65536,9122,"fused_moe_kernel",256,0,0,80,0,48,"FETCH_SIZE",24707.000000,7891657202693,7891657213237
2007,42483,"Agent 1",4,1,1,49152,9121,"fused_moe_kernel",256,0,0,80,0,48,"FETCH_SIZE",49195.750000,7891659834958,7891659852598
2007,42485,"Agent 1",4,1,1,65536,9122,"fused_moe_kernel",256,0,0,80,0,48,"FETCH_SIZE",24707.000000,7891659980048,7891659989990
2007,42500,"Agent 1",4,1,1,49152,9121,"fused_moe_kernel",256,0,0,80,0,48,"FETCH_SIZE",49195.250000,7891660497304,7891660515024
2007,42502,"Agent 1",4,1,1,65536,9122,"fused_moe_kernel",256,0,0,80,0,48,"FETCH_SIZE",24707.000000,7891660619381,7891660629324
2007,42517,"Agent 1",4,1,1,49152,9121,"fused_moe_kernel",256,0,0,80,0,48,"WRITE_SIZE",24.000000,7891661042985,7891661060625
2007,42519,"Agent 1",4,1,1,65536,9122,"fused_moe_kernel",256,0,0,80,0,48,"WRITE_SIZE",32.000000,7891661142691,7891661152955
2007,42534,"Agent 1",4,1,1,49152,9121,"fused_moe_kernel",256,0,0,80,0,48,"WRITE_SIZE",24.000000,7891661551060,7891661569221
2007,42536,"Agent 1",4,1,1,65536,9122,"fused_moe_kernel",256,0,0,80,0,48,"WRITE_SIZE",32.000000,7891661658063,7891661668006
2007,42551,"Agent 1",4,1,1,49152,9121,"fused_moe_kernel",256,0,0,80,0,48,"WRITE_SIZE",24.000000,7891662063385,7891662082067
2007,42553,"Agent 1",4,1,1,65536,9122,"fused_moe_kernel",256,0,0,80,0,48,"WRITE_SIZE",32.000000,7891662170548,7891662180531
2007,42568,"Agent 1",4,1,1,49152,9121,"fused_moe_kernel",256,0,0,80,0,48,"WRITE_SIZE",24.000000,7891662577634,7891662595595
2007,42570,"Agent 1",4,1,1,65536,9122,"fused_moe_kernel",256,0,0,80,0,48,"WRITE_SIZE",32.000000,7891662679626,7891662690170
2007,42585,"Agent 1",4,1,1,49152,9121,"fused_moe_kernel",256,0,0,80,0,48,"SQ_INSTS_VALU_MFMA_MOPS_BF16",1572864.000000,7891663076248,7891663094208
2007,42587,"Agent 1",4,1,1,65536,9122,"fused_moe_kernel",256,0,0,80,0,48,"SQ_INSTS_VALU_MFMA_MOPS_BF16",786432.000000,7891663163727,7891663173709
2007,42602,"Agent 1",4,1,1,49152,9121,"fused_moe_kernel",256,0,0,80,0,48,"SQ_INSTS_VALU_MFMA_MOPS_BF16",1572864.000000,7891663559867,7891663578189
2007,42604,"Agent 1",4,1,1,65536,9122,"fused_moe_kernel",256,0,0,80,0,48,"SQ_INSTS_VALU_MFMA_MOPS_BF16",786432.000000,7891663643377,7891663653600
2007,42619,"Agent 1",4,1,1,49152,9121,"fused_moe_kernel",256,0,0,80,0,48,"SQ_INSTS_VALU_MFMA_MOPS_BF16",1572864.000000,7891664030136,7891664048538
2007,42621,"Agent 1",4,1,1,65536,9122,"fused_moe_kernel",256,0,0,80,0,48,"SQ_INSTS_VALU_MFMA_MOPS_BF16",786432.000000,7891664111802,7891664121224
2008,42636,"Agent 1",4,1,1,49152,9121,"fused_moe_kernel",256,0,0,80,0,48,"SQ_INSTS_VALU_MFMA_MOPS_BF16",1572864.000000,7891664501047,7891664519449
2008,42638,"Agent 1",4,1,1,65536,9122,"fused_moe_kernel",256,0,0,80,0,48,"SQ_INSTS_VALU_MFMA_MOPS_BF16",786432.000000,7891664586241,7891664595743
2008,42653,"Agent 1",4,1,1,49152,9121,"fused_moe_kernel",256,0,0,80,0,48,"FETCH_SIZE",49196.500000,7891664981620,7891665000302
2008,42655,"Agent 1",4,1,1,65536,9122,"fused_moe_kernel",256,0,0,80,0,48,"FETCH_SIZE",24707.000000,7891665099889,7891665110112
2008,42670,"Agent 1",4,1,1,49152,9121,"fused_moe_kernel",256,0,0,80,0,48,"FETCH_SIZE",49196.500000,7891665512106,7891665530388
2008,42672,"Agent 1",4,1,1,65536,9122,"fused_moe_kernel",256,0,0,80,0,48,"FETCH_SIZE",24707.062500,7891665633141,7891665643004
2008,42687,"Agent 1",4,1,1,49152,9121,"fused_moe_kernel",256,0,0,80,0,48,"FETCH_SIZE",49195.750000,7891666047483,7891666065364
2008,42689,"Agent 1",4,1,1,65536,9122,"fused_moe_kernel",256,0,0,80,0,48,"FETCH_SIZE",24707.000000,7891666161262,7891666171886
2008,42704,"Agent 1",4,1,1,49152,9121,"fused_moe_kernel",256,0,0,80,0,48,"FETCH_SIZE",49195.750000,7891666575684,7891666593485
2008,42706,"Agent 1",4,1,1,65536,9122,"fused_moe_kernel",256,0,0,80,0,48,"FETCH_SIZE",24707.000000,7891666692109,7891666701851
2008,42721,"Agent 1",4,1,1,49152,9121,"fused_moe_kernel",256,0,0,80,0,48,"WRITE_SIZE",24.000000,7891667100317,7891667118799
2008,42723,"Agent 1",4,1,1,65536,9122,"fused_moe_kernel",256,0,0,80,0,48,"WRITE_SIZE",32.000000,7891667212091,7891667222234
2008,42738,"Agent 1",4,1,1,49152,9121,"fused_moe_kernel",256,0,0,80,0,48,"WRITE_SIZE",24.000000,7891667594240,7891667612722
2008,42740,"Agent 1",4,1,1,65536,9122,"fused_moe_kernel",256,0,0,80,0,48,"WRITE_SIZE",32.000000,7891667694107,7891667703729
2008,42755,"Agent 1",4,1,1,49152,9121,"fused_moe_kernel",256,0,0,80,0,48,"WRITE_SIZE",24.000000,7891668088604,7891668106926
2008,42757,"Agent 1",4,1,1,65536,9122,"fused_moe_kernel",256,0,0,80,0,48,"WRITE_SIZE",32.000000,7891668195127,7891668204989
2008,42772,"Agent 1",4,1,1,49152,9121,"fused_moe_kernel",256,0,0,80,0,48,"WRITE_SIZE",24.000000,7891668587298,7891668605419
2008,42774,"Agent 1",4,1,1,65536,9122,"fused_moe_kernel",256,0,0,80,0,48,"WRITE_SIZE",32.000000,7891668689691,7891668699233
2008,42789,"Agent 1",4,1,1,49152,9121,"fused_moe_kernel",256,0,0,80,0,48,"SQ_INSTS_VALU_MFMA_MOPS_BF16",1572864.000000,7891669073724,7891669092527
2008,42791,"Agent 1",4,1,1,65536,9122,"fused_moe_kernel",256,0,0,80,0,48,"SQ_INSTS_VALU_MFMA_MOPS_BF16",786432.000000,7891669159279,7891669168820
2008,42806,"Agent 1",4,1,1,49152,9121,"fused_moe_kernel",256,0,0,80,0,48,"SQ_INSTS_VALU_MFMA_MOPS_BF16",1572864.000000,7891669532327,7891669550849
2008,42808,"Agent 1",4,1,1,65536,9122,"fused_moe_kernel",256,0,0,80,0,48,"SQ_INSTS_VALU_MFMA_MOPS_BF16",786432.000000,7891669622332,7891669632435
2008,42823,"Agent 1",4,1,1,49152,9121,"fused_moe_kernel",256,0,0,80,0,48,"SQ_INSTS_VALU_MFMA_MOPS_BF16",1572864.000000,7891670000872,7891670018953
2008,42825,"Agent 1",4,1,1,65536,9122,"fused_moe_kernel",256,0,0,80,0,48,"SQ_INSTS_VALU_MFMA_MOPS_BF16",786432.000000,7891670084703,7891670095167
2008,42840,"Agent 1",4,1,1,49152,9121,"fused_moe_kernel",256,0,0,80,0,48,"SQ_INSTS_VALU_MFMA_MOPS_BF16",1572864.000000,7891670465689,7891670483289
2008,42842,"Agent 1",4,1,1,65536,9122,"fused_moe_kernel",256,0,0,80,0,48,"SQ_INSTS_VALU_MFMA_MOPS_BF16",786432.000000,7891670548157,7891670557618
2008,42857,"Agent 1",4,1,1,49152,9121,"fused_moe_kernel",256,0,0,80,0,48,"FETCH_SIZE",49195.250000,7891670929424,7891670947545
2008,42859,"Agent 1",4,1,1,65536,9122,"fused_moe_kernel",256,0,0,80,0,48,"FETCH_SIZE",24707.000000,7891671046650,7891671056352
2008,42874,"Agent 1",4,1,1,49152,9121,"fused_moe_kernel",256,0,0,80,0,48,"FETCH_SIZE",49194.250000,7891671462796,7891671481158
2008,42876,"Agent 1",4,1,1,65536,9122,"fused_moe_kernel",256,0,0,80,0,48,"FETCH_SIZE",24707.000000,7891671574651,7891671583912
2009,42891,"Agent 1",4,1,1,49152,9121,"fused_moe_kernel",256,0,0,80,0,48,"FETCH_SIZE",49195.500000,7891671978128,7891671996450
2009,42893,"Agent 1",4,1,1,65536,9122,"fused_moe_kernel",256,0,0,80,0,48,"FETCH_SIZE",24707.000000,7891672092067,7891672101729
2009,42908,"Agent 1",4,1,1,49152,9121,"fused_moe_kernel",256,0,0,80,0,48,"FETCH_SIZE",49196.500000,7891672508334,7891672526415
2009,42910,"Agent 1",4,1,1,65536,9122,"fused_moe_kernel",256,0,0,80,0,48,"FETCH_SIZE",24707.000000,7891672619707,7891672629850
2009,42925,"Agent 1",4,1,1,49152,9121,"fused_moe_kernel",256,0,0,80,0,48,"WRITE_SIZE",24.000000,7891673029879,7891673047800
2009,42927,"Agent 1",4,1,1,65536,9122,"fused_moe_kernel",256,0,0,80,0,48,"WRITE_SIZE",32.000000,7891673133916,7891673144179
2009,42942,"Agent 1",4,1,1,49152,9121,"fused_moe_kernel",256,0,0,80,0,48,"WRITE_SIZE",24.000000,7891673544770,7891673563292
2009,42944,"Agent 1",4,1,1,65536,9122,"fused_moe_kernel",256,0,0,80,0,48,"WRITE_SIZE",32.000000,7891673642993,7891673653177
2009,42959,"Agent 1",4,1,1,49152,9121,"fused_moe_kernel",256,0,0,80,0,48,"WRITE_SIZE",24.000000,7891674037771,7891674056574
2009,42961,"Agent 1",4,1,1,65536,9122,"fused_moe_kernel",256,0,0,80,0,48,"WRITE_SIZE",32.000000,7891674141768,7891674152793
2009,42976,"Agent 1",4,1,1,49152,9121,"fused_moe_kernel",256,0,0,80,0,48,"WRITE_SIZE",24.000000,7891674546287,7891674564689
2009,42978,"Agent 1",4,1,1,65536,9122,"fused_moe_kernel",256,0,0,80,0,48,"WRITE_SIZE",32.000000,7891674650123,7891674659745
2009,42993,"Agent 1",4,1,1,49152,9121,"fused_moe_kernel",256,0,0,80,0,48,"SQ_INSTS_VALU_MFMA_MOPS_BF16",1572864.000000,7891675032954,7891675051877
2009,42995,"Agent 1",4,1,1,65536,9122,"fused_moe_kernel",256,0,0,80,0,48,"SQ_INSTS_VALU_MFMA_MOPS_BF16",786432.000000,7891675121395,7891675131217
2009,43010,"Agent 1",4,1,1,49152,9121,"fused_moe_kernel",256,0,0,80,0,48,"SQ_INSTS_VALU_MFMA_MOPS_BF16",1572864.000000,7891675503263,7891675521224
2009,43012,"Agent 1",4,1,1,65536,9122,"fused_moe_kernel",256,0,0,80,0,48,"SQ_INSTS_VALU_MFMA_MOPS_BF16",786432.000000,7891675589299,7891675599041
2009,43027,"Agent 1",4,1,1,49152,9121,"fused_moe_kernel",256,0,0,80,0,48,"SQ_INSTS_VALU_MFMA_MOPS_BF16",1572864.000000,7891675970445,7891675988687
2009,43029,"Agent 1",4,1,1,65536,9122,"fused_moe_kernel",256,0,0,80,0,48,"SQ_INSTS_VALU_MFMA_MOPS_BF16",786432.000000,7891676059688,7891676069711
2009,43044,"Agent 1",4,1,1,49152,9121,"fused_moe_kernel",256,0,0,80,0,48,"SQ_INSTS_VALU_MFMA_MOPS_BF16",1572864.000000,7891676442799,7891676461562
2009,43046,"Agent 1",4,1,1,65536,9122,"fused_moe_kernel",256,0,0,80,0,48,"SQ_INSTS_VALU_MFMA_MOPS_BF16",786432.000000,7891676528595,7891676538577
2009,43061,"Agent 1",4,1,1,49152,9121,"fused_moe_kernel",256,0,0,80,0,48,"FETCH_SIZE",49194.500000,7891676898876,7891676917158
2009,43063,"Agent 1",4,1,1,65536,9122,"fused_moe_kernel",256,0,0,80,0,48,"FETCH_SIZE",24707.000000,7891677010450,7891677020473
2009,43078,"Agent 1",4,1,1,49152,9121,"fused_moe_kernel",256,0,0,80,0,48,"FETCH_SIZE",49196.000000,7891677416253,7891677434294
2009,43080,"Agent 1",4,1,1,65536,9122,"fused_moe_kernel",256,0,0,80,0,48,"FETCH_SIZE",24707.000000,7891677528548,7891677538290
2009,43095,"Agent 1",4,1,1,49152,9121,"fused_moe_kernel",256,0,0,80,0,48,"FETCH_SIZE",49194.750000,7891677929099,7891677947862
2009,43097,"Agent 1",4,1,1,65536,9122,"fused_moe_kernel",256,0,0,80,0,48,"FETCH_SIZE",24707.000000,7891678043359,7891678053341
2009,43112,"Agent 1",4,1,1,49152,9121,"fused_moe_kernel",256,0,0,80,0,48,"FETCH_SIZE",49195.000000,7891678458048,7891678476490
2009,43114,"Agent 1",4,1,1,65536,9122,"fused_moe_kernel",256,0,0,80,0,48,"FETCH_SIZE",24707.000000,7891678569301,7891678580326
2009,43129,"Agent 1",4,1,1,49152,9121,"fused_moe_kernel",256,0,0,80,0,48,"WRITE_SIZE",24.000000,7891678959468,7891678976908
2009,43131,"Agent 1",4,1,1,65536,9122,"fused_moe_kernel",256,0,0,80,0,48,"WRITE_SIZE",32.000000,7891679061781,7891679072244
2010,43146,"Agent 1",4,1,1,49152,9121,"fused_moe_kernel",256,0,0,80,0,48,"WRITE_SIZE",24.000000,7891679457440,7891679475722
2010,43148,"Agent 1",4,1,1,65536,9122,"fused_moe_kernel",256,0,0,80,0,48,"WRITE_SIZE",32.000000,7891679561677,7891679572141
2010,43163,"Agent 1",4,1,1,49152,9121,"fused_moe_kernel",256,0,0,80,0,48,"WRITE_SIZE",24.000000,7891679944267,7891679962669
2010,43165,"Agent 1",4,1,1,65536,9122,"fused_moe_kernel",256,0,0,80,0,48,"WRITE_SIZE",32.000000,7891680047662,7891680057685
2010,43180,"Agent 1",4,1,1,49152,9121,"fused_moe_kernel",256,0,0,80,0,48,"WRITE_SIZE",24.000000,7891680435504,7891680453705
2010,43182,"Agent 1",4,1,1,65536,9122,"fused_moe_kernel",256,0,0,80,0,48,"WRITE_SIZE",32.000000,7891680535131,7891680545193
2041,43227,"Agent 1",4,1,1,49152,9121,"fused_moe_kernel",256,0,0,80,0,48,"SQ_INSTS_VALU_MFMA_MOPS_BF16",1572864.000000,7891681874897,7891681892657
2041,43229,"Agent 1",4,1,1,65536,9122,"fused_moe_kernel",256,0,0,80,0,48,"SQ_INSTS_VALU_MFMA_MOPS_BF16",786432.000000,7891682016779,7891682026923
2041,43244,"Agent 1",4,1,1,49152,9121,"fused_moe_kernel",256,0,0,80,0,48,"SQ_INSTS_VALU_MFMA_MOPS_BF16",1572864.000000,7891682628571,7891682645850
2041,43246,"Agent 1",4,1,1,65536,9122,"fused_moe_kernel",256,0,0,80,0,48,"SQ_INSTS_VALU_MFMA_MOPS_BF16",786432.000000,7891682709675,7891682719377
2041,43261,"Agent 1",4,1,1,49152,9121,"fused_moe_kernel",256,0,0,80,0,48,"SQ_INSTS_VALU_MFMA_MOPS_BF16",1572864.000000,7891683676674,7891683694314
2041,43263,"Agent 1",4,1,1,65536,9122,"fused_moe_kernel",256,0,0,80,0,48,"SQ_INSTS_VALU_MFMA_MOPS_BF16",786432.000000,7891683793098,7891683803241
2041,43278,"Agent 1",4,1,1,49152,9121,"fused_moe_kernel",256,0,0,80,0,48,"SQ_INSTS_VALU_MFMA_MOPS_BF16",1572864.000000,7891696169318,7891696187239
2041,43280,"Agent 1",4,1,1,65536,9122,"fused_moe_kernel",256,0,0,80,0,48,"SQ_INSTS_VALU_MFMA_MOPS_BF16",786432.000000,7891697861967,7891697872271
2041,43295,"Agent 1",4,1,1,49152,9121,"fused_moe_kernel",256,0,0,80,0,48,"FETCH_SIZE",49195.500000,7891699892183,7891699910184
2041,43297,"Agent 1",4,1,1,65536,9122,"fused_moe_kernel",256,0,0,80,0,48,"FETCH_SIZE",24707.000000,7891702487885,7891702498068
2041,43312,"Agent 1",4,1,1,49152,9121,"fused_moe_kernel",256,0,0,80,0,48,"FETCH_SIZE",49194.750000,7891714207773,7891714226014
2041,43314,"Agent 1",4,1,1,65536,9122,"fused_moe_kernel",256,0,0,80,0,48,"FETCH_SIZE",24707.000000,7891715901264,7891715911326
2041,43329,"Agent 1",4,1,1,49152,9121,"fused_moe_kernel",256,0,0,80,0,48,"FETCH_SIZE",49196.000000,7891729377986,7891729395345
2041,43331,"Agent 1",4,1,1,65536,9122,"fused_moe_kernel",256,0,0,80,0,48,"FETCH_SIZE",24707.062500,7891731072078,7891731081620
2041,43346,"Agent 1",4,1,1,49152,9121,"fused_moe_kernel",256,0,0,80,0,48,"FETCH_SIZE",49194.750000,7891732083377,7891732100937
2041,43348,"Agent 1",4,1,1,65536,9122,"fused_moe_kernel",256,0,0,80,0,48,"FETCH_SIZE",24707.000000,7891732245065,7891732255007
2041,43363,"Agent 1",4,1,1,49152,9121,"fused_moe_kernel",256,0,0,80,0,48,"WRITE_SIZE",24.000000,7891732733215,7891732750494
2041,43365,"Agent 1",4,1,1,65536,9122,"fused_moe_kernel",256,0,0,80,0,48,"WRITE_SIZE",32.000000,7891732836129,7891732846593
2041,43380,"Agent 1",4,1,1,49152,9121,"fused_moe_kernel",256,0,0,80,0,48,"WRITE_SIZE",24.000000,7891733254039,7891733271960
2041,43382,"Agent 1",4,1,1,65536,9122,"fused_moe_kernel",256,0,0,80,0,48,"WRITE_SIZE",32.000000,7891733365813,7891733375876
2041,43397,"Agent 1",4,1,1,49152,9121,"fused_moe_kernel",256,0,0,80,0,48,"WRITE_SIZE",24.000000,7891733761994,7891733780356
2041,43399,"Agent 1",4,1,1,65536,9122,"fused_moe_kernel",256,0,0,80,0,48,"WRITE_SIZE",32.000000,7891733866592,7891733876775
2041,43414,"Agent 1",4,1,1,49152,9121,"fused_moe_kernel",256,0,0,80,0,48,"WRITE_SIZE",24.000000,7891734286066,7891734303585
2041,43416,"Agent 1",4,1,1,65536,9122,"fused_moe_kernel",256,0,0,80,0,48,"WRITE_SIZE",32.000000,7891734401207,7891734410909
2041,43431,"Agent 1",4,1,1,49152,9121,"fused_moe_kernel",256,0,0,80,0,48,"SQ_INSTS_VALU_MFMA_MOPS_BF16",1572864.000000,7891734817153,7891734835475
2041,43433,"Agent 1",4,1,1,65536,9122,"fused_moe_kernel",256,0,0,80,0,48,"SQ_INSTS_VALU_MFMA_MOPS_BF16",786432.000000,7891734903710,7891734914414
2041,43448,"Agent 1",4,1,1,49152,9121,"fused_moe_kernel",256,0,0,80,0,48,"SQ_INSTS_VALU_MFMA_MOPS_BF16",1572864.000000,7891735296603,7891735314644
2041,43450,"Agent 1",4,1,1,65536,9122,"fused_moe_kernel",256,0,0,80,0,48,"SQ_INSTS_VALU_MFMA_MOPS_BF16",786432.000000,7891735391980,7891735401802
2041,43465,"Agent 1",4,1,1,49152,9121,"fused_moe_kernel",256,0,0,80,0,48,"SQ_INSTS_VALU_MFMA_MOPS_BF16",1572864.000000,7891735768436,7891735786076
2041,43467,"Agent 1",4,1,1,65536,9122,"fused_moe_kernel",256,0,0,80,0,48,"SQ_INSTS_VALU_MFMA_MOPS_BF16",786432.000000,7891735856035,7891735865457
2042,43482,"Agent 1",4,1,1,49152,9121,"fused_moe_kernel",256,0,0,80,0,48,"SQ_INSTS_VALU_MFMA_MOPS_BF16",1572864.000000,7891736247966,7891736265727
2042,43484,"Agent 1",4,1,1,65536,9122,"fused_moe_kernel",256,0,0,80,0,48,"SQ_INSTS_VALU_MFMA_MOPS_BF16",786432.000000,7891736330554,7891736340336
2042,43499,"Agent 1",4,1,1,49152,9121,"fused_moe_kernel",256,0,0,80,0,48,"FETCH_SIZE",49194.750000,7891736723327,7891736741048
2042,43501,"Agent 1",4,1,1,65536,9122,"fused_moe_kernel",256,0,0,80,0,48,"FETCH_SIZE",24707.000000,7891736834981,7891736845124
2042,43516,"Agent 1",4,1,1,49152,9121,"fused_moe_kernel",256,0,0,80,0,48,"FETCH_SIZE",49194.250000,7891737267404,7891737285606
2042,43518,"Agent 1",4,1,1,65536,9122,"fused_moe_kernel",256,0,0,80,0,48,"FETCH_SIZE",24707.000000,7891737388921,7891737398182
2042,43533,"Agent 1",4,1,1,49152,9121,"fused_moe_kernel",256,0,0,80,0,48,"FETCH_SIZE",49196.062500,7891737786384,7891737803744
2042,43535,"Agent 1",4,1,1,65536,9122,"fused_moe_kernel",256,0,0,80,0,48,"FETCH_SIZE",24707.000000,7891737902568,7891737912391
2042,43550,"Agent 1",4,1,1,49152,9121,"fused_moe_kernel",256,0,0,80,0,48,"FETCH_SIZE",49195.750000,7891738304803,7891738323566
2042,43552,"Agent 1",4,1,1,65536,9122,"fused_moe_kernel",256,0,0,80,0,48,"FETCH_SIZE",24707.000000,7891738421629,7891738431491
2042,43567,"Agent 1",4,1,1,49152,9121,"fused_moe_kernel",256,0,0,80,0,48,"WRITE_SIZE",24.000000,7891738833285,7891738851406
2042,43569,"Agent 1",4,1,1,65536,9122,"fused_moe_kernel",256,0,0,80,0,48,"WRITE_SIZE",32.000000,7891738942854,7891738952476
2042,43584,"Agent 1",4,1,1,49152,9121,"fused_moe_kernel",256,0,0,80,0,48,"WRITE_SIZE",24.000000,7891739329573,7891739347053
2042,43586,"Agent 1",4,1,1,65536,9122,"fused_moe_kernel",256,0,0,80,0,48,"WRITE_SIZE",32.000000,7891739432928,7891739442791
2042,43601,"Agent 1",4,1,1,49152,9121,"fused_moe_kernel",256,0,0,80,0,48,"WRITE_SIZE",24.000000,7891739823777,7891739841457
2042,43603,"Agent 1",4,1,1,65536,9122,"fused_moe_kernel",256,0,0,80,0,48,"WRITE_SIZE",32.000000,7891739925167,7891739935230
2042,43618,"Agent 1",4,1,1,49152,9121,"fused_moe_kernel",256,0,0,80,0,48,"WRITE_SIZE",24.000000,7891740326039,7891740344922
2042,43620,"Agent 1",4,1,1,65536,9122,"fused_moe_kernel",256,0,0,80,0,48,"WRITE_SIZE",32.000000,7891740437773,7891740448156
2042,43635,"Agent 1",4,1,1,49152,9121,"fused_moe_kernel",256,0,0,80,0,48,"SQ_INSTS_VALU_MFMA_MOPS_BF16",1572864.000000,7891740855356,7891740873397
2042,43637,"Agent 1",4,1,1,65536,9122,"fused_moe_kernel",256,0,0,80,0,48,"SQ_INSTS_VALU_MFMA_MOPS_BF16",786432.000000,7891740941752,7891740951855
2042,43652,"Agent 1",4,1,1,49152,9121,"fused_moe_kernel",256,0,0,80,0,48,"SQ_INSTS_VALU_MFMA_MOPS_BF16",1572864.000000,7891741327189,7891741344789
2042,43654,"Agent 1",4,1,1,65536,9122,"fused_moe_kernel",256,0,0,80,0,48,"SQ_INSTS_VALU_MFMA_MOPS_BF16",786432.000000,7891741416311,7891741426575
2042,43669,"Agent 1",4,1,1,49152,9121,"fused_moe_kernel",256,0,0,80,0,48,"SQ_INSTS_VALU_MFMA_MOPS_BF16",1572864.000000,7891741797218,7891741815138
2042,43671,"Agent 1",4,1,1,65536,9122,"fused_moe_kernel",256,0,0,80,0,48,"SQ_INSTS_VALU_MFMA_MOPS_BF16",786432.000000,7891741888866,7891741898849
2042,43686,"Agent 1",4,1,1,49152,9121,"fused_moe_kernel",256,0,0,80,0,48,"SQ_INSTS_VALU_MFMA_MOPS_BF16",1572864.000000,7891742269131,7891742287131
2042,43688,"Agent 1",4,1,1,65536,9122,"fused_moe_kernel",256,0,0,80,0,48,"SQ_INSTS_VALU_MFMA_MOPS_BF16",786432.000000,7891742355607,7891742365149
2042,43703,"Agent 1",4,1,1,49152,9121,"fused_moe_kernel",256,0,0,80,0,48,"FETCH_SIZE",49196.750000,7891742743088,7891742761410
2042,43705,"Agent 1",4,1,1,65536,9122,"fused_moe_kernel",256,0,0,80,0,48,"FETCH_SIZE",24707.000000,7891742859192,7891742869656
2042,43720,"Agent 1",4,1,1,49152,9121,"fused_moe_kernel",256,0,0,80,0,48,"FETCH_SIZE",49195.000000,7891743258701,7891743276421
2042,43722,"Agent 1",4,1,1,65536,9122,"fused_moe_kernel",256,0,0,80,0,48,"FETCH_SIZE",24707.000000,7891743371958,7891743381700
2043,43737,"Agent 1",4,1,1,49152,9121,"fused_moe_kernel",256,0,0,80,0,48,"FETCH_SIZE",49196.000000,7891743790029,7891743807508
2043,43739,"Agent 1",4,1,1,65536,9122,"fused_moe_kernel",256,0,0,80,0,48,"FETCH_SIZE",24707.000000,7891743907937,7891743917559
2043,43754,"Agent 1",4,1,1,49152,9121,"fused_moe_kernel",256,0,0,80,0,48,"FETCH_SIZE",49195.750000,7891744315624,7891744333264
2043,43756,"Agent 1",4,1,1,65536,9122,"fused_moe_kernel",256,0,0,80,0,48,"FETCH_SIZE",24707.000000,7891744431086,7891744440989
2043,43771,"Agent 1",4,1,1,49152,9121,"fused_moe_kernel",256,0,0,80,0,48,"WRITE_SIZE",24.000000,7891744829713,7891744847393
2043,43773,"Agent 1",4,1,1,65536,9122,"fused_moe_kernel",256,0,0,80,0,48,"WRITE_SIZE",32.000000,7891744932145,7891744942008
2043,43788,"Agent 1",4,1,1,49152,9121,"fused_moe_kernel",256,0,0,80,0,48,"WRITE_SIZE",24.000000,7891745337106,7891745355147
2043,43790,"Agent 1",4,1,1,65536,9122,"fused_moe_kernel",256,0,0,80,0,48,"WRITE_SIZE",32.000000,7891745443628,7891745453210
2043,43805,"Agent 1",4,1,1,49152,9121,"fused_moe_kernel",256,0,0,80,0,48,"WRITE_SIZE",24.000000,7891745851155,7891745868715
2043,43807,"Agent 1",4,1,1,65536,9122,"fused_moe_kernel",256,0,0,80,0,48,"WRITE_SIZE",32.000000,7891745955472,7891745965254
2043,43822,"Agent 1",4,1,1,49152,9121,"fused_moe_kernel",256,0,0,80,0,48,"WRITE_SIZE",24.000000,7891746346281,7891746364161
2043,43824,"Agent 1",4,1,1,65536,9122,"fused_moe_kernel",256,0,0,80,0,48,"WRITE_SIZE",32.000000,7891746450157,7891746459699
2043,43839,"Agent 1",4,1,1,49152,9121,"fused_moe_kernel",256,0,0,80,0,48,"SQ_INSTS_VALU_MFMA_MOPS_BF16",1572864.000000,7891746853193,7891746870753
2043,43841,"Agent 1",4,1,1,65536,9122,"fused_moe_kernel",256,0,0,80,0,48,"SQ_INSTS_VALU_MFMA_MOPS_BF16",786432.000000,7891746939429,7891746948891
2043,43856,"Agent 1",4,1,1,49152,9121,"fused_moe_kernel",256,0,0,80,0,48,"SQ_INSTS_VALU_MFMA_MOPS_BF16",1572864.000000,7891747310473,7891747328474
2043,43858,"Agent 1",4,1,1,65536,9122,"fused_moe_kernel",256,0,0,80,0,48,"SQ_INSTS_VALU_MFMA_MOPS_BF16",786432.000000,7891747394985,7891747404928
2043,43873,"Agent 1",4,1,1,49152,9121,"fused_moe_kernel",256,0,0,80,0,48,"SQ_INSTS_VALU_MFMA_MOPS_BF16",1572864.000000,7891747772083,7891747789843
2043,43875,"Agent 1",4,1,1,65536,9122,"fused_moe_kernel",256,0,0,80,0,48,"SQ_INSTS_VALU_MFMA_MOPS_BF16",786432.000000,7891747859882,7891747870066
2043,43890,"Agent 1",4,1,1,49152,9121,"fused_moe_kernel",256,0,0,80,0,48,"SQ_INSTS_VALU_MFMA_MOPS_BF16",1572864.000000,7891748246722,7891748264963
2043,43892,"Agent 1",4,1,1,65536,9122,"fused_moe_kernel",256,0,0,80,0,48,"SQ_INSTS_VALU_MFMA_MOPS_BF16",786432.000000,7891748331074,7891748340455
2043,43907,"Agent 1",4,1,1,49152,9121,"fused_moe_kernel",256,0,0,80,0,48,"FETCH_SIZE",49195.250000,7891748710416,7891748728217
2043,43909,"Agent 1",4,1,1,65536,9122,"fused_moe_kernel",256,0,0,80,0,48,"FETCH_SIZE",24707.000000,7891748828404,7891748837946
2043,43924,"Agent 1",4,1,1,49152,9121,"fused_moe_kernel",256,0,0,80,0,48,"FETCH_SIZE",49193.750000,7891749226309,7891749244070
2043,43926,"Agent 1",4,1,1,65536,9122,"fused_moe_kernel",256,0,0,80,0,48,"FETCH_SIZE",24707.000000,7891749339406,7891749348908
2043,43941,"Agent 1",4,1,1,49152,9121,"fused_moe_kernel",256,0,0,80,0,48,"FETCH_SIZE",49195.250000,7891749744768,7891749762448
2043,43943,"Agent 1",4,1,1,65536,9122,"fused_moe_kernel",256,0,0,80,0,48,"FETCH_SIZE",24707.000000,7891749863558,7891749872980
2043,43958,"Agent 1",4,1,1,49152,9121,"fused_moe_kernel",256,0,0,80,0,48,"FETCH_SIZE",49194.250000,7891750261343,7891750279223
2043,43960,"Agent 1",4,1,1,65536,9122,"fused_moe_kernel",256,0,0,80,0,48,"FETCH_SIZE",24707.000000,7891750372996,7891750383300
2043,43975,"Agent 1",4,1,1,49152,9121,"fused_moe_kernel",256,0,0,80,0,48,"WRITE_SIZE",24.000000,7891750775351,7891750793873
2043,43977,"Agent 1",4,1,1,65536,9122,"fused_moe_kernel",256,0,0,80,0,48,"WRITE_SIZE",32.000000,7891750878265,7891750888248
2044,43992,"Agent 1",4,1,1,49152,9121,"fused_moe_kernel",256,0,0,80,0,48,"WRITE_SIZE",24.000000,7891751264103,7891751282184
2044,43994,"Agent 1",4,1,1,65536,9122,"fused_moe_kernel",256,0,0,80,0,48,"WRITE_SIZE",32.000000,7891751367458,7891751377039
2044,44009,"Agent 1",4,1,1,49152,9121,"fused_moe_kernel",256,0,0,80,0,48,"WRITE_SIZE",24.000000,7891751765803,7891751783443
2044,44011,"Agent 1",4,1,1,65536,9122,"fused_moe_kernel",256,0,0,80,0,48,"WRITE_SIZE",32.000000,7891751868437,7891751877938
2044,44026,"Agent 1",4,1,1,49152,9121,"fused_moe_kernel",256,0,0,80,0,48,"WRITE_SIZE",24.000000,7891752245173,7891752262894
2044,44028,"Agent 1",4,1,1,65536,9122,"fused_moe_kernel",256,0,0,80,0,48,"WRITE_SIZE",32.000000,7891752345642,7891752355745
2075,44073,"Agent 1",4,1,1,49152,9121,"fused_moe_kernel",256,0,0,80,0,48,"SQ_INSTS_VALU_MFMA_MOPS_BF16",1572864.000000,7891753723815,7891753741977
2075,44075,"Agent 1",4,1,1,65536,9122,"fused_moe_kernel",256,0,0,80,0,48,"SQ_INSTS_VALU_MFMA_MOPS_BF16",786432.000000,7891753829776,7891753839679
2075,44090,"Agent 1",4,1,1,49152,9121,"fused_moe_kernel",256,0,0,80,0,48,"SQ_INSTS_VALU_MFMA_MOPS_BF16",1572864.000000,7891754448343,7891754466223
2075,44092,"Agent 1",4,1,1,65536,9122,"fused_moe_kernel",256,0,0,80,0,48,"SQ_INSTS_VALU_MFMA_MOPS_BF16",786432.000000,7891754555346,7891754565689
2075,44107,"Agent 1",4,1,1,49152,9121,"fused_moe_kernel",256,0,0,80,0,48,"SQ_INSTS_VALU_MFMA_MOPS_BF16",1572864.000000,7891755550368,7891755568129
2075,44109,"Agent 1",4,1,1,65536,9122,"fused_moe_kernel",256,0,0,80,0,48,"SQ_INSTS_VALU_MFMA_MOPS_BF16",786432.000000,7891757245944,7891757255606
2075,44124,"Agent 1",4,1,1,49152,9121,"fused_moe_kernel",256,0,0,80,0,48,"SQ_INSTS_VALU_MFMA_MOPS_BF16",1572864.000000,7891768962544,7891768979623
2075,44126,"Agent 1",4,1,1,65536,9122,"fused_moe_kernel",256,0,0,80,0,48,"SQ_INSTS_VALU_MFMA_MOPS_BF16",786432.000000,7891770188091,7891770197873
2075,44141,"Agent 1",4,1,1,49152,9121,"fused_moe_kernel",256,0,0,80,0,48,"FETCH_SIZE",49196.250000,7891782438384,7891782456586
2075,44143,"Agent 1",4,1,1,65536,9122,"fused_moe_kernel",256,0,0,80,0,48,"FETCH_SIZE",24707.000000,7891784125540,7891784135122
2075,44158,"Agent 1",4,1,1,49152,9121,"fused_moe_kernel",256,0,0,80,0,48,"FETCH_SIZE",49195.500000,7891798253744,7891798271545
2075,44160,"Agent 1",4,1,1,65536,9122,"fused_moe_kernel",256,0,0,80,0,48,"FETCH_SIZE",24707.000000,7891799952928,7891799963030
2075,44175,"Agent 1",4,1,1,49152,9121,"fused_moe_kernel",256,0,0,80,0,48,"FETCH_SIZE",49196.000000,7891805246033,7891805263874
2075,44177,"Agent 1",4,1,1,65536,9122,"fused_moe_kernel",256,0,0,80,0,48,"FETCH_SIZE",24707.062500,7891805363540,7891805372721
2075,44192,"Agent 1",4,1,1,49152,9121,"fused_moe_kernel",256,0,0,80,0,48,"FETCH_SIZE",49195.000000,7891805934077,7891805952118
2075,44194,"Agent 1",4,1,1,65536,9122,"fused_moe_kernel",256,0,0,80,0,48,"FETCH_SIZE",24707.000000,7891806055834,7891806065216
2075,44209,"Agent 1",4,1,1,49152,9121,"fused_moe_kernel",256,0,0,80,0,48,"WRITE_SIZE",24.000000,7891806484128,7891806502169
2075,44211,"Agent 1",4,1,1,65536,9122,"fused_moe_kernel",256,0,0,80,0,48,"WRITE_SIZE",32.000000,7891806596143,7891806605965
2075,44226,"Agent 1",4,1,1,49152,9121,"fused_moe_kernel",256,0,0,80,0,48,"WRITE_SIZE",24.000000,7891807009763,7891807028085
2075,44228,"Agent 1",4,1,1,65536,9122,"fused_moe_kernel",256,0,0,80,0,48,"WRITE_SIZE",32.000000,7891807115724,7891807126068
2075,44243,"Agent 1",4,1,1,49152,9121,"fused_moe_kernel",256,0,0,80,0,48,"WRITE_SIZE",24.000000,7891807524253,7891807541853
2075,44245,"Agent 1",4,1,1,65536,9122,"fused_moe_kernel",256,0,0,80,0,48,"WRITE_SIZE",32.000000,7891807631938,7891807641680
2075,44260,"Agent 1",4,1,1,49152,9121,"fused_moe_kernel",256,0,0,80,0,48,"WRITE_SIZE",24.000000,7891808046039,7891808063680
2075,44262,"Agent 1",4,1,1,65536,9122,"fused_moe_kernel",256,0,0,80,0,48,"WRITE_SIZE",32.000000,7891808153003,7891808162745
2075,44277,"Agent 1",4,1,1,49152,9121,"fused_moe_kernel",256,0,0,80,0,48,"SQ_INSTS_VALU_MFMA_MOPS_BF16",1572864.000000,7891808566984,7891808584544
2075,44279,"Agent 1",4,1,1,65536,9122,"fused_moe_kernel",256,0,0,80,0,48,"SQ_INSTS_VALU_MFMA_MOPS_BF16",786432.000000,7891808649451,7891808659073
2075,44294,"Agent 1",4,1,1,49152,9121,"fused_moe_kernel",256,0,0,80,0,48,"SQ_INSTS_VALU_MFMA_MOPS_BF16",1572864.000000,7891809040100,7891809058020
2075,44296,"Agent 1",4,1,1,65536,9122,"fused_moe_kernel",256,0,0,80,0,48,"SQ_INSTS_VALU_MFMA_MOPS_BF16",786432.000000,7891809122327,7891809132029
2075,44311,"Agent 1",4,1,1,49152,9121,"fused_moe_kernel",256,0,0,80,0,48,"SQ_INSTS_VALU_MFMA_MOPS_BF16",1572864.000000,7891809522156,7891809540397
2075,44313,"Agent 1",4,1,1,65536,9122,"fused_moe_kernel",256,0,0,80,0,48,"SQ_INSTS_VALU_MFMA_MOPS_BF16",786432.000000,7891809612481,7891809622584
2076,44328,"Agent 1",4,1,1,49152,9121,"fused_moe_kernel",256,0,0,80,0,48,"SQ_INSTS_VALU_MFMA_MOPS_BF16",1572864.000000,7891810002488,7891810020809
2076,44330,"Agent 1",4,1,1,65536,9122,"fused_moe_kernel",256,0,0,80,0,48,"SQ_INSTS_VALU_MFMA_MOPS_BF16",786432.000000,7891810090488,7891810100390
2076,44345,"Agent 1",4,1,1,49152,9121,"fused_moe_kernel",256,0,0,80,0,48,"FETCH_SIZE",49195.000000,7891810469470,7891810487511
2076,44347,"Agent 1",4,1,1,65536,9122,"fused_moe_kernel",256,0,0,80,0,48,"FETCH_SIZE",24707.000000,7891810591226,7891810600768
2076,44362,"Agent 1",4,1,1,49152,9121,"fused_moe_kernel",256,0,0,80,0,48,"FETCH_SIZE",49194.750000,7891811010299,7891811027859
2076,44364,"Agent 1",4,1,1,65536,9122,"fused_moe_kernel",256,0,0,80,0,48,"FETCH_SIZE",24707.000000,7891811128047,7891811138230
2076,44379,"Agent 1",4,1,1,49152,9121,"fused_moe_kernel",256,0,0,80,0,48,"FETCH_SIZE",49196.562500,7891811547160,7891811565321
2076,44381,"Agent 1",4,1,1,65536,9122,"fused_moe_kernel",256,0,0,80,0,48,"FETCH_SIZE",24707.000000,7891811661500,7891811671603
2076,44396,"Agent 1",4,1,1,49152,9121,"fused_moe_kernel",256,0,0,80,0,48,"FETCH_SIZE",49195.750000,7891812081936,7891812100017
2076,44398,"Agent 1",4,1,1,65536,9122,"fused_moe_kernel",256,0,0,80,0,48,"FETCH_SIZE",24707.000000,7891812195675,7891812205216
2076,44413,"Agent 1",4,1,1,49152,9121,"fused_moe_kernel",256,0,0,80,0,48,"WRITE_SIZE",24.000000,7891812633069,7891812651030
2076,44415,"Agent 1",4,1,1,65536,9122,"fused_moe_kernel",256,0,0,80,0,48,"WRITE_SIZE",32.000000,7891812742758,7891812752621
2076,44430,"Agent 1",4,1,1,49152,9121,"fused_moe_kernel",256,0,0,80,0,48,"WRITE_SIZE",24.000000,7891813141665,7891813159306
2076,44432,"Agent 1",4,1,1,65536,9122,"fused_moe_kernel",256,0,0,80,0,48,"WRITE_SIZE",32.000000,7891813251114,7891813261097
2076,44447,"Agent 1",4,1,1,49152,9121,"fused_moe_kernel",256,0,0,80,0,48,"WRITE_SIZE",24.000000,7891813662650,7891813679729
2076,44449,"Agent 1",4,1,1,65536,9122,"fused_moe_kernel",256,0,0,80,0,48,"WRITE_SIZE",32.000000,7891813765003,7891813775106
2076,44464,"Agent 1",4,1,1,49152,9121,"fused_moe_kernel",256,0,0,80,0,48,"WRITE_SIZE",24.000000,7891814171647,7891814189728
2076,44466,"Agent 1",4,1,1,65536,9122,"fused_moe_kernel",256,0,0,80,0,48,"WRITE_SIZE",32.000000,7891814272477,7891814282540
2076,44481,"Agent 1",4,1,1,49152,9121,"fused_moe_kernel",256,0,0,80,0,48,"SQ_INSTS_VALU_MFMA_MOPS_BF16",1572864.000000,7891814670101,7891814688021
2076,44483,"Agent 1",4,1,1,65536,9122,"fused_moe_kernel",256,0,0,80,0,48,"SQ_INSTS_VALU_MFMA_MOPS_BF16",786432.000000,7891814758943,7891814768645
2076,44498,"Agent 1",4,1,1,49152,9121,"fused_moe_kernel",256,0,0,80,0,48,"SQ_INSTS_VALU_MFMA_MOPS_BF16",1572864.000000,7891815146704,7891815164385
2076,44500,"Agent 1",4,1,1,65536,9122,"fused_moe_kernel",256,0,0,80,0,48,"SQ_INSTS_VALU_MFMA_MOPS_BF16",786432.000000,7891815234183,7891815243845
2076,44515,"Agent 1",4,1,1,49152,9121,"fused_moe_kernel",256,0,0,80,0,48,"SQ_INSTS_VALU_MFMA_MOPS_BF16",1572864.000000,7891815626155,7891815643714
2076,44517,"Agent 1",4,1,1,65536,9122,"fused_moe_kernel",256,0,0,80,0,48,"SQ_INSTS_VALU_MFMA_MOPS_BF16",786432.000000,7891815716199,7891815726463
2076,44532,"Agent 1",4,1,1,49152,9121,"fused_moe_kernel",256,0,0,80,0,48,"SQ_INSTS_VALU_MFMA_MOPS_BF16",1572864.000000,7891816096063,7891816113823
2076,44534,"Agent 1",4,1,1,65536,9122,"fused_moe_kernel",256,0,0,80,0,48,"SQ_INSTS_VALU_MFMA_MOPS_BF16",786432.000000,7891816179613,7891816188994
2076,44549,"Agent 1",4,1,1,49152,9121,"fused_moe_kernel",256,0,0,80,0,48,"FETCH_SIZE",49193.750000,7891816559396,7891816577878
2076,44551,"Agent 1",4,1,1,65536,9122,"fused_moe_kernel",256,0,0,80,0,48,"FETCH_SIZE",24707.000000,7891816672253,7891816682476
2076,44566,"Agent 1",4,1,1,49152,9121,"fused_moe_kernel",256,0,0,80,0,48,"FETCH_SIZE",49194.500000,7891817089602,7891817106961
2076,44568,"Agent 1",4,1,1,65536,9122,"fused_moe_kernel",256,0,0,80,0,48,"FETCH_SIZE",24707.000000,7891817204102,7891817214807
2077,44583,"Agent 1",4,1,1,49152,9121,"fused_moe_kernel",256,0,0,80,0,48,"FETCH_SIZE",49194.000000,7891817628668,7891817646348
2077,44585,"Agent 1",4,1,1,65536,9122,"fused_moe_kernel",256,0,0,80,0,48,"FETCH_SIZE",24707.000000,7891817750665,7891817760046
2077,44600,"Agent 1",4,1,1,49152,9121,"fused_moe_kernel",256,0,0,80,0,48,"FETCH_SIZE",49196.750000,7891818160517,7891818178277
2077,44602,"Agent 1",4,1,1,65536,9122,"fused_moe_kernel",256,0,0,80,0,48,"FETCH_SIZE",24707.000000,7891818274135,7891818283517
2077,44617,"Agent 1",4,1,1,49152,9121,"fused_moe_kernel",256,0,0,80,0,48,"WRITE_SIZE",24.000000,7891818684669,7891818702750
2077,44619,"Agent 1",4,1,1,65536,9122,"fused_moe_kernel",256,0,0,80,0,48,"WRITE_SIZE",32.000000,7891818788585,7891818799410
2077,44634,"Agent 1",4,1,1,49152,9121,"fused_moe_kernel",256,0,0,80,0,48,"WRITE_SIZE",24.000000,7891819194628,7891819212629
2077,44636,"Agent 1",4,1,1,65536,9122,"fused_moe_kernel",256,0,0,80,0,48,"WRITE_SIZE",32.000000,7891819300750,7891819311173
2077,44651,"Agent 1",4,1,1,49152,9121,"fused_moe_kernel",256,0,0,80,0,48,"WRITE_SIZE",24.000000,7891819714210,7891819733213
2077,44653,"Agent 1",4,1,1,65536,9122,"fused_moe_kernel",256,0,0,80,0,48,"WRITE_SIZE",32.000000,7891819819008,7891819829632
2077,44668,"Agent 1",4,1,1,49152,9121,"fused_moe_kernel",256,0,0,80,0,48,"WRITE_SIZE",24.000000,7891820214267,7891820232187
2077,44670,"Agent 1",4,1,1,65536,9122,"fused_moe_kernel",256,0,0,80,0,48,"WRITE_SIZE",32.000000,7891820315016,7891820325439
2077,44685,"Agent 1",4,1,1,49152,9121,"fused_moe_kernel",256,0,0,80,0,48,"SQ_INSTS_VALU_MFMA_MOPS_BF16",1572864.000000,7891820700372,7891820718734
2077,44687,"Agent 1",4,1,1,65536,9122,"fused_moe_kernel",256,0,0,80,0,48,"SQ_INSTS_VALU_MFMA_MOPS_BF16",786432.000000,7891820786087,7891820795869
2077,44702,"Agent 1",4,1,1,49152,9121,"fused_moe_kernel",256,0,0,80,0,48,"SQ_INSTS_VALU_MFMA_MOPS_BF16",1572864.000000,7891821177136,7891821195778
2077,44704,"Agent 1",4,1,1,65536,9122,"fused_moe_kernel",256,0,0,80,0,48,"SQ_INSTS_VALU_MFMA_MOPS_BF16",786432.000000,7891821261849,7891821272032
2077,44719,"Agent 1",4,1,1,49152,9121,"fused_moe_kernel",256,0,0,80,0,48,"SQ_INSTS_VALU_MFMA_MOPS_BF16",1572864.000000,7891821645280,7891821663161
2077,44721,"Agent 1",4,1,1,65536,9122,"fused_moe_kernel",256,0,0,80,0,48,"SQ_INSTS_VALU_MFMA_MOPS_BF16",786432.000000,7891821729352,7891821738693
2077,44736,"Agent 1",4,1,1,49152,9121,"fused_moe_kernel",256,0,0,80,0,48,"SQ_INSTS_VALU_MFMA_MOPS_BF16",1572864.000000,7891822102039,7891822119920
2077,44738,"Agent 1",4,1,1,65536,9122,"fused_moe_kernel",256,0,0,80,0,48,"SQ_INSTS_VALU_MFMA_MOPS_BF16",786432.000000,7891822189999,7891822200423
2077,44753,"Agent 1",4,1,1,49152,9121,"fused_moe_kernel",256,0,0,80,0,48,"FETCH_SIZE",49193.750000,7891822560040,7891822578121
2077,44755,"Agent 1",4,1,1,65536,9122,"fused_moe_kernel",256,0,0,80,0,48,"FETCH_SIZE",24707.000000,7891822671774,7891822681957
2077,44770,"Agent 1",4,1,1,49152,9121,"fused_moe_kernel",256,0,0,80,0,48,"FETCH_SIZE",49196.250000,7891823084393,7891823102113
2077,44772,"Agent 1",4,1,1,65536,9122,"fused_moe_kernel",256,0,0,80,0,48,"FETCH_SIZE",24707.000000,7891823193360,7891823203143
2077,44787,"Agent 1",4,1,1,49152,9121,"fused_moe_kernel",256,0,0,80,0,48,"FETCH_SIZE",49194.750000,7891823608745,7891823626465
2077,44789,"Agent 1",4,1,1,65536,9122,"fused_moe_kernel",256,0,0,80,0,48,"FETCH_SIZE",24707.000000,7891823723205,7891823733228
2077,44804,"Agent 1",4,1,1,49152,9121,"fused_moe_kernel",256,0,0,80,0,48,"FETCH_SIZE",49194.750000,7891824120949,7891824137948
2077,44806,"Agent 1",4,1,1,65536,9122,"fused_moe_kernel",256,0,0,80,0,48,"FETCH_SIZE",24707.000000,7891824231801,7891824241824
2077,44821,"Agent 1",4,1,1,49152,9121,"fused_moe_kernel",256,0,0,80,0,48,"WRITE_SIZE",24.000000,7891824632112,7891824649992
2077,44823,"Agent 1",4,1,1,65536,9122,"fused_moe_kernel",256,0,0,80,0,48,"WRITE_SIZE",32.000000,7891824734986,7891824745129
2078,44838,"Agent 1",4,1,1,49152,9121,"fused_moe_kernel",256,0,0,80,0,48,"WRITE_SIZE",24.000000,7891825122026,7891825139626
2078,44840,"Agent 1",4,1,1,65536,9122,"fused_moe_kernel",256,0,0,80,0,48,"WRITE_SIZE",32.000000,7891825223817,7891825233719
2078,44855,"Agent 1",4,1,1,49152,9121,"fused_moe_kernel",256,0,0,80,0,48,"WRITE_SIZE",24.000000,7891825612380,7891825629860
2078,44857,"Agent 1",4,1,1,65536,9122,"fused_moe_kernel",256,0,0,80,0,48,"WRITE_SIZE",32.000000,7891825717179,7891825727041
2078,44872,"Agent 1",4,1,1,49152,9121,"fused_moe_kernel",256,0,0,80,0,48,"WRITE_SIZE",24.000000,7891826095158,7891826113239
2078,44874,"Agent 1",4,1,1,65536,9122,"fused_moe_kernel",256,0,0,80,0,48,"WRITE_SIZE",32.000000,7891826196348,7891826206972
2109,44919,"Agent 1",4,1,1,49152,9121,"fused_moe_kernel",256,0,0,80,0,48,"SQ_INSTS_VALU_MFMA_MOPS_BF16",1572864.000000,7891827582420,7891827600421
2109,44921,"Agent 1",4,1,1,65536,9122,"fused_moe_kernel",256,0,0,80,0,48,"SQ_INSTS_VALU_MFMA_MOPS_BF16",786432.000000,7891827742624,7891827752206
2109,44936,"Agent 1",4,1,1,49152,9121,"fused_moe_kernel",256,0,0,80,0,48,"SQ_INSTS_VALU_MFMA_MOPS_BF16",1572864.000000,7891828254187,7891828272429
2109,44938,"Agent 1",4,1,1,65536,9122,"fused_moe_kernel",256,0,0,80,0,48,"SQ_INSTS_VALU_MFMA_MOPS_BF16",786432.000000,7891828339381,7891828348923
2109,44953,"Agent 1",4,1,1,49152,9121,"fused_moe_kernel",256,0,0,80,0,48,"SQ_INSTS_VALU_MFMA_MOPS_BF16",1572864.000000,7891829040575,7891829058656
2109,44955,"Agent 1",4,1,1,65536,9122,"fused_moe_kernel",256,0,0,80,0,48,"SQ_INSTS_VALU_MFMA_MOPS_BF16",786432.000000,7891829437758,7891829447661
2109,44970,"Agent 1",4,1,1,49152,9121,"fused_moe_kernel",256,0,0,80,0,48,"SQ_INSTS_VALU_MFMA_MOPS_BF16",1572864.000000,7891841189799,7891841207880
2109,44972,"Agent 1",4,1,1,65536,9122,"fused_moe_kernel",256,0,0,80,0,48,"SQ_INSTS_VALU_MFMA_MOPS_BF16",786432.000000,7891842178928,7891842189071
2109,44987,"Agent 1",4,1,1,49152,9121,"fused_moe_kernel",256,0,0,80,0,48,"FETCH_SIZE",49192.500000,7891853908278,7891853925517
2109,44989,"Agent 1",4,1,1,65536,9122,"fused_moe_kernel",256,0,0,80,0,48,"FETCH_SIZE",24707.000000,7891855602650,7891855611991
2109,45004,"Agent 1",4,1,1,49152,9121,"fused_moe_kernel",256,0,0,80,0,48,"FETCH_SIZE",49196.500000,7891869082132,7891869100493
2109,45006,"Agent 1",4,1,1,65536,9122,"fused_moe_kernel",256,0,0,80,0,48,"FETCH_SIZE",24707.000000,7891870776184,7891870785966
2109,45021,"Agent 1",4,1,1,49152,9121,"fused_moe_kernel",256,0,0,80,0,48,"FETCH_SIZE",49194.500000,7891876516997,7891876535038
2109,45023,"Agent 1",4,1,1,65536,9122,"fused_moe_kernel",256,0,0,80,0,48,"FETCH_SIZE",24707.000000,7891876631337,7891876640517
2109,45038,"Agent 1",4,1,1,49152,9121,"fused_moe_kernel",256,0,0,80,0,48,"FETCH_SIZE",49195.500000,7891877216948,7891877234708
2109,45040,"Agent 1",4,1,1,65536,9122,"fused_moe_kernel",256,0,0,80,0,48,"FETCH_SIZE",24707.000000,7891877329043,7891877338545
2109,45055,"Agent 1",4,1,1,49152,9121,"fused_moe_kernel",256,0,0,80,0,48,"WRITE_SIZE",24.000000,7891877762869,7891877780229
2109,45057,"Agent 1",4,1,1,65536,9122,"fused_moe_kernel",256,0,0,80,0,48,"WRITE_SIZE",32.000000,7891877868149,7891877878372
2109,45072,"Agent 1",4,1,1,49152,9121,"fused_moe_kernel",256,0,0,80,0,48,"WRITE_SIZE",24.000000,7891878274112,7891878292153
2109,45074,"Agent 1",4,1,1,65536,9122,"fused_moe_kernel",256,0,0,80,0,48,"WRITE_SIZE",32.000000,7891878376665,7891878386207
2109,45089,"Agent 1",4,1,1,49152,9121,"fused_moe_kernel",256,0,0,80,0,48,"WRITE_SIZE",24.000000,7891878793773,7891878812055
2109,45091,"Agent 1",4,1,1,65536,9122,"fused_moe_kernel",256,0,0,80,0,48,"WRITE_SIZE",32.000000,7891878898532,7891878909236
2109,45106,"Agent 1",4,1,1,49152,9121,"fused_moe_kernel",256,0,0,80,0,48,"WRITE_SIZE",24.000000,7891879291064,7891879309426
2109,45108,"Agent 1",4,1,1,65536,9122,"fused_moe_kernel",256,0,0,80,0,48,"WRITE_SIZE",32.000000,7891879393577,7891879403720
2109,45123,"Agent 1",4,1,1,49152,9121,"fused_moe_kernel",256,0,0,80,0,48,"SQ_INSTS_VALU_MFMA_MOPS_BF16",1572864.000000,7891879801946,7891879819786
2109,45125,"Agent 1",4,1,1,65536,9122,"fused_moe_kernel",256,0,0,80,0,48,"SQ_INSTS_VALU_MFMA_MOPS_BF16",786432.000000,7891879887981,7891879898285
2109,45140,"Agent 1",4,1,1,49152,9121,"fused_moe_kernel",256,0,0,80,0,48,"SQ_INSTS_VALU_MFMA_MOPS_BF16",1572864.000000,7891880282398,7891880300559
2109,45142,"Agent 1",4,1,1,65536,9122,"fused_moe_kernel",256,0,0,80,0,48,"SQ_INSTS_VALU_MFMA_MOPS_BF16",786432.000000,7891880367351,7891880376532
2109,45157,"Agent 1",4,1,1,49152,9121,"fused_moe_kernel",256,0,0,80,0,48,"SQ_INSTS_VALU_MFMA_MOPS_BF16",1572864.000000,7891880757719,7891880775760
2109,45159,"Agent 1",4,1,1,65536,9122,"fused_moe_kernel",256,0,0,80,0,48,"SQ_INSTS_VALU_MFMA_MOPS_BF16",786432.000000,7891880846080,7891880856383
2110,45174,"Agent 1",4,1,1,49152,9121,"fused_moe_kernel",256,0,0,80,0,48,"SQ_INSTS_VALU_MFMA_MOPS_BF16",1572864.000000,7891881256653,7891881274133
2110,45176,"Agent 1",4,1,1,65536,9122,"fused_moe_kernel",256,0,0,80,0,48,"SQ_INSTS_VALU_MFMA_MOPS_BF16",786432.000000,7891881339802,7891881349985
2110,45191,"Agent 1",4,1,1,49152,9121,"fused_moe_kernel",256,0,0,80,0,48,"FETCH_SIZE",49198.250000,7891881722312,7891881740233
2110,45193,"Agent 1",4,1,1,65536,9122,"fused_moe_kernel",256,0,0,80,0,48,"FETCH_SIZE",24707.000000,7891881838977,7891881848078
2110,45208,"Agent 1",4,1,1,49152,9121,"fused_moe_kernel",256,0,0,80,0,48,"FETCH_SIZE",49194.375000,7891882270759,7891882289041
2110,45210,"Agent 1",4,1,1,65536,9122,"fused_moe_kernel",256,0,0,80,0,48,"FETCH_SIZE",24707.062500,7891882386863,7891882397086
2110,45225,"Agent 1",4,1,1,49152,9121,"fused_moe_kernel",256,0,0,80,0,48,"FETCH_SIZE",49196.250000,7891882806818,7891882824979
2110,45227,"Agent 1",4,1,1,65536,9122,"fused_moe_kernel",256,0,0,80,0,48,"FETCH_SIZE",24707.000000,7891882921880,7891882931381
2110,45242,"Agent 1",4,1,1,49152,9121,"fused_moe_kernel",256,0,0,80,0,48,"FETCH_SIZE",49195.750000,7891883325918,7891883343558
2110,45244,"Agent 1",4,1,1,65536,9122,"fused_moe_kernel",256,0,0,80,0,48,"FETCH_SIZE",24707.000000,7891883438775,7891883448998
2110,45259,"Agent 1",4,1,1,49152,9121,"fused_moe_kernel",256,0,0,80,0,48,"WRITE_SIZE",24.000000,7891883856765,7891883874044
2110,45261,"Agent 1",4,1,1,65536,9122,"fused_moe_kernel",256,0,0,80,0,48,"WRITE_SIZE",32.000000,7891883966455,7891883976918
2110,45276,"Agent 1",4,1,1,49152,9121,"fused_moe_kernel",256,0,0,80,0,48,"WRITE_SIZE",24.000000,7891884363197,7891884381518
2110,45278,"Agent 1",4,1,1,65536,9122,"fused_moe_kernel",256,0,0,80,0,48,"WRITE_SIZE",32.000000,7891884466472,7891884476815
2110,45293,"Agent 1",4,1,1,49152,9121,"fused_moe_kernel",256,0,0,80,0,48,"WRITE_SIZE",24.000000,7891884884622,7891884902784
2110,45295,"Agent 1",4,1,1,65536,9122,"fused_moe_kernel",256,0,0,80,0,48,"WRITE_SIZE",32.000000,7891884982926,7891884993750
2110,45310,"Agent 1",4,1,1,49152,9121,"fused_moe_kernel",256,0,0,80,0,48,"WRITE_SIZE",24.000000,7891885387526,7891885405647
2110,45312,"Agent 1",4,1,1,65536,9122,"fused_moe_kernel",256,0,0,80,0,48,"WRITE_SIZE",32.000000,7891885496413,7891885506556
2110,45327,"Agent 1",4,1,1,49152,9121,"fused_moe_kernel",256,0,0,80,0,48,"SQ_INSTS_VALU_MFMA_MOPS_BF16",1572864.000000,7891885887823,7891885905784
2110,45329,"Agent 1",4,1,1,65536,9122,"fused_moe_kernel",256,0,0,80,0,48,"SQ_INSTS_VALU_MFMA_MOPS_BF16",786432.000000,7891885972857,7891885982438
2110,45344,"Agent 1",4,1,1,49152,9121,"fused_moe_kernel",256,0,0,80,0,48,"SQ_INSTS_VALU_MFMA_MOPS_BF16",1572864.000000,7891886341816,7891886359536
2110,45346,"Agent 1",4,1,1,65536,9122,"fused_moe_kernel",256,0,0,80,0,48,"SQ_INSTS_VALU_MFMA_MOPS_BF16",786432.000000,7891886423521,7891886433745
2110,45361,"Agent 1",4,1,1,49152,9121,"fused_moe_kernel",256,0,0,80,0,48,"SQ_INSTS_VALU_MFMA_MOPS_BF16",1572864.000000,7891886820063,7891886838104
2110,45363,"Agent 1",4,1,1,65536,9122,"fused_moe_kernel",256,0,0,80,0,48,"SQ_INSTS_VALU_MFMA_MOPS_BF16",786432.000000,7891886906259,7891886915720
2110,45378,"Agent 1",4,1,1,49152,9121,"fused_moe_kernel",256,0,0,80,0,48,"SQ_INSTS_VALU_MFMA_MOPS_BF16",1572864.000000,7891887283116,7891887301357
2110,45380,"Agent 1",4,1,1,65536,9122,"fused_moe_kernel",256,0,0,80,0,48,"SQ_INSTS_VALU_MFMA_MOPS_BF16",786432.000000,7891887368871,7891887379014
2110,45395,"Agent 1",4,1,1,49152,9121,"fused_moe_kernel",256,0,0,80,0,48,"FETCH_SIZE",49194.000000,7891887759278,7891887777480
2110,45397,"Agent 1",4,1,1,65536,9122,"fused_moe_kernel",256,0,0,80,0,48,"FETCH_SIZE",24707.000000,7891887875503,7891887885646
2110,45412,"Agent 1",4,1,1,49152,9121,"fused_moe_kernel",256,0,0,80,0,48,"FETCH_SIZE",49197.000000,7891888282869,7891888301151
2110,45414,"Agent 1",4,1,1,65536,9122,"fused_moe_kernel",256,0,0,80,0,48,"FETCH_SIZE",24707.000000,7891888396287,7891888405829
2111,45429,"Agent 1",4,1,1,49152,9121,"fused_moe_kernel",256,0,0,80,0,48,"FETCH_SIZE",49196.125000,7891888819690,7891888837731
2111,45431,"Agent 1",4,1,1,65536,9122,"fused_moe_kernel",256,0,0,80,0,48,"FETCH_SIZE",24707.000000,7891888936956,7891888946899
2111,45446,"Agent 1",4,1,1,49152,9121,"fused_moe_kernel",256,0,0,80,0,48,"FETCH_SIZE",49198.875000,7891889335502,7891889353624
2111,45448,"Agent 1",4,1,1,65536,9122,"fused_moe_kernel",256,0,0,80,0,48,"FETCH_SIZE",24707.000000,7891889452288,7891889461669
2111,45463,"Agent 1",4,1,1,49152,9121,"fused_moe_kernel",256,0,0,80,0,48,"WRITE_SIZE",24.000000,7891889859213,7891889876372
2111,45465,"Agent 1",4,1,1,65536,9122,"fused_moe_kernel",256,0,0,80,0,48,"WRITE_SIZE",32.000000,7891889964693,7891889974435
2111,45480,"Agent 1",4,1,1,49152,9121,"fused_moe_kernel",256,0,0,80,0,48,"WRITE_SIZE",24.000000,7891890365484,7891890383124
2111,45482,"Agent 1",4,1,1,65536,9122,"fused_moe_kernel",256,0,0,80,0,48,"WRITE_SIZE",32.000000,7891890463988,7891890474773
2111,45497,"Agent 1",4,1,1,49152,9121,"fused_moe_kernel",256,0,0,80,0,48,"WRITE_SIZE",24.000000,7891890880215,7891890897574
2111,45499,"Agent 1",4,1,1,65536,9122,"fused_moe_kernel",256,0,0,80,0,48,"WRITE_SIZE",32.000000,7891890987218,7891890997682
2111,45514,"Agent 1",4,1,1,49152,9121,"fused_moe_kernel",256,0,0,80,0,48,"WRITE_SIZE",24.000000,7891891368445,7891891386646
2111,45516,"Agent 1",4,1,1,65536,9122,"fused_moe_kernel",256,0,0,80,0,48,"WRITE_SIZE",32.000000,7891891471118,7891891480820
2111,45531,"Agent 1",4,1,1,49152,9121,"fused_moe_kernel",256,0,0,80,0,48,"SQ_INSTS_VALU_MFMA_MOPS_BF16",1572864.000000,7891891869745,7891891887705
2111,45533,"Agent 1",4,1,1,65536,9122,"fused_moe_kernel",256,0,0,80,0,48,"SQ_INSTS_VALU_MFMA_MOPS_BF16",786432.000000,7891891950408,7891891960671
2111,45548,"Agent 1",4,1,1,49152,9121,"fused_moe_kernel",256,0,0,80,0,48,"SQ_INSTS_VALU_MFMA_MOPS_BF16",1572864.000000,7891892329750,7891892347872
2111,45550,"Agent 1",4,1,1,65536,9122,"fused_moe_kernel",256,0,0,80,0,48,"SQ_INSTS_VALU_MFMA_MOPS_BF16",786432.000000,7891892412659,7891892422882
2111,45565,"Agent 1",4,1,1,49152,9121,"fused_moe_kernel",256,0,0,80,0,48,"SQ_INSTS_VALU_MFMA_MOPS_BF16",1572864.000000,7891892797374,7891892815615
2111,45567,"Agent 1",4,1,1,65536,9122,"fused_moe_kernel",256,0,0,80,0,48,"SQ_INSTS_VALU_MFMA_MOPS_BF16",786432.000000,7891892884812,7891892894835
2111,45582,"Agent 1",4,1,1,49152,9121,"fused_moe_kernel",256,0,0,80,0,48,"SQ_INSTS_VALU_MFMA_MOPS_BF16",1572864.000000,7891893273336,7891893290575
2111,45584,"Agent 1",4,1,1,65536,9122,"fused_moe_kernel",256,0,0,80,0,48,"SQ_INSTS_VALU_MFMA_MOPS_BF16",786432.000000,7891893361657,7891893370838
2111,45599,"Agent 1",4,1,1,49152,9121,"fused_moe_kernel",256,0,0,80,0,48,"FETCH_SIZE",49194.250000,7891893750340,7891893767780
2111,45601,"Agent 1",4,1,1,65536,9122,"fused_moe_kernel",256,0,0,80,0,48,"FETCH_SIZE",24707.000000,7891893862997,7891893873019
2111,45616,"Agent 1",4,1,1,49152,9121,"fused_moe_kernel",256,0,0,80,0,48,"FETCH_SIZE",49193.500000,7891894269842,7891894287682
2111,45618,"Agent 1",4,1,1,65536,9122,"fused_moe_kernel",256,0,0,80,0,48,"FETCH_SIZE",24707.000000,7891894382217,7891894392240
2111,45633,"Agent 1",4,1,1,49152,9121,"fused_moe_kernel",256,0,0,80,0,48,"FETCH_SIZE",49194.750000,7891894787258,7891894805460
2111,45635,"Agent 1",4,1,1,65536,9122,"fused_moe_kernel",256,0,0,80,0,48,"FETCH_SIZE",24707.000000,7891894902039,7891894911821
2111,45650,"Agent 1",4,1,1,49152,9121,"fused_moe_kernel",256,0,0,80,0,48,"FETCH_SIZE",49195.250000,7891895298180,7891895316141
2111,45652,"Agent 1",4,1,1,65536,9122,"fused_moe_kernel",256,0,0,80,0,48,"FETCH_SIZE",24707.000000,7891895410555,7891895420057
2111,45667,"Agent 1",4,1,1,49152,9121,"fused_moe_kernel",256,0,0,80,0,48,"WRITE_SIZE",24.000000,7891895813471,7891895831713
2111,45669,"Agent 1",4,1,1,65536,9122,"fused_moe_kernel",256,0,0,80,0,48,"WRITE_SIZE",32.000000,7891895916185,7891895926248
2112,45684,"Agent 1",4,1,1,49152,9121,"fused_moe_kernel",256,0,0,80,0,48,"WRITE_SIZE",24.000000,7891896296610,7891896314410
2112,45686,"Agent 1",4,1,1,65536,9122,"fused_moe_kernel",256,0,0,80,0,48,"WRITE_SIZE",32.000000,7891896399724,7891896409787
2112,45701,"Agent 1",4,1,1,49152,9121,"fused_moe_kernel",256,0,0,80,0,48,"WRITE_SIZE",24.000000,7891896793460,7891896811862
2112,45703,"Agent 1",4,1,1,65536,9122,"fused_moe_kernel",256,0,0,80,0,48,"WRITE_SIZE",32.000000,7891896892525,7891896903069
2112,45718,"Agent 1",4,1,1,49152,9121,"fused_moe_kernel",256,0,0,80,0,48,"WRITE_SIZE",24.000000,7891897273110,7891897290550
2112,45720,"Agent 1",4,1,1,65536,9122,"fused_moe_kernel",256,0,0,80,0,48,"WRITE_SIZE",32.000000,7891897374100,7891897384283
2143,45765,"Agent 1",4,1,1,49152,9121,"fused_moe_kernel",256,0,0,80,0,48,"SQ_INSTS_VALU_MFMA_MOPS_BF16",1572864.000000,7891898708454,7891898726174
2143,45767,"Agent 1",4,1,1,65536,9122,"fused_moe_kernel",256,0,0,80,0,48,"SQ_INSTS_VALU_MFMA_MOPS_BF16",786432.000000,7891898850657,7891898860680
2143,45782,"Agent 1",4,1,1,49152,9121,"fused_moe_kernel",256,0,0,80,0,48,"SQ_INSTS_VALU_MFMA_MOPS_BF16",1572864.000000,7891899447775,7891899465896
2143,45784,"Agent 1",4,1,1,65536,9122,"fused_moe_kernel",256,0,0,80,0,48,"SQ_INSTS_VALU_MFMA_MOPS_BF16",786432.000000,7891899542230,7891899551731
2143,45799,"Agent 1",4,1,1,49152,9121,"fused_moe_kernel",256,0,0,80,0,48,"SQ_INSTS_VALU_MFMA_MOPS_BF16",1572864.000000,7891904016563,7891904034404
2143,45801,"Agent 1",4,1,1,65536,9122,"fused_moe_kernel",256,0,0,80,0,48,"SQ_INSTS_VALU_MFMA_MOPS_BF16",786432.000000,7891905706485,7891905716107
2143,45816,"Agent 1",4,1,1,49152,9121,"fused_moe_kernel",256,0,0,80,0,48,"SQ_INSTS_VALU_MFMA_MOPS_BF16",1572864.000000,7891915794703,7891915813025
2143,45818,"Agent 1",4,1,1,65536,9122,"fused_moe_kernel",256,0,0,80,0,48,"SQ_INSTS_VALU_MFMA_MOPS_BF16",786432.000000,7891917542878,7891917553663
2143,45833,"Agent 1",4,1,1,49152,9121,"fused_moe_kernel",256,0,0,80,0,48,"FETCH_SIZE",49196.500000,7891929266815,7891929284856
2143,45835,"Agent 1",4,1,1,65536,9122,"fused_moe_kernel",256,0,0,80,0,48,"FETCH_SIZE",24707.000000,7891930141520,7891930151583
2143,45850,"Agent 1",4,1,1,49152,9121,"fused_moe_kernel",256,0,0,80,0,48,"FETCH_SIZE",49193.000000,7891937237254,7891937254533
2143,45852,"Agent 1",4,1,1,65536,9122,"fused_moe_kernel",256,0,0,80,0,48,"FETCH_SIZE",24707.000000,7891938681257,7891938691560
2143,45867,"Agent 1",4,1,1,49152,9121,"fused_moe_kernel",256,0,0,80,0,48,"FETCH_SIZE",49196.000000,7891947664322,7891947682323
2143,45869,"Agent 1",4,1,1,65536,9122,"fused_moe_kernel",256,0,0,80,0,48,"FETCH_SIZE",24707.000000,7891948911638,7891948921420
2143,45884,"Agent 1",4,1,1,49152,9121,"fused_moe_kernel",256,0,0,80,0,48,"FETCH_SIZE",49195.250000,7891949526275,7891949544276
2143,45886,"Agent 1",4,1,1,65536,9122,"fused_moe_kernel",256,0,0,80,0,48,"FETCH_SIZE",24707.000000,7891949642379,7891949652723
2143,45901,"Agent 1",4,1,1,49152,9121,"fused_moe_kernel",256,0,0,80,0,48,"WRITE_SIZE",24.000000,7891950070834,7891950089235
2143,45903,"Agent 1",4,1,1,65536,9122,"fused_moe_kernel",256,0,0,80,0,48,"WRITE_SIZE",32.000000,7891950169939,7891950179481
2143,45918,"Agent 1",4,1,1,49152,9121,"fused_moe_kernel",256,0,0,80,0,48,"WRITE_SIZE",24.000000,7891950574459,7891950591858
2143,45920,"Agent 1",4,1,1,65536,9122,"fused_moe_kernel",256,0,0,80,0,48,"WRITE_SIZE",32.000000,7891950682344,7891950692808
2143,45935,"Agent 1",4,1,1,49152,9121,"fused_moe_kernel",256,0,0,80,0,48,"WRITE_SIZE",24.000000,7891951100054,7891951117894
2143,45937,"Agent 1",4,1,1,65536,9122,"fused_moe_kernel",256,0,0,80,0,48,"WRITE_SIZE",32.000000,7891951203649,7891951213031
2143,45952,"Agent 1",4,1,1,49152,9121,"fused_moe_kernel",256,0,0,80,0,48,"WRITE_SIZE",24.000000,7891951592694,7891951610775
2143,45954,"Agent 1",4,1,1,65536,9122,"fused_moe_kernel",256,0,0,80,0,48,"WRITE_SIZE",32.000000,7891951694565,7891951704829
2143,45969,"Agent 1",4,1,1,49152,9121,"fused_moe_kernel",256,0,0,80,0,48,"SQ_INSTS_VALU_MFMA_MOPS_BF16",1572864.000000,7891952100288,7891952117647
2143,45971,"Agent 1",4,1,1,65536,9122,"fused_moe_kernel",256,0,0,80,0,48,"SQ_INSTS_VALU_MFMA_MOPS_BF16",786432.000000,7891952188007,7891952197990
2143,45986,"Agent 1",4,1,1,49152,9121,"fused_moe_kernel",256,0,0,80,0,48,"SQ_INSTS_VALU_MFMA_MOPS_BF16",1572864.000000,7891952578535,7891952596617
2143,45988,"Agent 1",4,1,1,65536,9122,"fused_moe_kernel",256,0,0,80,0,48,"SQ_INSTS_VALU_MFMA_MOPS_BF16",786432.000000,7891952661404,7891952671507
2143,46003,"Agent 1",4,1,1,49152,9121,"fused_moe_kernel",256,0,0,80,0,48,"SQ_INSTS_VALU_MFMA_MOPS_BF16",1572864.000000,7891953042991,7891953061073
2143,46005,"Agent 1",4,1,1,65536,9122,"fused_moe_kernel",256,0,0,80,0,48,"SQ_INSTS_VALU_MFMA_MOPS_BF16",786432.000000,7891953131112,7891953140814
2144,46020,"Agent 1",4,1,1,49152,9121,"fused_moe_kernel",256,0,0,80,0,48,"SQ_INSTS_VALU_MFMA_MOPS_BF16",1572864.000000,7891953514183,7891953532063
2144,46022,"Agent 1",4,1,1,65536,9122,"fused_moe_kernel",256,0,0,80,0,48,"SQ_INSTS_VALU_MFMA_MOPS_BF16",786432.000000,7891953597532,7891953607916
2144,46037,"Agent 1",4,1,1,49152,9121,"fused_moe_kernel",256,0,0,80,0,48,"FETCH_SIZE",49194.500000,7891953979521,7891953997682
2144,46039,"Agent 1",4,1,1,65536,9122,"fused_moe_kernel",256,0,0,80,0,48,"FETCH_SIZE",24707.000000,7891954094743,7891954104685
2144,46054,"Agent 1",4,1,1,49152,9121,"fused_moe_kernel",256,0,0,80,0,48,"FETCH_SIZE",49195.000000,7891954528409,7891954546610
2144,46056,"Agent 1",4,1,1,65536,9122,"fused_moe_kernel",256,0,0,80,0,48,"FETCH_SIZE",24707.000000,7891954642508,7891954652170
2144,46071,"Agent 1",4,1,1,49152,9121,"fused_moe_kernel",256,0,0,80,0,48,"FETCH_SIZE",49197.000000,7891955067875,7891955085756
2144,46073,"Agent 1",4,1,1,65536,9122,"fused_moe_kernel",256,0,0,80,0,48,"FETCH_SIZE",24707.000000,7891955184461,7891955195365
2144,46088,"Agent 1",4,1,1,49152,9121,"fused_moe_kernel",256,0,0,80,0,48,"FETCH_SIZE",49196.312500,7891955604135,7891955622176
2144,46090,"Agent 1",4,1,1,65536,9122,"fused_moe_kernel",256,0,0,80,0,48,"FETCH_SIZE",24707.000000,7891955720279,7891955729540
2144,46105,"Agent 1",4,1,1,49152,9121,"fused_moe_kernel",256,0,0,80,0,48,"WRITE_SIZE",24.000000,7891956146728,7891956165010
2144,46107,"Agent 1",4,1,1,65536,9122,"fused_moe_kernel",256,0,0,80,0,48,"WRITE_SIZE",32.000000,7891956247638,7891956258102
2144,46122,"Agent 1",4,1,1,49152,9121,"fused_moe_kernel",256,0,0,80,0,48,"WRITE_SIZE",24.000000,7891956645182,7891956664105
2144,46124,"Agent 1",4,1,1,65536,9122,"fused_moe_kernel",256,0,0,80,0,48,"WRITE_SIZE",32.000000,7891956747895,7891956757357
2144,46139,"Agent 1",4,1,1,49152,9121,"fused_moe_kernel",256,0,0,80,0,48,"WRITE_SIZE",24.000000,7891957148967,7891957167008
2144,46141,"Agent 1",4,1,1,65536,9122,"fused_moe_kernel",256,0,0,80,0,48,"WRITE_SIZE",32.000000,7891957257614,7891957268078
2144,46156,"Agent 1",4,1,1,49152,9121,"fused_moe_kernel",256,0,0,80,0,48,"WRITE_SIZE",24.000000,7891957656962,7891957674602
2144,46158,"Agent 1",4,1,1,65536,9122,"fused_moe_kernel",256,0,0,80,0,48,"WRITE_SIZE",32.000000,7891957762723,7891957772625
2144,46173,"Agent 1",4,1,1,49152,9121,"fused_moe_kernel",256,0,0,80,0,48,"SQ_INSTS_VALU_MFMA_MOPS_BF16",1572864.000000,7891958175782,7891958193783
2144,46175,"Agent 1",4,1,1,65536,9122,"fused_moe_kernel",256,0,0,80,0,48,"SQ_INSTS_VALU_MFMA_MOPS_BF16",786432.000000,7891958257087,7891958267430
2144,46190,"Agent 1",4,1,1,49152,9121,"fused_moe_kernel",256,0,0,80,0,48,"SQ_INSTS_VALU_MFMA_MOPS_BF16",1572864.000000,7891958634064,7891958652065
2144,46192,"Agent 1",4,1,1,65536,9122,"fused_moe_kernel",256,0,0,80,0,48,"SQ_INSTS_VALU_MFMA_MOPS_BF16",786432.000000,7891958719578,7891958729521
2144,46207,"Agent 1",4,1,1,49152,9121,"fused_moe_kernel",256,0,0,80,0,48,"SQ_INSTS_VALU_MFMA_MOPS_BF16",1572864.000000,7891959114597,7891959132357
2144,46209,"Agent 1",4,1,1,65536,9122,"fused_moe_kernel",256,0,0,80,0,48,"SQ_INSTS_VALU_MFMA_MOPS_BF16",786432.000000,7891959199830,7891959209973
2144,46224,"Agent 1",4,1,1,49152,9121,"fused_moe_kernel",256,0,0,80,0,48,"SQ_INSTS_VALU_MFMA_MOPS_BF16",1572864.000000,7891959580616,7891959598858
2144,46226,"Agent 1",4,1,1,65536,9122,"fused_moe_kernel",256,0,0,80,0,48,"SQ_INSTS_VALU_MFMA_MOPS_BF16",786432.000000,7891959669298,7891959679160
2144,46241,"Agent 1",4,1,1,49152,9121,"fused_moe_kernel",256,0,0,80,0,48,"FETCH_SIZE",49196.625000,7891960034047,7891960052088
2144,46243,"Agent 1",4,1,1,65536,9122,"fused_moe_kernel",256,0,0,80,0,48,"FETCH_SIZE",24707.000000,7891960146984,7891960156967
2144,46258,"Agent 1",4,1,1,49152,9121,"fused_moe_kernel",256,0,0,80,0,48,"FETCH_SIZE",49194.875000,7891960555513,7891960573474
2144,46260,"Agent 1",4,1,1,65536,9122,"fused_moe_kernel",256,0,0,80,0,48,"FETCH_SIZE",24707.000000,7891960666044,7891960675185
2145,46275,"Agent 1",4,1,1,49152,9121,"fused_moe_kernel",256,0,0,80,0,48,"FETCH_SIZE",49195.750000,7891961095581,7891961113301
2145,46277,"Agent 1",4,1,1,65536,9122,"fused_moe_kernel",256,0,0,80,0,48,"FETCH_SIZE",24707.000000,7891961216215,7891961225196
2145,46292,"Agent 1",4,1,1,49152,9121,"fused_moe_kernel",256,0,0,80,0,48,"FETCH_SIZE",49195.250000,7891961627791,7891961645752
2145,46294,"Agent 1",4,1,1,65536,9122,"fused_moe_kernel",256,0,0,80,0,48,"FETCH_SIZE",24707.000000,7891961743253,7891961753517
2145,46309,"Agent 1",4,1,1,49152,9121,"fused_moe_kernel",256,0,0,80,0,48,"WRITE_SIZE",24.000000,7891962155350,7891962173913
2145,46311,"Agent 1",4,1,1,65536,9122,"fused_moe_kernel",256,0,0,80,0,48,"WRITE_SIZE",32.000000,7891962259988,7891962269450
2145,46326,"Agent 1",4,1,1,49152,9121,"fused_moe_kernel",256,0,0,80,0,48,"WRITE_SIZE",24.000000,7891962665270,7891962682349
2145,46328,"Agent 1",4,1,1,65536,9122,"fused_moe_kernel",256,0,0,80,0,48,"WRITE_SIZE",32.000000,7891962763253,7891962773596
2145,46343,"Agent 1",4,1,1,49152,9121,"fused_moe_kernel",256,0,0,80,0,48,"WRITE_SIZE",24.000000,7891963175951,7891963193511
2145,46345,"Agent 1",4,1,1,65536,9122,"fused_moe_kernel",256,0,0,80,0,48,"WRITE_SIZE",32.000000,7891963277261,7891963287525
2145,46360,"Agent 1",4,1,1,49152,9121,"fused_moe_kernel",256,0,0,80,0,48,"WRITE_SIZE",24.000000,7891963671077,7891963689479
2145,46362,"Agent 1",4,1,1,65536,9122,"fused_moe_kernel",256,0,0,80,0,48,"WRITE_SIZE",32.000000,7891963773871,7891963784054
2145,46377,"Agent 1",4,1,1,49152,9121,"fused_moe_kernel",256,0,0,80,0,48,"SQ_INSTS_VALU_MFMA_MOPS_BF16",1572864.000000,7891964179192,7891964197514
2145,46379,"Agent 1",4,1,1,65536,9122,"fused_moe_kernel",256,0,0,80,0,48,"SQ_INSTS_VALU_MFMA_MOPS_BF16",786432.000000,7891964264707,7891964274168
2145,46394,"Agent 1",4,1,1,49152,9121,"fused_moe_kernel",256,0,0,80,0,48,"SQ_INSTS_VALU_MFMA_MOPS_BF16",1572864.000000,7891964648058,7891964666260
2145,46396,"Agent 1",4,1,1,65536,9122,"fused_moe_kernel",256,0,0,80,0,48,"SQ_INSTS_VALU_MFMA_MOPS_BF16",786432.000000,7891964733332,7891964742914
2145,46411,"Agent 1",4,1,1,49152,9121,"fused_moe_kernel",256,0,0,80,0,48,"SQ_INSTS_VALU_MFMA_MOPS_BF16",1572864.000000,7891965107783,7891965125624
2145,46413,"Agent 1",4,1,1,65536,9122,"fused_moe_kernel",256,0,0,80,0,48,"SQ_INSTS_VALU_MFMA_MOPS_BF16",786432.000000,7891965192897,7891965202639
2145,46428,"Agent 1",4,1,1,49152,9121,"fused_moe_kernel",256,0,0,80,0,48,"SQ_INSTS_VALU_MFMA_MOPS_BF16",1572864.000000,7891965566827,7891965584668
2145,46430,"Agent 1",4,1,1,65536,9122,"fused_moe_kernel",256,0,0,80,0,48,"SQ_INSTS_VALU_MFMA_MOPS_BF16",786432.000000,7891965647771,7891965657393
2145,46445,"Agent 1",4,1,1,49152,9121,"fused_moe_kernel",256,0,0,80,0,48,"FETCH_SIZE",49195.250000,7891966016610,7891966034972
2145,46447,"Agent 1",4,1,1,65536,9122,"fused_moe_kernel",256,0,0,80,0,48,"FETCH_SIZE",24707.000000,7891966126700,7891966136202
2145,46462,"Agent 1",4,1,1,49152,9121,"fused_moe_kernel",256,0,0,80,0,48,"FETCH_SIZE",49194.250000,7891966524324,7891966542365
2145,46464,"Agent 1",4,1,1,65536,9122,"fused_moe_kernel",256,0,0,80,0,48,"FETCH_SIZE",24707.000000,7891966636700,7891966646923
2145,46479,"Agent 1",4,1,1,49152,9121,"fused_moe_kernel",256,0,0,80,0,48,"FETCH_SIZE",49195.000000,7891967048837,7891967067038
2145,46481,"Agent 1",4,1,1,65536,9122,"fused_moe_kernel",256,0,0,80,0,48,"FETCH_SIZE",24707.000000,7891967159929,7891967170233
2145,46496,"Agent 1",4,1,1,49152,9121,"fused_moe_kernel",256,0,0,80,0,48,"FETCH_SIZE",49195.000000,7891967549415,7891967567055
2145,46498,"Agent 1",4,1,1,65536,9122,"fused_moe_kernel",256,0,0,80,0,48,"FETCH_SIZE",24707.500000,7891967660989,7891967670811
2145,46513,"Agent 1",4,1,1,49152,9121,"fused_moe_kernel",256,0,0,80,0,48,"WRITE_SIZE",24.000000,7891968063905,7891968082227
2145,46515,"Agent 1",4,1,1,65536,9122,"fused_moe_kernel",256,0,0,80,0,48,"WRITE_SIZE",32.000000,7891968165536,7891968175358
2146,46530,"Agent 1",4,1,1,49152,9121,"fused_moe_kernel",256,0,0,80,0,48,"WRITE_SIZE",24.000000,7891968554220,7891968572140
2146,46532,"Agent 1",4,1,1,65536,9122,"fused_moe_kernel",256,0,0,80,0,48,"WRITE_SIZE",32.000000,7891968654087,7891968663989
2146,46547,"Agent 1",4,1,1,49152,9121,"fused_moe_kernel",256,0,0,80,0,48,"WRITE_SIZE",24.000000,7891969042289,7891969060451
2146,46549,"Agent 1",4,1,1,65536,9122,"fused_moe_kernel",256,0,0,80,0,48,"WRITE_SIZE",32.000000,7891969143399,7891969153021
2146,46564,"Agent 1",4,1,1,49152,9121,"fused_moe_kernel",256,0,0,80,0,48,"WRITE_SIZE",24.000000,7891969523784,7891969541705
2146,46566,"Agent 1",4,1,1,65536,9122,"fused_moe_kernel",256,0,0,80,0,48,"WRITE_SIZE",32.000000,7891969623852,7891969633434
2177,46611,"Agent 1",4,1,1,49152,9121,"fused_moe_kernel",256,0,0,80,0,48,"SQ_INSTS_VALU_MFMA_MOPS_BF16",1572864.000000,7891970982982,7891971001143
2177,46613,"Agent 1",4,1,1,65536,9122,"fused_moe_kernel",256,0,0,80,0,48,"SQ_INSTS_VALU_MFMA_MOPS_BF16",786432.000000,7891971072987,7891971081807
2177,46628,"Agent 1",4,1,1,49152,9121,"fused_moe_kernel",256,0,0,80,0,48,"SQ_INSTS_VALU_MFMA_MOPS_BF16",1572864.000000,7891971713202,7891971731444
2177,46630,"Agent 1",4,1,1,65536,9122,"fused_moe_kernel",256,0,0,80,0,48,"SQ_INSTS_VALU_MFMA_MOPS_BF16",786432.000000,7891971828464,7891971838648
2177,46645,"Agent 1",4,1,1,49152,9121,"fused_moe_kernel",256,0,0,80,0,48,"SQ_INSTS_VALU_MFMA_MOPS_BF16",1572864.000000,7891977267632,7891977286033
2177,46647,"Agent 1",4,1,1,65536,9122,"fused_moe_kernel",256,0,0,80,0,48,"SQ_INSTS_VALU_MFMA_MOPS_BF16",786432.000000,7891978899542,7891978909605
2177,46662,"Agent 1",4,1,1,49152,9121,"fused_moe_kernel",256,0,0,80,0,48,"SQ_INSTS_VALU_MFMA_MOPS_BF16",1572864.000000,7891994013196,7891994031477
2177,46664,"Agent 1",4,1,1,65536,9122,"fused_moe_kernel",256,0,0,80,0,48,"SQ_INSTS_VALU_MFMA_MOPS_BF16",786432.000000,7891995771553,7891995781175
2177,46679,"Agent 1",4,1,1,49152,9121,"fused_moe_kernel",256,0,0,80,0,48,"FETCH_SIZE",49195.875000,7892007555306,7892007572826
2177,46681,"Agent 1",4,1,1,65536,9122,"fused_moe_kernel",256,0,0,80,0,48,"FETCH_SIZE",24707.000000,7892009246431,7892009256213
2177,46696,"Agent 1",4,1,1,49152,9121,"fused_moe_kernel",256,0,0,80,0,48,"FETCH_SIZE",49194.250000,7892019683763,7892019701603
2177,46698,"Agent 1",4,1,1,65536,9122,"fused_moe_kernel",256,0,0,80,0,48,"FETCH_SIZE",24707.000000,7892019811052,7892019821035
2177,46713,"Agent 1",4,1,1,49152,9121,"fused_moe_kernel",256,0,0,80,0,48,"FETCH_SIZE",49196.250000,7892020386400,7892020404160
2177,46715,"Agent 1",4,1,1,65536,9122,"fused_moe_kernel",256,0,0,80,0,48,"FETCH_SIZE",24707.062500,7892020511244,7892020521227
2177,46730,"Agent 1",4,1,1,49152,9121,"fused_moe_kernel",256,0,0,80,0,48,"FETCH_SIZE",49193.500000,7892020934807,7892020953049
2177,46732,"Agent 1",4,1,1,65536,9122,"fused_moe_kernel",256,0,0,80,0,48,"FETCH_SIZE",24707.000000,7892021060292,7892021069794
2177,46747,"Agent 1",4,1,1,49152,9121,"fused_moe_kernel",256,0,0,80,0,48,"WRITE_SIZE",24.000000,7892021491713,7892021509794
2177,46749,"Agent 1",4,1,1,65536,9122,"fused_moe_kernel",256,0,0,80,0,48,"WRITE_SIZE",32.000000,7892021591300,7892021601323
2177,46764,"Agent 1",4,1,1,49152,9121,"fused_moe_kernel",256,0,0,80,0,48,"WRITE_SIZE",24.000000,7892022003397,7892022021478
2177,46766,"Agent 1",4,1,1,65536,9122,"fused_moe_kernel",256,0,0,80,0,48,"WRITE_SIZE",32.000000,7892022109598,7892022119862
2177,46781,"Agent 1",4,1,1,49152,9121,"fused_moe_kernel",256,0,0,80,0,48,"WRITE_SIZE",24.000000,7892022510991,7892022529032
2177,46783,"Agent 1",4,1,1,65536,9122,"fused_moe_kernel",256,0,0,80,0,48,"WRITE_SIZE",32.000000,7892022616872,7892022627335
2177,46798,"Agent 1",4,1,1,49152,9121,"fused_moe_kernel",256,0,0,80,0,48,"WRITE_SIZE",24.000000,7892023022354,7892023039753
2177,46800,"Agent 1",4,1,1,65536,9122,"fused_moe_kernel",256,0,0,80,0,48,"WRITE_SIZE",32.000000,7892023126591,7892023136573
2177,46815,"Agent 1",4,1,1,49152,9121,"fused_moe_kernel",256,0,0,80,0,48,"SQ_INSTS_VALU_MFMA_MOPS_BF16",1572864.000000,7892023537605,7892023555245
2177,46817,"Agent 1",4,1,1,65536,9122,"fused_moe_kernel",256,0,0,80,0,48,"SQ_INSTS_VALU_MFMA_MOPS_BF16",786432.000000,7892023625445,7892023635588
2177,46832,"Agent 1",4,1,1,49152,9121,"fused_moe_kernel",256,0,0,80,0,48,"SQ_INSTS_VALU_MFMA_MOPS_BF16",1572864.000000,7892024018298,7892024036419
2177,46834,"Agent 1",4,1,1,65536,9122,"fused_moe_kernel",256,0,0,80,0,48,"SQ_INSTS_VALU_MFMA_MOPS_BF16",786432.000000,7892024099362,7892024109505
2177,46849,"Agent 1",4,1,1,49152,9121,"fused_moe_kernel",256,0,0,80,0,48,"SQ_INSTS_VALU_MFMA_MOPS_BF16",1572864.000000,7892024475297,7892024493779
2177,46851,"Agent 1",4,1,1,65536,9122,"fused_moe_kernel",256,0,0,80,0,48,"SQ_INSTS_VALU_MFMA_MOPS_BF16",786432.000000,7892024562736,7892024572919
2178,46866,"Agent 1",4,1,1,49152,9121,"fused_moe_kernel",256,0,0,80,0,48,"SQ_INSTS_VALU_MFMA_MOPS_BF16",1572864.000000,7892024946529,7892024964489
2178,46868,"Agent 1",4,1,1,65536,9122,"fused_moe_kernel",256,0,0,80,0,48,"SQ_INSTS_VALU_MFMA_MOPS_BF16",786432.000000,7892025040342,7892025049763
2178,46883,"Agent 1",4,1,1,49152,9121,"fused_moe_kernel",256,0,0,80,0,48,"FETCH_SIZE",49194.750000,7892025420727,7892025438567
2178,46885,"Agent 1",4,1,1,65536,9122,"fused_moe_kernel",256,0,0,80,0,48,"FETCH_SIZE",24707.000000,7892025534305,7892025543807
2178,46900,"Agent 1",4,1,1,49152,9121,"fused_moe_kernel",256,0,0,80,0,48,"FETCH_SIZE",49196.125000,7892025938504,7892025957307
2178,46902,"Agent 1",4,1,1,65536,9122,"fused_moe_kernel",256,0,0,80,0,48,"FETCH_SIZE",24707.000000,7892026062065,7892026071607
2178,46917,"Agent 1",4,1,1,49152,9121,"fused_moe_kernel",256,0,0,80,0,48,"FETCH_SIZE",49194.812500,7892026466625,7892026484626
2178,46919,"Agent 1",4,1,1,65536,9122,"fused_moe_kernel",256,0,0,80,0,48,"FETCH_SIZE",24707.000000,7892026580524,7892026590707
2178,46934,"Agent 1",4,1,1,49152,9121,"fused_moe_kernel",256,0,0,80,0,48,"FETCH_SIZE",49195.562500,7892026999517,7892027017918
2178,46936,"Agent 1",4,1,1,65536,9122,"fused_moe_kernel",256,0,0,80,0,48,"FETCH_SIZE",24707.000000,7892027116944,7892027127006
2178,46951,"Agent 1",4,1,1,49152,9121,"fused_moe_kernel",256,0,0,80,0,48,"WRITE_SIZE",24.000000,7892027518978,7892027537500
2178,46953,"Agent 1",4,1,1,65536,9122,"fused_moe_kernel",256,0,0,80,0,48,"WRITE_SIZE",32.000000,7892027623215,7892027632395
2178,46968,"Agent 1",4,1,1,49152,9121,"fused_moe_kernel",256,0,0,80,0,48,"WRITE_SIZE",24.000000,7892028031102,7892028049183
2178,46970,"Agent 1",4,1,1,65536,9122,"fused_moe_kernel",256,0,0,80,0,48,"WRITE_SIZE",32.000000,7892028142756,7892028152859
2178,46985,"Agent 1",4,1,1,49152,9121,"fused_moe_kernel",256,0,0,80,0,48,"WRITE_SIZE",24.000000,7892028542705,7892028560466
2178,46987,"Agent 1",4,1,1,65536,9122,"fused_moe_kernel",256,0,0,80,0,48,"WRITE_SIZE",32.000000,7892028652836,7892028662778
2178,47002,"Agent 1",4,1,1,49152,9121,"fused_moe_kernel",256,0,0,80,0,48,"WRITE_SIZE",24.000000,7892029068381,7892029086181
2178,47004,"Agent 1",4,1,1,65536,9122,"fused_moe_kernel",256,0,0,80,0,48,"WRITE_SIZE",32.000000,7892029170733,7892029181197
2178,47019,"Agent 1",4,1,1,49152,9121,"fused_moe_kernel",256,0,0,80,0,48,"SQ_INSTS_VALU_MFMA_MOPS_BF16",1572864.000000,7892029562063,7892029579823
2178,47021,"Agent 1",4,1,1,65536,9122,"fused_moe_kernel",256,0,0,80,0,48,"SQ_INSTS_VALU_MFMA_MOPS_BF16",786432.000000,7892029644851,7892029654834
2178,47036,"Agent 1",4,1,1,49152,9121,"fused_moe_kernel",256,0,0,80,0,48,"SQ_INSTS_VALU_MFMA_MOPS_BF16",1572864.000000,7892030008919,7892030026760
2178,47038,"Agent 1",4,1,1,65536,9122,"fused_moe_kernel",256,0,0,80,0,48,"SQ_INSTS_VALU_MFMA_MOPS_BF16",786432.000000,7892030095716,7892030104697
2178,47053,"Agent 1",4,1,1,49152,9121,"fused_moe_kernel",256,0,0,80,0,48,"SQ_INSTS_VALU_MFMA_MOPS_BF16",1572864.000000,7892030472092,7892030490815
2178,47055,"Agent 1",4,1,1,65536,9122,"fused_moe_kernel",256,0,0,80,0,48,"SQ_INSTS_VALU_MFMA_MOPS_BF16",786432.000000,7892030556444,7892030566306
2178,47070,"Agent 1",4,1,1,49152,9121,"fused_moe_kernel",256,0,0,80,0,48,"SQ_INSTS_VALU_MFMA_MOPS_BF16",1572864.000000,7892030928249,7892030945809
2178,47072,"Agent 1",4,1,1,65536,9122,"fused_moe_kernel",256,0,0,80,0,48,"SQ_INSTS_VALU_MFMA_MOPS_BF16",786432.000000,7892031013002,7892031023025
2178,47087,"Agent 1",4,1,1,49152,9121,"fused_moe_kernel",256,0,0,80,0,48,"FETCH_SIZE",49194.250000,7892031404131,7892031421932
2178,47089,"Agent 1",4,1,1,65536,9122,"fused_moe_kernel",256,0,0,80,0,48,"FETCH_SIZE",24707.000000,7892031518511,7892031527973
2178,47104,"Agent 1",4,1,1,49152,9121,"fused_moe_kernel",256,0,0,80,0,48,"FETCH_SIZE",49195.250000,7892031915975,7892031932854
2178,47106,"Agent 1",4,1,1,65536,9122,"fused_moe_kernel",256,0,0,80,0,48,"FETCH_SIZE",24707.000000,7892032030435,7892032040097
2179,47121,"Agent 1",4,1,1,49152,9121,"fused_moe_kernel",256,0,0,80,0,48,"FETCH_SIZE",49193.750000,7892032442091,7892032460253
2179,47123,"Agent 1",4,1,1,65536,9122,"fused_moe_kernel",256,0,0,80,0,48,"FETCH_SIZE",24707.000000,7892032552863,7892032563287
2179,47138,"Agent 1",4,1,1,49152,9121,"fused_moe_kernel",256,0,0,80,0,48,"FETCH_SIZE",49194.000000,7892032958907,7892032977028
2179,47140,"Agent 1",4,1,1,65536,9122,"fused_moe_kernel",256,0,0,80,0,48,"FETCH_SIZE",24707.000000,7892033075291,7892033085274
2179,47155,"Agent 1",4,1,1,49152,9121,"fused_moe_kernel",256,0,0,80,0,48,"WRITE_SIZE",24.000000,7892033487428,7892033505389
2179,47157,"Agent 1",4,1,1,65536,9122,"fused_moe_kernel",256,0,0,80,0,48,"WRITE_SIZE",32.000000,7892033591585,7892033600886
2179,47172,"Agent 1",4,1,1,49152,9121,"fused_moe_kernel",256,0,0,80,0,48,"WRITE_SIZE",24.000000,7892033986603,7892034004123
2179,47174,"Agent 1",4,1,1,65536,9122,"fused_moe_kernel",256,0,0,80,0,48,"WRITE_SIZE",32.000000,7892034089277,7892034098698
2179,47189,"Agent 1",4,1,1,49152,9121,"fused_moe_kernel",256,0,0,80,0,48,"WRITE_SIZE",24.000000,7892034489467,7892034507067
2179,47191,"Agent 1",4,1,1,65536,9122,"fused_moe_kernel",256,0,0,80,0,48,"WRITE_SIZE",32.000000,7892034591378,7892034600880
2179,47206,"Agent 1",4,1,1,49152,9121,"fused_moe_kernel",256,0,0,80,0,48,"WRITE_SIZE",24.000000,7892034982387,7892034999947
2179,47208,"Agent 1",4,1,1,65536,9122,"fused_moe_kernel",256,0,0,80,0,48,"WRITE_SIZE",32.000000,7892035089110,7892035098692
2179,47223,"Agent 1",4,1,1,49152,9121,"fused_moe_kernel",256,0,0,80,0,48,"SQ_INSTS_VALU_MFMA_MOPS_BF16",1572864.000000,7892035492267,7892035509867
2179,47225,"Agent 1",4,1,1,65536,9122,"fused_moe_kernel",256,0,0,80,0,48,"SQ_INSTS_VALU_MFMA_MOPS_BF16",786432.000000,7892035577380,7892035586922
2179,47240,"Agent 1",4,1,1,49152,9121,"fused_moe_kernel",256,0,0,80,0,48,"SQ_INSTS_VALU_MFMA_MOPS_BF16",1572864.000000,7892035959088,7892035977209
2179,47242,"Agent 1",4,1,1,65536,9122,"fused_moe_kernel",256,0,0,80,0,48,"SQ_INSTS_VALU_MFMA_MOPS_BF16",786432.000000,7892036044843,7892036054505
2179,47257,"Agent 1",4,1,1,49152,9121,"fused_moe_kernel",256,0,0,80,0,48,"SQ_INSTS_VALU_MFMA_MOPS_BF16",1572864.000000,7892036425749,7892036444111
2179,47259,"Agent 1",4,1,1,65536,9122,"fused_moe_kernel",256,0,0,80,0,48,"SQ_INSTS_VALU_MFMA_MOPS_BF16",786432.000000,7892036508016,7892036517718
2179,47274,"Agent 1",4,1,1,49152,9121,"fused_moe_kernel",256,0,0,80,0,48,"SQ_INSTS_VALU_MFMA_MOPS_BF16",1572864.000000,7892036882788,7892036900709
2179,47276,"Agent 1",4,1,1,65536,9122,"fused_moe_kernel",256,0,0,80,0,48,"SQ_INSTS_VALU_MFMA_MOPS_BF16",786432.000000,7892036965817,7892036976161
2179,47291,"Agent 1",4,1,1,49152,9121,"fused_moe_kernel",256,0,0,80,0,48,"FETCH_SIZE",49195.500000,7892037342313,7892037360194
2179,47293,"Agent 1",4,1,1,65536,9122,"fused_moe_kernel",256,0,0,80,0,48,"FETCH_SIZE",24707.000000,7892037453726,7892037463829
2179,47308,"Agent 1",4,1,1,49152,9121,"fused_moe_kernel",256,0,0,80,0,48,"FETCH_SIZE",49196.500000,7892037852513,7892037870835
2179,47310,"Agent 1",4,1,1,65536,9122,"fused_moe_kernel",256,0,0,80,0,48,"FETCH_SIZE",24707.000000,7892037965370,7892037975353
2179,47325,"Agent 1",4,1,1,49152,9121,"fused_moe_kernel",256,0,0,80,0,48,"FETCH_SIZE",49195.750000,7892038361992,7892038380153
2179,47327,"Agent 1",4,1,1,65536,9122,"fused_moe_kernel",256,0,0,80,0,48,"FETCH_SIZE",24707.000000,7892038473445,7892038483508
2179,47342,"Agent 1",4,1,1,49152,9121,"fused_moe_kernel",256,0,0,80,0,48,"FETCH_SIZE",49195.500000,7892038870748,7892038889391
2179,47344,"Agent 1",4,1,1,65536,9122,"fused_moe_kernel",256,0,0,80,0,48,"FETCH_SIZE",24707.000000,7892038981480,7892038991303
2179,47359,"Agent 1",4,1,1,49152,9121,"fused_moe_kernel",256,0,0,80,0,48,"WRITE_SIZE",24.000000,7892039381309,7892039399110
2179,47361,"Agent 1",4,1,1,65536,9122,"fused_moe_kernel",256,0,0,80,0,48,"WRITE_SIZE",32.000000,7892039479172,7892039489355
2180,47376,"Agent 1",4,1,1,49152,9121,"fused_moe_kernel",256,0,0,80,0,48,"WRITE_SIZE",24.000000,7892039865009,7892039882649
2180,47378,"Agent 1",4,1,1,65536,9122,"fused_moe_kernel",256,0,0,80,0,48,"WRITE_SIZE",32.000000,7892039965999,7892039975099
2180,47393,"Agent 1",4,1,1,49152,9121,"fused_moe_kernel",256,0,0,80,0,48,"WRITE_SIZE",24.000000,7892040365427,7892040383548
2180,47395,"Agent 1",4,1,1,65536,9122,"fused_moe_kernel",256,0,0,80,0,48,"WRITE_SIZE",32.000000,7892040466938,7892040476439
2180,47410,"Agent 1",4,1,1,49152,9121,"fused_moe_kernel",256,0,0,80,0,48,"WRITE_SIZE",24.000000,7892040846481,7892040865083
2180,47412,"Agent 1",4,1,1,65536,9122,"fused_moe_kernel",256,0,0,80,0,48,"WRITE_SIZE",32.000000,7892040947150,7892040956932
2211,47457,"Agent 1",4,1,1,49152,9121,"fused_moe_kernel",256,0,0,80,0,48,"SQ_INSTS_VALU_MFMA_MOPS_BF16",1572864.000000,7892042276091,7892042293972
2211,47459,"Agent 1",4,1,1,65536,9122,"fused_moe_kernel",256,0,0,80,0,48,"SQ_INSTS_VALU_MFMA_MOPS_BF16",786432.000000,7892042418295,7892042428598
2211,47474,"Agent 1",4,1,1,49152,9121,"fused_moe_kernel",256,0,0,80,0,48,"SQ_INSTS_VALU_MFMA_MOPS_BF16",1572864.000000,7892043029123,7892043047004
2211,47476,"Agent 1",4,1,1,65536,9122,"fused_moe_kernel",256,0,0,80,0,48,"SQ_INSTS_VALU_MFMA_MOPS_BF16",786432.000000,7892043114758,7892043124580
2211,47491,"Agent 1",4,1,1,49152,9121,"fused_moe_kernel",256,0,0,80,0,48,"SQ_INSTS_VALU_MFMA_MOPS_BF16",1572864.000000,7892043548464,7892043567067
2211,47493,"Agent 1",4,1,1,65536,9122,"fused_moe_kernel",256,0,0,80,0,48,"SQ_INSTS_VALU_MFMA_MOPS_BF16",786432.000000,7892043896415,7892043906799
2211,47508,"Agent 1",4,1,1,49152,9121,"fused_moe_kernel",256,0,0,80,0,48,"SQ_INSTS_VALU_MFMA_MOPS_BF16",1572864.000000,7892054692683,7892054711085
2211,47510,"Agent 1",4,1,1,65536,9122,"fused_moe_kernel",256,0,0,80,0,48,"SQ_INSTS_VALU_MFMA_MOPS_BF16",786432.000000,7892056325676,7892056335498
2211,47525,"Agent 1",4,1,1,49152,9121,"fused_moe_kernel",256,0,0,80,0,48,"FETCH_SIZE",49195.750000,7892068057702,7892068075302
2211,47527,"Agent 1",4,1,1,65536,9122,"fused_moe_kernel",256,0,0,80,0,48,"FETCH_SIZE",24707.000000,7892069858476,7892069869020
2211,47542,"Agent 1",4,1,1,49152,9121,"fused_moe_kernel",256,0,0,80,0,48,"FETCH_SIZE",49193.750000,7892079965537,7892079983698
2211,47544,"Agent 1",4,1,1,65536,9122,"fused_moe_kernel",256,0,0,80,0,48,"FETCH_SIZE",24707.000000,7892081660190,7892081670052
2211,47559,"Agent 1",4,1,1,49152,9121,"fused_moe_kernel",256,0,0,80,0,48,"FETCH_SIZE",49194.000000,7892091131405,7892091149406
2211,47561,"Agent 1",4,1,1,65536,9122,"fused_moe_kernel",256,0,0,80,0,48,"FETCH_SIZE",24707.000000,7892091244743,7892091255447
2211,47576,"Agent 1",4,1,1,49152,9121,"fused_moe_kernel",256,0,0,80,0,48,"FETCH_SIZE",49195.500000,7892091824541,7892091842382
2211,47578,"Agent 1",4,1,1,65536,9122,"fused_moe_kernel",256,0,0,80,0,48,"FETCH_SIZE",24707.062500,7892091941246,7892091951951
2211,47593,"Agent 1",4,1,1,49152,9121,"fused_moe_kernel",256,0,0,80,0,48,"WRITE_SIZE",24.000000,7892092357954,7892092376155
2211,47595,"Agent 1",4,1,1,65536,9122,"fused_moe_kernel",256,0,0,80,0,48,"WRITE_SIZE",32.000000,7892092463674,7892092473777
2211,47610,"Agent 1",4,1,1,49152,9121,"fused_moe_kernel",256,0,0,80,0,48,"WRITE_SIZE",24.000000,7892092860296,7892092878297
2211,47612,"Agent 1",4,1,1,65536,9122,"fused_moe_kernel",256,0,0,80,0,48,"WRITE_SIZE",32.000000,7892092963892,7892092973714
2211,47627,"Agent 1",4,1,1,49152,9121,"fused_moe_kernel",256,0,0,80,0,48,"WRITE_SIZE",24.000000,7892093371538,7892093390221
2211,47629,"Agent 1",4,1,1,65536,9122,"fused_moe_kernel",256,0,0,80,0,48,"WRITE_SIZE",32.000000,7892093479143,7892093489206
2211,47644,"Agent 1",4,1,1,49152,9121,"fused_moe_kernel",256,0,0,80,0,48,"WRITE_SIZE",24.000000,7892093871996,7892093889837
2211,47646,"Agent 1",4,1,1,65536,9122,"fused_moe_kernel",256,0,0,80,0,48,"WRITE_SIZE",32.000000,7892093977075,7892093987218
2211,47661,"Agent 1",4,1,1,49152,9121,"fused_moe_kernel",256,0,0,80,0,48,"SQ_INSTS_VALU_MFMA_MOPS_BF16",1572864.000000,7892094408416,7892094426818
2211,47663,"Agent 1",4,1,1,65536,9122,"fused_moe_kernel",256,0,0,80,0,48,"SQ_INSTS_VALU_MFMA_MOPS_BF16",786432.000000,7892094493610,7892094503873
2211,47678,"Agent 1",4,1,1,49152,9121,"fused_moe_kernel",256,0,0,80,0,48,"SQ_INSTS_VALU_MFMA_MOPS_BF16",1572864.000000,7892094870066,7892094888628
2211,47680,"Agent 1",4,1,1,65536,9122,"fused_moe_kernel",256,0,0,80,0,48,"SQ_INSTS_VALU_MFMA_MOPS_BF16",786432.000000,7892094955460,7892094965122
2211,47695,"Agent 1",4,1,1,49152,9121,"fused_moe_kernel",256,0,0,80,0,48,"SQ_INSTS_VALU_MFMA_MOPS_BF16",1572864.000000,7892095355048,7892095372769
2211,47697,"Agent 1",4,1,1,65536,9122,"fused_moe_kernel",256,0,0,80,0,48,"SQ_INSTS_VALU_MFMA_MOPS_BF16",786432.000000,7892095443850,7892095454755
2212,47712,"Agent 1",4,1,1,49152,9121,"fused_moe_kernel",256,0,0,80,0,48,"SQ_INSTS_VALU_MFMA_MOPS_BF16",1572864.000000,7892095836263,7892095854263
2212,47714,"Agent 1",4,1,1,65536,9122,"fused_moe_kernel",256,0,0,80,0,48,"SQ_INSTS_VALU_MFMA_MOPS_BF16",786432.000000,7892095922459,7892095932361
2212,47729,"Agent 1",4,1,1,49152,9121,"fused_moe_kernel",256,0,0,80,0,48,"FETCH_SIZE",49195.000000,7892096297551,7892096315833
2212,47731,"Agent 1",4,1,1,65536,9122,"fused_moe_kernel",256,0,0,80,0,48,"FETCH_SIZE",24707.000000,7892096412613,7892096422556
2212,47746,"Agent 1",4,1,1,49152,9121,"fused_moe_kernel",256,0,0,80,0,48,"FETCH_SIZE",49196.750000,7892096821222,7892096839704
2212,47748,"Agent 1",4,1,1,65536,9122,"fused_moe_kernel",256,0,0,80,0,48,"FETCH_SIZE",24707.000000,7892096932595,7892096942257
2212,47763,"Agent 1",4,1,1,49152,9121,"fused_moe_kernel",256,0,0,80,0,48,"FETCH_SIZE",49195.000000,7892097357762,7892097375242
2212,47765,"Agent 1",4,1,1,65536,9122,"fused_moe_kernel",256,0,0,80,0,48,"FETCH_SIZE",24707.000000,7892097468454,7892097478156
2212,47780,"Agent 1",4,1,1,49152,9121,"fused_moe_kernel",256,0,0,80,0,48,"FETCH_SIZE",49195.250000,7892097868403,7892097886725
2212,47782,"Agent 1",4,1,1,65536,9122,"fused_moe_kernel",256,0,0,80,0,48,"FETCH_SIZE",24707.000000,7892097982984,7892097992726
2212,47797,"Agent 1",4,1,1,49152,9121,"fused_moe_kernel",256,0,0,80,0,48,"WRITE_SIZE",24.000000,7892098402097,7892098419937
2212,47799,"Agent 1",4,1,1,65536,9122,"fused_moe_kernel",256,0,0,80,0,48,"WRITE_SIZE",32.000000,7892098509220,7892098518922
2212,47814,"Agent 1",4,1,1,49152,9121,"fused_moe_kernel",256,0,0,80,0,48,"WRITE_SIZE",24.000000,7892098906965,7892098925006
2212,47816,"Agent 1",4,1,1,65536,9122,"fused_moe_kernel",256,0,0,80,0,48,"WRITE_SIZE",32.000000,7892099004987,7892099015130
2212,47831,"Agent 1",4,1,1,49152,9121,"fused_moe_kernel",256,0,0,80,0,48,"WRITE_SIZE",24.000000,7892099422216,7892099440417
2212,47833,"Agent 1",4,1,1,65536,9122,"fused_moe_kernel",256,0,0,80,0,48,"WRITE_SIZE",32.000000,7892099526774,7892099536997
2212,47848,"Agent 1",4,1,1,49152,9121,"fused_moe_kernel",256,0,0,80,0,48,"WRITE_SIZE",24.000000,7892099922353,7892099940875
2212,47850,"Agent 1",4,1,1,65536,9122,"fused_moe_kernel",256,0,0,80,0,48,"WRITE_SIZE",32.000000,7892100024305,7892100034167
2212,47865,"Agent 1",4,1,1,49152,9121,"fused_moe_kernel",256,0,0,80,0,48,"SQ_INSTS_VALU_MFMA_MOPS_BF16",1572864.000000,7892100431631,7892100450033
2212,47867,"Agent 1",4,1,1,65536,9122,"fused_moe_kernel",256,0,0,80,0,48,"SQ_INSTS_VALU_MFMA_MOPS_BF16",786432.000000,7892100513497,7892100523239
2212,47882,"Agent 1",4,1,1,49152,9121,"fused_moe_kernel",256,0,0,80,0,48,"SQ_INSTS_VALU_MFMA_MOPS_BF16",1572864.000000,7892100888470,7892100906792
2212,47884,"Agent 1",4,1,1,65536,9122,"fused_moe_kernel",256,0,0,80,0,48,"SQ_INSTS_VALU_MFMA_MOPS_BF16",786432.000000,7892100979677,7892100989700
2212,47899,"Agent 1",4,1,1,49152,9121,"fused_moe_kernel",256,0,0,80,0,48,"SQ_INSTS_VALU_MFMA_MOPS_BF16",1572864.000000,7892101362788,7892101381270
2212,47901,"Agent 1",4,1,1,65536,9122,"fused_moe_kernel",256,0,0,80,0,48,"SQ_INSTS_VALU_MFMA_MOPS_BF16",786432.000000,7892101444454,7892101454477
2212,47916,"Agent 1",4,1,1,49152,9121,"fused_moe_kernel",256,0,0,80,0,48,"SQ_INSTS_VALU_MFMA_MOPS_BF16",1572864.000000,7892101816861,7892101835303
2212,47918,"Agent 1",4,1,1,65536,9122,"fused_moe_kernel",256,0,0,80,0,48,"SQ_INSTS_VALU_MFMA_MOPS_BF16",786432.000000,7892101900170,7892101910033
2212,47933,"Agent 1",4,1,1,49152,9121,"fused_moe_kernel",256,0,0,80,0,48,"FETCH_SIZE",49195.750000,7892102281157,7892102299117
2212,47935,"Agent 1",4,1,1,65536,9122,"fused_moe_kernel",256,0,0,80,0,48,"FETCH_SIZE",24707.000000,7892102398102,7892102408566
2212,47950,"Agent 1",4,1,1,49152,9121,"fused_moe_kernel",256,0,0,80,0,48,"FETCH_SIZE",49194.500000,7892102797170,7892102815211
2212,47952,"Agent 1",4,1,1,65536,9122,"fused_moe_kernel",256,0,0,80,0,48,"FETCH_SIZE",24707.000000,7892102910267,7892102920009
2213,47967,"Agent 1",4,1,1,49152,9121,"fused_moe_kernel",256,0,0,80,0,48,"FETCH_SIZE",49194.500000,7892103317914,7892103336155
2213,47969,"Agent 1",4,1,1,65536,9122,"fused_moe_kernel",256,0,0,80,0,48,"FETCH_SIZE",24707.000000,7892103430891,7892103440232
2213,47984,"Agent 1",4,1,1,49152,9121,"fused_moe_kernel",256,0,0,80,0,48,"FETCH_SIZE",49195.750000,7892103833927,7892103851808
2213,47986,"Agent 1",4,1,1,65536,9122,"fused_moe_kernel",256,0,0,80,0,48,"FETCH_SIZE",24707.000000,7892103946864,7892103957087
2213,48001,"Agent 1",4,1,1,49152,9121,"fused_moe_kernel",256,0,0,80,0,48,"WRITE_SIZE",24.000000,7892104349098,7892104367260
2213,48003,"Agent 1",4,1,1,65536,9122,"fused_moe_kernel",256,0,0,80,0,48,"WRITE_SIZE",32.000000,7892104452894,7892104462877
2213,48018,"Agent 1",4,1,1,49152,9121,"fused_moe_kernel",256,0,0,80,0,48,"WRITE_SIZE",24.000000,7892104850118,7892104867597
2213,48020,"Agent 1",4,1,1,65536,9122,"fused_moe_kernel",256,0,0,80,0,48,"WRITE_SIZE",32.000000,7892104952190,7892104962814
2213,48035,"Agent 1",4,1,1,49152,9121,"fused_moe_kernel",256,0,0,80,0,48,"WRITE_SIZE",24.000000,7892105345404,7892105363806
2213,48037,"Agent 1",4,1,1,65536,9122,"fused_moe_kernel",256,0,0,80,0,48,"WRITE_SIZE",32.000000,7892105445832,7892105455855
2213,48052,"Agent 1",4,1,1,49152,9121,"fused_moe_kernel",256,0,0,80,0,48,"WRITE_SIZE",24.000000,7892105838926,7892105856847
2213,48054,"Agent 1",4,1,1,65536,9122,"fused_moe_kernel",256,0,0,80,0,48,"WRITE_SIZE",32.000000,7892105945528,7892105955351
2213,48069,"Agent 1",4,1,1,49152,9121,"fused_moe_kernel",256,0,0,80,0,48,"SQ_INSTS_VALU_MFMA_MOPS_BF16",1572864.000000,7892106337900,7892106356182
2213,48071,"Agent 1",4,1,1,65536,9122,"fused_moe_kernel",256,0,0,80,0,48,"SQ_INSTS_VALU_MFMA_MOPS_BF16",786432.000000,7892106423054,7892106433197
2213,48086,"Agent 1",4,1,1,49152,9121,"fused_moe_kernel",256,0,0,80,0,48,"SQ_INSTS_VALU_MFMA_MOPS_BF16",1572864.000000,7892106796263,7892106814825
2213,48088,"Agent 1",4,1,1,65536,9122,"fused_moe_kernel",256,0,0,80,0,48,"SQ_INSTS_VALU_MFMA_MOPS_BF16",786432.000000,7892106884864,7892106894887
2213,48103,"Agent 1",4,1,1,49152,9121,"fused_moe_kernel",256,0,0,80,0,48,"SQ_INSTS_VALU_MFMA_MOPS_BF16",1572864.000000,7892107267334,7892107285575
2213,48105,"Agent 1",4,1,1,65536,9122,"fused_moe_kernel",256,0,0,80,0,48,"SQ_INSTS_VALU_MFMA_MOPS_BF16",786432.000000,7892107351004,7892107361027
2213,48120,"Agent 1",4,1,1,49152,9121,"fused_moe_kernel",256,0,0,80,0,48,"SQ_INSTS_VALU_MFMA_MOPS_BF16",1572864.000000,7892107724934,7892107743296
2213,48122,"Agent 1",4,1,1,65536,9122,"fused_moe_kernel",256,0,0,80,0,48,"SQ_INSTS_VALU_MFMA_MOPS_BF16",786432.000000,7892107809968,7892107820151
2213,48137,"Agent 1",4,1,1,49152,9121,"fused_moe_kernel",256,0,0,80,0,48,"FETCH_SIZE",49194.000000,7892108190393,7892108208915
2213,48139,"Agent 1",4,1,1,65536,9122,"fused_moe_kernel",256,0,0,80,0,48,"FETCH_SIZE",24707.000000,7892108303530,7892108313472
2213,48154,"Agent 1",4,1,1,49152,9121,"fused_moe_kernel",256,0,0,80,0,48,"FETCH_SIZE",49195.000000,7892108702918,7892108720919
2213,48156,"Agent 1",4,1,1,65536,9122,"fused_moe_kernel",256,0,0,80,0,48,"FETCH_SIZE",24707.000000,7892108812848,7892108822750
2213,48171,"Agent 1",4,1,1,49152,9121,"fused_moe_kernel",256,0,0,80,0,48,"FETCH_SIZE",49194.250000,7892109215924,7892109233685
2213,48173,"Agent 1",4,1,1,65536,9122,"fused_moe_kernel",256,0,0,80,0,48,"FETCH_SIZE",24707.000000,7892109325854,7892109335997
2213,48188,"Agent 1",4,1,1,49152,9121,"fused_moe_kernel",256,0,0,80,0,48,"FETCH_SIZE",49193.250000,7892109717384,7892109735385
2213,48190,"Agent 1",4,1,1,65536,9122,"fused_moe_kernel",256,0,0,80,0,48,"FETCH_SIZE",24707.000000,7892109825230,7892109835052
2213,48205,"Agent 1",4,1,1,49152,9121,"fused_moe_kernel",256,0,0,80,0,48,"WRITE_SIZE",24.000000,7892110223776,7892110241456
2213,48207,"Agent 1",4,1,1,65536,9122,"fused_moe_kernel",256,0,0,80,0,48,"WRITE_SIZE",32.000000,7892110326730,7892110337194
2214,48222,"Agent 1",4,1,1,49152,9121,"fused_moe_kernel",256,0,0,80,0,48,"WRITE_SIZE",24.000000,7892110711765,7892110730087
2214,48224,"Agent 1",4,1,1,65536,9122,"fused_moe_kernel",256,0,0,80,0,48,"WRITE_SIZE",32.000000,7892110814359,7892110824622
2214,48239,"Agent 1",4,1,1,49152,9121,"fused_moe_kernel",256,0,0,80,0,48,"WRITE_SIZE",24.000000,7892111195465,7892111213787
2214,48241,"Agent 1",4,1,1,65536,9122,"fused_moe_kernel",256,0,0,80,0,48,"WRITE_SIZE",32.000000,7892111298981,7892111309084
2214,48256,"Agent 1",4,1,1,49152,9121,"fused_moe_kernel",256,0,0,80,0,48,"WRITE_SIZE",24.000000,7892111679686,7892111698088
2214,48258,"Agent 1",4,1,1,65536,9122,"fused_moe_kernel",256,0,0,80,0,48,"WRITE_SIZE",32.000000,7892111782199,7892111792182
2245,48303,"Agent 1",4,1,1,49152,9121,"fused_moe_kernel",256,0,0,80,0,48,"SQ_INSTS_VALU_MFMA_MOPS_BF16",1572864.000000,7892113137521,7892113155161
2245,48305,"Agent 1",4,1,1,65536,9122,"fused_moe_kernel",256,0,0,80,0,48,"SQ_INSTS_VALU_MFMA_MOPS_BF16",786432.000000,7892113230212,7892113239513
2245,48320,"Agent 1",4,1,1,49152,9121,"fused_moe_kernel",256,0,0,80,0,48,"SQ_INSTS_VALU_MFMA_MOPS_BF16",1572864.000000,7892113874637,7892113893480
2245,48322,"Agent 1",4,1,1,65536,9122,"fused_moe_kernel",256,0,0,80,0,48,"SQ_INSTS_VALU_MFMA_MOPS_BF16",786432.000000,7892113980638,7892113990901
2245,48337,"Agent 1",4,1,1,49152,9121,"fused_moe_kernel",256,0,0,80,0,48,"SQ_INSTS_VALU_MFMA_MOPS_BF16",1572864.000000,7892117095440,7892117113601
2245,48339,"Agent 1",4,1,1,65536,9122,"fused_moe_kernel",256,0,0,80,0,48,"SQ_INSTS_VALU_MFMA_MOPS_BF16",786432.000000,7892117964616,7892117974359
2245,48354,"Agent 1",4,1,1,49152,9121,"fused_moe_kernel",256,0,0,80,0,48,"SQ_INSTS_VALU_MFMA_MOPS_BF16",1572864.000000,7892124745115,7892124762876
2245,48356,"Agent 1",4,1,1,65536,9122,"fused_moe_kernel",256,0,0,80,0,48,"SQ_INSTS_VALU_MFMA_MOPS_BF16",786432.000000,7892126437924,7892126447987
2245,48371,"Agent 1",4,1,1,49152,9121,"fused_moe_kernel",256,0,0,80,0,48,"FETCH_SIZE",49195.750000,7892138159376,7892138178259
2245,48373,"Agent 1",4,1,1,65536,9122,"fused_moe_kernel",256,0,0,80,0,48,"FETCH_SIZE",24707.000000,7892139906187,7892139916411
2245,48388,"Agent 1",4,1,1,49152,9121,"fused_moe_kernel",256,0,0,80,0,48,"FETCH_SIZE",49194.250000,7892149949503,7892149967584
2245,48390,"Agent 1",4,1,1,65536,9122,"fused_moe_kernel",256,0,0,80,0,48,"FETCH_SIZE",24707.000000,7892151707180,7892151716401
2245,48405,"Agent 1",4,1,1,49152,9121,"fused_moe_kernel",256,0,0,80,0,48,"FETCH_SIZE",49196.562500,7892161865196,7892161882957
2245,48407,"Agent 1",4,1,1,65536,9122,"fused_moe_kernel",256,0,0,80,0,48,"FETCH_SIZE",24707.062500,7892161995813,7892162006437
2245,48422,"Agent 1",4,1,1,49152,9121,"fused_moe_kernel",256,0,0,80,0,48,"FETCH_SIZE",49194.250000,7892162603956,7892162621396
2245,48424,"Agent 1",4,1,1,65536,9122,"fused_moe_kernel",256,0,0,80,0,48,"FETCH_SIZE",24707.000000,7892162722185,7892162732208
2245,48439,"Agent 1",4,1,1,49152,9121,"fused_moe_kernel",256,0,0,80,0,48,"WRITE_SIZE",24.000000,7892163152483,7892163170484
2245,48441,"Agent 1",4,1,1,65536,9122,"fused_moe_kernel",256,0,0,80,0,48,"WRITE_SIZE",32.000000,7892163252190,7892163261531
2245,48456,"Agent 1",4,1,1,49152,9121,"fused_moe_kernel",256,0,0,80,0,48,"WRITE_SIZE",24.000000,7892163669338,7892163687179
2245,48458,"Agent 1",4,1,1,65536,9122,"fused_moe_kernel",256,0,0,80,0,48,"WRITE_SIZE",32.000000,7892163777264,7892163787126
2245,48473,"Agent 1",4,1,1,49152,9121,"fused_moe_kernel",256,0,0,80,0,48,"WRITE_SIZE",24.000000,7892164180140,7892164198020
2245,48475,"Agent 1",4,1,1,65536,9122,"fused_moe_kernel",256,0,0,80,0,48,"WRITE_SIZE",32.000000,7892164279245,7892164289308
2245,48490,"Agent 1",4,1,1,49152,9121,"fused_moe_kernel",256,0,0,80,0,48,"WRITE_SIZE",24.000000,7892164704692,7892164721972
2245,48492,"Agent 1",4,1,1,65536,9122,"fused_moe_kernel",256,0,0,80,0,48,"WRITE_SIZE",32.000000,7892164806965,7892164816908
2245,48507,"Agent 1",4,1,1,49152,9121,"fused_moe_kernel",256,0,0,80,0,48,"SQ_INSTS_VALU_MFMA_MOPS_BF16",1572864.000000,7892165218340,7892165236662
2245,48509,"Agent 1",4,1,1,65536,9122,"fused_moe_kernel",256,0,0,80,0,48,"SQ_INSTS_VALU_MFMA_MOPS_BF16",786432.000000,7892165305458,7892165315040
2245,48524,"Agent 1",4,1,1,49152,9121,"fused_moe_kernel",256,0,0,80,0,48,"SQ_INSTS_VALU_MFMA_MOPS_BF16",1572864.000000,7892165691817,7892165710139
2245,48526,"Agent 1",4,1,1,65536,9122,"fused_moe_kernel",256,0,0,80,0,48,"SQ_INSTS_VALU_MFMA_MOPS_BF16",786432.000000,7892165780138,7892165789599
2245,48541,"Agent 1",4,1,1,49152,9121,"fused_moe_kernel",256,0,0,80,0,48,"SQ_INSTS_VALU_MFMA_MOPS_BF16",1572864.000000,7892166170185,7892166188266
2245,48543,"Agent 1",4,1,1,65536,9122,"fused_moe_kernel",256,0,0,80,0,48,"SQ_INSTS_VALU_MFMA_MOPS_BF16",786432.000000,7892166256982,7892166266564
2246,48558,"Agent 1",4,1,1,49152,9121,"fused_moe_kernel",256,0,0,80,0,48,"SQ_INSTS_VALU_MFMA_MOPS_BF16",1572864.000000,7892166663306,7892166680946
2246,48560,"Agent 1",4,1,1,65536,9122,"fused_moe_kernel",256,0,0,80,0,48,"SQ_INSTS_VALU_MFMA_MOPS_BF16",786432.000000,7892166749261,7892166759284
2246,48575,"Agent 1",4,1,1,49152,9121,"fused_moe_kernel",256,0,0,80,0,48,"FETCH_SIZE",49195.250000,7892167135499,7892167153460
2246,48577,"Agent 1",4,1,1,65536,9122,"fused_moe_kernel",256,0,0,80,0,48,"FETCH_SIZE",24707.000000,7892167248476,7892167259221
2246,48592,"Agent 1",4,1,1,49152,9121,"fused_moe_kernel",256,0,0,80,0,48,"FETCH_SIZE",49195.250000,7892167680338,7892167698299
2246,48594,"Agent 1",4,1,1,65536,9122,"fused_moe_kernel",256,0,0,80,0,48,"FETCH_SIZE",24707.000000,7892167796522,7892167806144
2246,48609,"Agent 1",4,1,1,49152,9121,"fused_moe_kernel",256,0,0,80,0,48,"FETCH_SIZE",49195.000000,7892168211787,7892168229427
2246,48611,"Agent 1",4,1,1,65536,9122,"fused_moe_kernel",256,0,0,80,0,48,"FETCH_SIZE",24707.000000,7892168317427,7892168327650
2246,48626,"Agent 1",4,1,1,49152,9121,"fused_moe_kernel",256,0,0,80,0,48,"FETCH_SIZE",49196.125000,7892168729845,7892168747565
2246,48628,"Agent 1",4,1,1,65536,9122,"fused_moe_kernel",256,0,0,80,0,48,"FETCH_SIZE",24707.000000,7892168843784,7892168853967
2246,48643,"Agent 1",4,1,1,49152,9121,"fused_moe_kernel",256,0,0,80,0,48,"WRITE_SIZE",24.000000,7892169259328,7892169276929
2246,48645,"Agent 1",4,1,1,65536,9122,"fused_moe_kernel",256,0,0,80,0,48,"WRITE_SIZE",32.000000,7892169362724,7892169373027
2246,48660,"Agent 1",4,1,1,49152,9121,"fused_moe_kernel",256,0,0,80,0,48,"WRITE_SIZE",24.000000,7892169766682,7892169785124
2246,48662,"Agent 1",4,1,1,65536,9122,"fused_moe_kernel",256,0,0,80,0,48,"WRITE_SIZE",32.000000,7892169866870,7892169876772
2246,48677,"Agent 1",4,1,1,49152,9121,"fused_moe_kernel",256,0,0,80,0,48,"WRITE_SIZE",24.000000,7892170259242,7892170277042
2246,48679,"Agent 1",4,1,1,65536,9122,"fused_moe_kernel",256,0,0,80,0,48,"WRITE_SIZE",32.000000,7892170370655,7892170379956
2246,48694,"Agent 1",4,1,1,49152,9121,"fused_moe_kernel",256,0,0,80,0,48,"WRITE_SIZE",24.000000,7892170769923,7892170786802
2246,48696,"Agent 1",4,1,1,65536,9122,"fused_moe_kernel",256,0,0,80,0,48,"WRITE_SIZE",32.000000,7892170870672,7892170880976
2246,48711,"Agent 1",4,1,1,49152,9121,"fused_moe_kernel",256,0,0,80,0,48,"SQ_INSTS_VALU_MFMA_MOPS_BF16",1572864.000000,7892171277116,7892171294676
2246,48713,"Agent 1",4,1,1,65536,9122,"fused_moe_kernel",256,0,0,80,0,48,"SQ_INSTS_VALU_MFMA_MOPS_BF16",786432.000000,7892171362911,7892171372774
2246,48728,"Agent 1",4,1,1,49152,9121,"fused_moe_kernel",256,0,0,80,0,48,"SQ_INSTS_VALU_MFMA_MOPS_BF16",1572864.000000,7892171728703,7892171746423
2246,48730,"Agent 1",4,1,1,65536,9122,"fused_moe_kernel",256,0,0,80,0,48,"SQ_INSTS_VALU_MFMA_MOPS_BF16",786432.000000,7892171809607,7892171818948
2246,48745,"Agent 1",4,1,1,49152,9121,"fused_moe_kernel",256,0,0,80,0,48,"SQ_INSTS_VALU_MFMA_MOPS_BF16",1572864.000000,7892172200496,7892172218617
2246,48747,"Agent 1",4,1,1,65536,9122,"fused_moe_kernel",256,0,0,80,0,48,"SQ_INSTS_VALU_MFMA_MOPS_BF16",786432.000000,7892172284046,7892172294069
2246,48762,"Agent 1",4,1,1,49152,9121,"fused_moe_kernel",256,0,0,80,0,48,"SQ_INSTS_VALU_MFMA_MOPS_BF16",1572864.000000,7892172664511,7892172682793
2246,48764,"Agent 1",4,1,1,65536,9122,"fused_moe_kernel",256,0,0,80,0,48,"SQ_INSTS_VALU_MFMA_MOPS_BF16",786432.000000,7892172749745,7892172759367
2246,48779,"Agent 1",4,1,1,49152,9121,"fused_moe_kernel",256,0,0,80,0,48,"FETCH_SIZE",49195.500000,7892173132695,7892173150496
2246,48781,"Agent 1",4,1,1,65536,9122,"fused_moe_kernel",256,0,0,80,0,48,"FETCH_SIZE",24707.000000,7892173246274,7892173256377
2246,48796,"Agent 1",4,1,1,49152,9121,"fused_moe_kernel",256,0,0,80,0,48,"FETCH_SIZE",49194.250000,7892173664424,7892173682345
2246,48798,"Agent 1",4,1,1,65536,9122,"fused_moe_kernel",256,0,0,80,0,48,"FETCH_SIZE",24707.000000,7892173779326,7892173789469
2247,48813,"Agent 1",4,1,1,49152,9121,"fused_moe_kernel",256,0,0,80,0,48,"FETCH_SIZE",49194.750000,7892174175827,7892174194470
2247,48815,"Agent 1",4,1,1,65536,9122,"fused_moe_kernel",256,0,0,80,0,48,"FETCH_SIZE",24707.000000,7892174290528,7892174300912
2247,48830,"Agent 1",4,1,1,49152,9121,"fused_moe_kernel",256,0,0,80,0,48,"FETCH_SIZE",49197.000000,7892174707115,7892174725597
2247,48832,"Agent 1",4,1,1,65536,9122,"fused_moe_kernel",256,0,0,80,0,48,"FETCH_SIZE",24707.000000,7892174823460,7892174833443
2247,48847,"Agent 1",4,1,1,49152,9121,"fused_moe_kernel",256,0,0,80,0,48,"WRITE_SIZE",24.000000,7892175235677,7892175253798
2247,48849,"Agent 1",4,1,1,65536,9122,"fused_moe_kernel",256,0,0,80,0,48,"WRITE_SIZE",32.000000,7892175334462,7892175344204
2247,48864,"Agent 1",4,1,1,49152,9121,"fused_moe_kernel",256,0,0,80,0,48,"WRITE_SIZE",24.000000,7892175717092,7892175734772
2247,48866,"Agent 1",4,1,1,65536,9122,"fused_moe_kernel",256,0,0,80,0,48,"WRITE_SIZE",32.000000,7892175818683,7892175828705
2247,48881,"Agent 1",4,1,1,49152,9121,"fused_moe_kernel",256,0,0,80,0,48,"WRITE_SIZE",24.000000,7892176209531,7892176227773
2247,48883,"Agent 1",4,1,1,65536,9122,"fused_moe_kernel",256,0,0,80,0,48,"WRITE_SIZE",32.000000,7892176313969,7892176323350
2247,48898,"Agent 1",4,1,1,49152,9121,"fused_moe_kernel",256,0,0,80,0,48,"WRITE_SIZE",24.000000,7892176715201,7892176733763
2247,48900,"Agent 1",4,1,1,65536,9122,"fused_moe_kernel",256,0,0,80,0,48,"WRITE_SIZE",32.000000,7892176816431,7892176825933
2247,48915,"Agent 1",4,1,1,49152,9121,"fused_moe_kernel",256,0,0,80,0,48,"SQ_INSTS_VALU_MFMA_MOPS_BF16",1572864.000000,7892177215459,7892177234101
2247,48917,"Agent 1",4,1,1,65536,9122,"fused_moe_kernel",256,0,0,80,0,48,"SQ_INSTS_VALU_MFMA_MOPS_BF16",786432.000000,7892177300492,7892177310956
2247,48932,"Agent 1",4,1,1,49152,9121,"fused_moe_kernel",256,0,0,80,0,48,"SQ_INSTS_VALU_MFMA_MOPS_BF16",1572864.000000,7892177677990,7892177695751
2247,48934,"Agent 1",4,1,1,65536,9122,"fused_moe_kernel",256,0,0,80,0,48,"SQ_INSTS_VALU_MFMA_MOPS_BF16",786432.000000,7892177760738,7892177770841
2247,48949,"Agent 1",4,1,1,49152,9121,"fused_moe_kernel",256,0,0,80,0,48,"SQ_INSTS_VALU_MFMA_MOPS_BF16",1572864.000000,7892178140201,7892178161129
2247,48951,"Agent 1",4,1,1,65536,9122,"fused_moe_kernel",256,0,0,80,0,48,"SQ_INSTS_VALU_MFMA_MOPS_BF16",786432.000000,7892178225074,7892178235097
2247,48966,"Agent 1",4,1,1,49152,9121,"fused_moe_kernel",256,0,0,80,0,48,"SQ_INSTS_VALU_MFMA_MOPS_BF16",1572864.000000,7892178607223,7892178625825
2247,48968,"Agent 1",4,1,1,65536,9122,"fused_moe_kernel",256,0,0,80,0,48,"SQ_INSTS_VALU_MFMA_MOPS_BF16",786432.000000,7892178688688,7892178698791
2247,48983,"Agent 1",4,1,1,49152,9121,"fused_moe_kernel",256,0,0,80,0,48,"FETCH_SIZE",49194.500000,7892179059812,7892179078094
2247,48985,"Agent 1",4,1,1,65536,9122,"fused_moe_kernel",256,0,0,80,0,48,"FETCH_SIZE",24707.000000,7892179168179,7892179177560
2247,49000,"Agent 1",4,1,1,49152,9121,"fused_moe_kernel",256,0,0,80,0,48,"FETCH_SIZE",49194.750000,7892179570373,7892179588414
2247,49002,"Agent 1",4,1,1,65536,9122,"fused_moe_kernel",256,0,0,80,0,48,"FETCH_SIZE",24707.000000,7892179682348,7892179691769
2247,49017,"Agent 1",4,1,1,49152,9121,"fused_moe_kernel",256,0,0,80,0,48,"FETCH_SIZE",49195.000000,7892180071031,7892180089994
2247,49019,"Agent 1",4,1,1,65536,9122,"fused_moe_kernel",256,0,0,80,0,48,"FETCH_SIZE",24707.000000,7892180184650,7892180193951
2247,49034,"Agent 1",4,1,1,49152,9121,"fused_moe_kernel",256,0,0,80,0,48,"FETCH_SIZE",49193.500000,7892180591054,7892180609135
2247,49036,"Agent 1",4,1,1,65536,9122,"fused_moe_kernel",256,0,0,80,0,48,"FETCH_SIZE",24707.000000,7892180702748,7892180711889
2247,49051,"Agent 1",4,1,1,49152,9121,"fused_moe_kernel",256,0,0,80,0,48,"WRITE_SIZE",24.000000,7892181099770,7892181117531
2247,49053,"Agent 1",4,1,1,65536,9122,"fused_moe_kernel",256,0,0,80,0,48,"WRITE_SIZE",32.000000,7892181204489,7892181213790
2248,49068,"Agent 1",4,1,1,49152,9121,"fused_moe_kernel",256,0,0,80,0,48,"WRITE_SIZE",24.000000,7892181600709,7892181618269
2248,49070,"Agent 1",4,1,1,65536,9122,"fused_moe_kernel",256,0,0,80,0,48,"WRITE_SIZE",32.000000,7892181703182,7892181713686
2248,49085,"Agent 1",4,1,1,49152,9121,"fused_moe_kernel",256,0,0,80,0,48,"WRITE_SIZE",24.000000,7892182080200,7892182098602
2248,49087,"Agent 1",4,1,1,65536,9122,"fused_moe_kernel",256,0,0,80,0,48,"WRITE_SIZE",32.000000,7892182181430,7892182191493
2248,49102,"Agent 1",4,1,1,49152,9121,"fused_moe_kernel",256,0,0,80,0,48,"WRITE_SIZE",24.000000,7892182568109,7892182586471
2248,49104,"Agent 1",4,1,1,65536,9122,"fused_moe_kernel",256,0,0,80,0,48,"WRITE_SIZE",32.000000,7892182670061,7892182680364
2279,49149,"Agent 1",4,1,1,49152,9121,"fused_moe_kernel",256,0,0,80,0,48,"SQ_INSTS_VALU_MFMA_MOPS_BF16",1572864.000000,7892184040082,7892184058243
2279,49151,"Agent 1",4,1,1,65536,9122,"fused_moe_kernel",256,0,0,80,0,48,"SQ_INSTS_VALU_MFMA_MOPS_BF16",786432.000000,7892184149651,7892184159513
2279,49166,"Agent 1",4,1,1,49152,9121,"fused_moe_kernel",256,0,0,80,0,48,"SQ_INSTS_VALU_MFMA_MOPS_BF16",1572864.000000,7892184763727,7892184781969
2279,49168,"Agent 1",4,1,1,65536,9122,"fused_moe_kernel",256,0,0,80,0,48,"SQ_INSTS_VALU_MFMA_MOPS_BF16",786432.000000,7892184867964,7892184877867
2279,49183,"Agent 1",4,1,1,49152,9121,"fused_moe_kernel",256,0,0,80,0,48,"SQ_INSTS_VALU_MFMA_MOPS_BF16",1572864.000000,7892191401339,7892191420022
2279,49185,"Agent 1",4,1,1,65536,9122,"fused_moe_kernel",256,0,0,80,0,48,"SQ_INSTS_VALU_MFMA_MOPS_BF16",786432.000000,7892193100403,7892193110185
2279,49200,"Agent 1",4,1,1,49152,9121,"fused_moe_kernel",256,0,0,80,0,48,"SQ_INSTS_VALU_MFMA_MOPS_BF16",1572864.000000,7892203190665,7892203208907
2279,49202,"Agent 1",4,1,1,65536,9122,"fused_moe_kernel",256,0,0,80,0,48,"SQ_INSTS_VALU_MFMA_MOPS_BF16",786432.000000,7892204882993,7892204893217
2279,49217,"Agent 1",4,1,1,49152,9121,"fused_moe_kernel",256,0,0,80,0,48,"FETCH_SIZE",49196.000000,7892216662818,7892216681380
2279,49219,"Agent 1",4,1,1,65536,9122,"fused_moe_kernel",256,0,0,80,0,48,"FETCH_SIZE",24707.000000,7892218412155,7892218421857
2279,49234,"Agent 1",4,1,1,49152,9121,"fused_moe_kernel",256,0,0,80,0,48,"FETCH_SIZE",49195.000000,7892230312895,7892230331457
2279,49236,"Agent 1",4,1,1,65536,9122,"fused_moe_kernel",256,0,0,80,0,48,"FETCH_SIZE",24707.000000,7892231830706,7892231840688
2279,49251,"Agent 1",4,1,1,49152,9121,"fused_moe_kernel",256,0,0,80,0,48,"FETCH_SIZE",49196.750000,7892233083635,7892233101195
2279,49253,"Agent 1",4,1,1,65536,9122,"fused_moe_kernel",256,0,0,80,0,48,"FETCH_SIZE",24707.000000,7892233237905,7892233247447
2279,49268,"Agent 1",4,1,1,49152,9121,"fused_moe_kernel",256,0,0,80,0,48,"FETCH_SIZE",49195.125000,7892233700798,7892233718999
2279,49270,"Agent 1",4,1,1,65536,9122,"fused_moe_kernel",256,0,0,80,0,48,"FETCH_SIZE",24707.000000,7892233818546,7892233828248
2279,49285,"Agent 1",4,1,1,49152,9121,"fused_moe_kernel",256,0,0,80,0,48,"WRITE_SIZE",24.000000,7892234229039,7892234246559
2279,49287,"Agent 1",4,1,1,65536,9122,"fused_moe_kernel",256,0,0,80,0,48,"WRITE_SIZE",32.000000,7892234329427,7892234339250
2279,49302,"Agent 1",4,1,1,49152,9121,"fused_moe_kernel",256,0,0,80,0,48,"WRITE_SIZE",24.000000,7892234755556,7892234773397
2279,49304,"Agent 1",4,1,1,65536,9122,"fused_moe_kernel",256,0,0,80,0,48,"WRITE_SIZE",32.000000,7892234867370,7892234877393
2279,49319,"Agent 1",4,1,1,49152,9121,"fused_moe_kernel",256,0,0,80,0,48,"WRITE_SIZE",24.000000,7892235275699,7892235293660
2279,49321,"Agent 1",4,1,1,65536,9122,"fused_moe_kernel",256,0,0,80,0,48,"WRITE_SIZE",32.000000,7892235383223,7892235393206
2279,49336,"Agent 1",4,1,1,49152,9121,"fused_moe_kernel",256,0,0,80,0,48,"WRITE_SIZE",24.000000,7892235791512,7892235809473
2279,49338,"Agent 1",4,1,1,65536,9122,"fused_moe_kernel",256,0,0,80,0,48,"WRITE_SIZE",32.000000,7892235891539,7892235901402
2279,49353,"Agent 1",4,1,1,49152,9121,"fused_moe_kernel",256,0,0,80,0,48,"SQ_INSTS_VALU_MFMA_MOPS_BF16",1572864.000000,7892236301632,7892236319392
2279,49355,"Agent 1",4,1,1,65536,9122,"fused_moe_kernel",256,0,0,80,0,48,"SQ_INSTS_VALU_MFMA_MOPS_BF16",786432.000000,7892236390995,7892236400817
2279,49370,"Agent 1",4,1,1,49152,9121,"fused_moe_kernel",256,0,0,80,0,48,"SQ_INSTS_VALU_MFMA_MOPS_BF16",1572864.000000,7892236785171,7892236802811
2279,49372,"Agent 1",4,1,1,65536,9122,"fused_moe_kernel",256,0,0,80,0,48,"SQ_INSTS_VALU_MFMA_MOPS_BF16",786432.000000,7892236874213,7892236884116
2279,49387,"Agent 1",4,1,1,49152,9121,"fused_moe_kernel",256,0,0,80,0,48,"SQ_INSTS_VALU_MFMA_MOPS_BF16",1572864.000000,7892237269633,7892237287433
2279,49389,"Agent 1",4,1,1,65536,9122,"fused_moe_kernel",256,0,0,80,0,48,"SQ_INSTS_VALU_MFMA_MOPS_BF16",786432.000000,7892237352782,7892237362804
2280,49404,"Agent 1",4,1,1,49152,9121,"fused_moe_kernel",256,0,0,80,0,48,"SQ_INSTS_VALU_MFMA_MOPS_BF16",1572864.000000,7892237745956,7892237764398
2280,49406,"Agent 1",4,1,1,65536,9122,"fused_moe_kernel",256,0,0,80,0,48,"SQ_INSTS_VALU_MFMA_MOPS_BF16",786432.000000,7892237834036,7892237844139
2280,49421,"Agent 1",4,1,1,49152,9121,"fused_moe_kernel",256,0,0,80,0,48,"FETCH_SIZE",49195.750000,7892238217869,7892238235629
2280,49423,"Agent 1",4,1,1,65536,9122,"fused_moe_kernel",256,0,0,80,0,48,"FETCH_SIZE",24707.000000,7892238332048,7892238341790
2280,49438,"Agent 1",4,1,1,49152,9121,"fused_moe_kernel",256,0,0,80,0,48,"FETCH_SIZE",49194.750000,7892238765113,7892238783034
2280,49440,"Agent 1",4,1,1,65536,9122,"fused_moe_kernel",256,0,0,80,0,48,"FETCH_SIZE",24707.000000,7892238882540,7892238892242
2280,49455,"Agent 1",4,1,1,49152,9121,"fused_moe_kernel",256,0,0,80,0,48,"FETCH_SIZE",49194.750000,7892239284654,7892239302695
2280,49457,"Agent 1",4,1,1,65536,9122,"fused_moe_kernel",256,0,0,80,0,48,"FETCH_SIZE",24707.000000,7892239398633,7892239408536
2280,49472,"Agent 1",4,1,1,49152,9121,"fused_moe_kernel",256,0,0,80,0,48,"FETCH_SIZE",49195.000000,7892239821234,7892239840157
2280,49474,"Agent 1",4,1,1,65536,9122,"fused_moe_kernel",256,0,0,80,0,48,"FETCH_SIZE",24707.000000,7892239935254,7892239945156
2280,49489,"Agent 1",4,1,1,49152,9121,"fused_moe_kernel",256,0,0,80,0,48,"WRITE_SIZE",24.000000,7892240329430,7892240348112
2280,49491,"Agent 1",4,1,1,65536,9122,"fused_moe_kernel",256,0,0,80,0,48,"WRITE_SIZE",32.000000,7892240438077,7892240447619
2280,49506,"Agent 1",4,1,1,49152,9121,"fused_moe_kernel",256,0,0,80,0,48,"WRITE_SIZE",24.000000,7892240849893,7892240867774
2280,49508,"Agent 1",4,1,1,65536,9122,"fused_moe_kernel",256,0,0,80,0,48,"WRITE_SIZE",32.000000,7892240955453,7892240965075
2280,49523,"Agent 1",4,1,1,49152,9121,"fused_moe_kernel",256,0,0,80,0,48,"WRITE_SIZE",24.000000,7892241350872,7892241368913
2280,49525,"Agent 1",4,1,1,65536,9122,"fused_moe_kernel",256,0,0,80,0,48,"WRITE_SIZE",32.000000,7892241454909,7892241464731
2280,49540,"Agent 1",4,1,1,49152,9121,"fused_moe_kernel",256,0,0,80,0,48,"WRITE_SIZE",24.000000,7892241844635,7892241862596
2280,49542,"Agent 1",4,1,1,65536,9122,"fused_moe_kernel",256,0,0,80,0,48,"WRITE_SIZE",32.000000,7892241945945,7892241956569
2280,49557,"Agent 1",4,1,1,49152,9121,"fused_moe_kernel",256,0,0,80,0,48,"SQ_INSTS_VALU_MFMA_MOPS_BF16",1572864.000000,7892242343409,7892242361971
2280,49559,"Agent 1",4,1,1,65536,9122,"fused_moe_kernel",256,0,0,80,0,48,"SQ_INSTS_VALU_MFMA_MOPS_BF16",786432.000000,7892242427600,7892242436701
2280,49574,"Agent 1",4,1,1,49152,9121,"fused_moe_kernel",256,0,0,80,0,48,"SQ_INSTS_VALU_MFMA_MOPS_BF16",1572864.000000,7892242805500,7892242823501
2280,49576,"Agent 1",4,1,1,65536,9122,"fused_moe_kernel",256,0,0,80,0,48,"SQ_INSTS_VALU_MFMA_MOPS_BF16",786432.000000,7892242889811,7892242899914
2280,49591,"Agent 1",4,1,1,49152,9121,"fused_moe_kernel",256,0,0,80,0,48,"SQ_INSTS_VALU_MFMA_MOPS_BF16",1572864.000000,7892243271439,7892243289400
2280,49593,"Agent 1",4,1,1,65536,9122,"fused_moe_kernel",256,0,0,80,0,48,"SQ_INSTS_VALU_MFMA_MOPS_BF16",786432.000000,7892243355791,7892243365693
2280,49608,"Agent 1",4,1,1,49152,9121,"fused_moe_kernel",256,0,0,80,0,48,"SQ_INSTS_VALU_MFMA_MOPS_BF16",1572864.000000,7892243750288,7892243768690
2280,49610,"Agent 1",4,1,1,65536,9122,"fused_moe_kernel",256,0,0,80,0,48,"SQ_INSTS_VALU_MFMA_MOPS_BF16",786432.000000,7892243836564,7892243846948
2280,49625,"Agent 1",4,1,1,49152,9121,"fused_moe_kernel",256,0,0,80,0,48,"FETCH_SIZE",49193.500000,7892244209612,7892244228335
2280,49627,"Agent 1",4,1,1,65536,9122,"fused_moe_kernel",256,0,0,80,0,48,"FETCH_SIZE",24707.000000,7892244320304,7892244330407
2280,49642,"Agent 1",4,1,1,49152,9121,"fused_moe_kernel",256,0,0,80,0,48,"FETCH_SIZE",49195.375000,7892244743586,7892244762429
2280,49644,"Agent 1",4,1,1,65536,9122,"fused_moe_kernel",256,0,0,80,0,48,"FETCH_SIZE",24707.000000,7892244859370,7892244869072
2281,49659,"Agent 1",4,1,1,49152,9121,"fused_moe_kernel",256,0,0,80,0,48,"FETCH_SIZE",49195.250000,7892245270986,7892245288786
2281,49661,"Agent 1",4,1,1,65536,9122,"fused_moe_kernel",256,0,0,80,0,48,"FETCH_SIZE",24707.000000,7892245389375,7892245399277
2281,49676,"Agent 1",4,1,1,49152,9121,"fused_moe_kernel",256,0,0,80,0,48,"FETCH_SIZE",49195.750000,7892245793534,7892245811455
2281,49678,"Agent 1",4,1,1,65536,9122,"fused_moe_kernel",256,0,0,80,0,48,"FETCH_SIZE",24707.000000,7892245910600,7892245920342
2281,49693,"Agent 1",4,1,1,49152,9121,"fused_moe_kernel",256,0,0,80,0,48,"WRITE_SIZE",24.000000,7892246318648,7892246336889
2281,49695,"Agent 1",4,1,1,65536,9122,"fused_moe_kernel",256,0,0,80,0,48,"WRITE_SIZE",32.000000,7892246433636,7892246443618
2281,49710,"Agent 1",4,1,1,49152,9121,"fused_moe_kernel",256,0,0,80,0,48,"WRITE_SIZE",24.000000,7892246828734,7892246847216
2281,49712,"Agent 1",4,1,1,65536,9122,"fused_moe_kernel",256,0,0,80,0,48,"WRITE_SIZE",32.000000,7892246935256,7892246944998
2281,49727,"Agent 1",4,1,1,49152,9121,"fused_moe_kernel",256,0,0,80,0,48,"WRITE_SIZE",24.000000,7892247329833,7892247348315
2281,49729,"Agent 1",4,1,1,65536,9122,"fused_moe_kernel",256,0,0,80,0,48,"WRITE_SIZE",32.000000,7892247436516,7892247446218
2281,49744,"Agent 1",4,1,1,49152,9121,"fused_moe_kernel",256,0,0,80,0,48,"WRITE_SIZE",24.000000,7892247835543,7892247854065
2281,49746,"Agent 1",4,1,1,65536,9122,"fused_moe_kernel",256,0,0,80,0,48,"WRITE_SIZE",32.000000,7892247937295,7892247947117
2281,49761,"Agent 1",4,1,1,49152,9121,"fused_moe_kernel",256,0,0,80,0,48,"SQ_INSTS_VALU_MFMA_MOPS_BF16",1572864.000000,7892248330388,7892248349071
2281,49763,"Agent 1",4,1,1,65536,9122,"fused_moe_kernel",256,0,0,80,0,48,"SQ_INSTS_VALU_MFMA_MOPS_BF16",786432.000000,7892248412695,7892248422357
2281,49778,"Agent 1",4,1,1,49152,9121,"fused_moe_kernel",256,0,0,80,0,48,"SQ_INSTS_VALU_MFMA_MOPS_BF16",1572864.000000,7892248795245,7892248813968
2281,49780,"Agent 1",4,1,1,65536,9122,"fused_moe_kernel",256,0,0,80,0,48,"SQ_INSTS_VALU_MFMA_MOPS_BF16",786432.000000,7892248882604,7892248892867
2281,49795,"Agent 1",4,1,1,49152,9121,"fused_moe_kernel",256,0,0,80,0,48,"SQ_INSTS_VALU_MFMA_MOPS_BF16",1572864.000000,7892249258659,7892249277542
2281,49797,"Agent 1",4,1,1,65536,9122,"fused_moe_kernel",256,0,0,80,0,48,"SQ_INSTS_VALU_MFMA_MOPS_BF16",786432.000000,7892249341968,7892249352151
2281,49812,"Agent 1",4,1,1,49152,9121,"fused_moe_kernel",256,0,0,80,0,48,"SQ_INSTS_VALU_MFMA_MOPS_BF16",1572864.000000,7892249713894,7892249732216
2281,49814,"Agent 1",4,1,1,65536,9122,"fused_moe_kernel",256,0,0,80,0,48,"SQ_INSTS_VALU_MFMA_MOPS_BF16",786432.000000,7892249799609,7892249810033
2281,49829,"Agent 1",4,1,1,49152,9121,"fused_moe_kernel",256,0,0,80,0,48,"FETCH_SIZE",49196.000000,7892250169009,7892250186849
2281,49831,"Agent 1",4,1,1,65536,9122,"fused_moe_kernel",256,0,0,80,0,48,"FETCH_SIZE",24707.000000,7892250285915,7892250296418
2281,49846,"Agent 1",4,1,1,49152,9121,"fused_moe_kernel",256,0,0,80,0,48,"FETCH_SIZE",49195.000000,7892250692559,7892250710801
2281,49848,"Agent 1",4,1,1,65536,9122,"fused_moe_kernel",256,0,0,80,0,48,"FETCH_SIZE",24707.000000,7892250809385,7892250818846
2281,49863,"Agent 1",4,1,1,49152,9121,"fused_moe_kernel",256,0,0,80,0,48,"FETCH_SIZE",49195.750000,7892251215308,7892251233910
2281,49865,"Agent 1",4,1,1,65536,9122,"fused_moe_kernel",256,0,0,80,0,48,"FETCH_SIZE",24707.000000,7892251329247,7892251339149
2281,49880,"Agent 1",4,1,1,49152,9121,"fused_moe_kernel",256,0,0,80,0,48,"FETCH_SIZE",49194.750000,7892251726069,7892251744351
2281,49882,"Agent 1",4,1,1,65536,9122,"fused_moe_kernel",256,0,0,80,0,48,"FETCH_SIZE",24707.000000,7892251840128,7892251849831
2281,49897,"Agent 1",4,1,1,49152,9121,"fused_moe_kernel",256,0,0,80,0,48,"WRITE_SIZE",24.000000,7892252237793,7892252255312
2281,49899,"Agent 1",4,1,1,65536,9122,"fused_moe_kernel",256,0,0,80,0,48,"WRITE_SIZE",32.000000,7892252338301,7892252348284
2282,49914,"Agent 1",4,1,1,49152,9121,"fused_moe_kernel",256,0,0,80,0,48,"WRITE_SIZE",24.000000,7892252734923,7892252752964
2282,49916,"Agent 1",4,1,1,65536,9122,"fused_moe_kernel",256,0,0,80,0,48,"WRITE_SIZE",32.000000,7892252838438,7892252848621
2282,49931,"Agent 1",4,1,1,49152,9121,"fused_moe_kernel",256,0,0,80,0,48,"WRITE_SIZE",24.000000,7892253217821,7892253236223
2282,49933,"Agent 1",4,1,1,65536,9122,"fused_moe_kernel",256,0,0,80,0,48,"WRITE_SIZE",32.000000,7892253317888,7892253327991
2282,49948,"Agent 1",4,1,1,49152,9121,"fused_moe_kernel",256,0,0,80,0,48,"WRITE_SIZE",24.000000,7892253704367,7892253722569
2282,49950,"Agent 1",4,1,1,65536,9122,"fused_moe_kernel",256,0,0,80,0,48,"WRITE_SIZE",32.000000,7892253805277,7892253814778
2313,49995,"Agent 1",4,1,1,49152,9121,"fused_moe_kernel",256,0,0,80,0,48,"SQ_INSTS_VALU_MFMA_MOPS_BF16",1572864.000000,7892255130370,7892255148451
2313,49997,"Agent 1",4,1,1,65536,9122,"fused_moe_kernel",256,0,0,80,0,48,"SQ_INSTS_VALU_MFMA_MOPS_BF16",786432.000000,7892255267722,7892255277223
2313,50012,"Agent 1",4,1,1,49152,9121,"fused_moe_kernel",256,0,0,80,0,48,"SQ_INSTS_VALU_MFMA_MOPS_BF16",1572864.000000,7892255891901,7892255910062
2313,50014,"Agent 1",4,1,1,65536,9122,"fused_moe_kernel",256,0,0,80,0,48,"SQ_INSTS_VALU_MFMA_MOPS_BF16",786432.000000,7892255976253,7892255985554
2313,50029,"Agent 1",4,1,1,49152,9121,"fused_moe_kernel",256,0,0,80,0,48,"SQ_INSTS_VALU_MFMA_MOPS_BF16",1572864.000000,7892260149983,7892260168184
2313,50031,"Agent 1",4,1,1,65536,9122,"fused_moe_kernel",256,0,0,80,0,48,"SQ_INSTS_VALU_MFMA_MOPS_BF16",786432.000000,7892261956811,7892261967034
2313,50046,"Agent 1",4,1,1,49152,9121,"fused_moe_kernel",256,0,0,80,0,48,"SQ_INSTS_VALU_MFMA_MOPS_BF16",1572864.000000,7892271981885,7892271999686
2313,50048,"Agent 1",4,1,1,65536,9122,"fused_moe_kernel",256,0,0,80,0,48,"SQ_INSTS_VALU_MFMA_MOPS_BF16",786432.000000,7892273734189,7892273743972
2313,50063,"Agent 1",4,1,1,49152,9121,"fused_moe_kernel",256,0,0,80,0,48,"FETCH_SIZE",49195.250000,7892283818278,7892283836479
2313,50065,"Agent 1",4,1,1,65536,9122,"fused_moe_kernel",256,0,0,80,0,48,"FETCH_SIZE",24707.000000,7892285510766,7892285520107
2313,50080,"Agent 1",4,1,1,49152,9121,"fused_moe_kernel",256,0,0,80,0,48,"FETCH_SIZE",49197.500000,7892295657276,7892295675478
2313,50082,"Agent 1",4,1,1,65536,9122,"fused_moe_kernel",256,0,0,80,0,48,"FETCH_SIZE",24707.000000,7892297292555,7892297302617
2313,50097,"Agent 1",4,1,1,49152,9121,"fused_moe_kernel",256,0,0,80,0,48,"FETCH_SIZE",49193.750000,7892304039094,7892304056935
2313,50099,"Agent 1",4,1,1,65536,9122,"fused_moe_kernel",256,0,0,80,0,48,"FETCH_SIZE",24707.000000,7892304157443,7892304167466
2313,50114,"Agent 1",4,1,1,49152,9121,"fused_moe_kernel",256,0,0,80,0,48,"FETCH_SIZE",49196.000000,7892304725776,7892304744338
2313,50116,"Agent 1",4,1,1,65536,9122,"fused_moe_kernel",256,0,0,80,0,48,"FETCH_SIZE",24707.000000,7892304846691,7892304857154
2313,50131,"Agent 1",4,1,1,49152,9121,"fused_moe_kernel",256,0,0,80,0,48,"WRITE_SIZE",24.000000,7892305276227,7892305293787
2313,50133,"Agent 1",4,1,1,65536,9122,"fused_moe_kernel",256,0,0,80,0,48,"WRITE_SIZE",32.000000,7892305381386,7892305391569
2313,50148,"Agent 1",4,1,1,49152,9121,"fused_moe_kernel",256,0,0,80,0,48,"WRITE_SIZE",24.000000,7892305803185,7892305820946
2313,50150,"Agent 1",4,1,1,65536,9122,"fused_moe_kernel",256,0,0,80,0,48,"WRITE_SIZE",32.000000,7892305903694,7892305913997
2313,50165,"Agent 1",4,1,1,49152,9121,"fused_moe_kernel",256,0,0,80,0,48,"WRITE_SIZE",24.000000,7892306301599,7892306319760
2313,50167,"Agent 1",4,1,1,65536,9122,"fused_moe_kernel",256,0,0,80,0,48,"WRITE_SIZE",32.000000,7892306408802,7892306418905
2313,50182,"Agent 1",4,1,1,49152,9121,"fused_moe_kernel",256,0,0,80,0,48,"WRITE_SIZE",24.000000,7892306839101,7892306856981
2313,50184,"Agent 1",4,1,1,65536,9122,"fused_moe_kernel",256,0,0,80,0,48,"WRITE_SIZE",32.000000,7892306943458,7892306953681
2313,50199,"Agent 1",4,1,1,49152,9121,"fused_moe_kernel",256,0,0,80,0,48,"SQ_INSTS_VALU_MFMA_MOPS_BF16",1572864.000000,7892307336391,7892307354192
2313,50201,"Agent 1",4,1,1,65536,9122,"fused_moe_kernel",256,0,0,80,0,48,"SQ_INSTS_VALU_MFMA_MOPS_BF16",786432.000000,7892307426997,7892307436499
2313,50216,"Agent 1",4,1,1,49152,9121,"fused_moe_kernel",256,0,0,80,0,48,"SQ_INSTS_VALU_MFMA_MOPS_BF16",1572864.000000,7892307814639,7892307832319
2313,50218,"Agent 1",4,1,1,65536,9122,"fused_moe_kernel",256,0,0,80,0,48,"SQ_INSTS_VALU_MFMA_MOPS_BF16",786432.000000,7892307898028,7892307907610
2313,50233,"Agent 1",4,1,1,49152,9121,"fused_moe_kernel",256,0,0,80,0,48,"SQ_INSTS_VALU_MFMA_MOPS_BF16",1572864.000000,7892308277491,7892308295292
2313,50235,"Agent 1",4,1,1,65536,9122,"fused_moe_kernel",256,0,0,80,0,48,"SQ_INSTS_VALU_MFMA_MOPS_BF16",786432.000000,7892308364890,7892308374552
2314,50250,"Agent 1",4,1,1,49152,9121,"fused_moe_kernel",256,0,0,80,0,48,"SQ_INSTS_VALU_MFMA_MOPS_BF16",1572864.000000,7892308776947,7892308795269
2314,50252,"Agent 1",4,1,1,65536,9122,"fused_moe_kernel",256,0,0,80,0,48,"SQ_INSTS_VALU_MFMA_MOPS_BF16",786432.000000,7892308870680,7892308880743
2314,50267,"Agent 1",4,1,1,49152,9121,"fused_moe_kernel",256,0,0,80,0,48,"FETCH_SIZE",49195.500000,7892309324908,7892309342468
2314,50269,"Agent 1",4,1,1,65536,9122,"fused_moe_kernel",256,0,0,80,0,48,"FETCH_SIZE",24707.000000,7892309441974,7892309452197
2314,50284,"Agent 1",4,1,1,49152,9121,"fused_moe_kernel",256,0,0,80,0,48,"FETCH_SIZE",49194.500000,7892309866539,7892309884580
2314,50286,"Agent 1",4,1,1,65536,9122,"fused_moe_kernel",256,0,0,80,0,48,"FETCH_SIZE",24707.062500,7892309982844,7892309993027
2314,50301,"Agent 1",4,1,1,49152,9121,"fused_moe_kernel",256,0,0,80,0,48,"FETCH_SIZE",49196.000000,7892310415427,7892310433789
2314,50303,"Agent 1",4,1,1,65536,9122,"fused_moe_kernel",256,0,0,80,0,48,"FETCH_SIZE",24707.000000,7892310533135,7892310543478
2314,50318,"Agent 1",4,1,1,49152,9121,"fused_moe_kernel",256,0,0,80,0,48,"FETCH_SIZE",49196.562500,7892310953090,7892310971091
2314,50320,"Agent 1",4,1,1,65536,9122,"fused_moe_kernel",256,0,0,80,0,48,"FETCH_SIZE",24707.000000,7892311066949,7892311077011
2314,50335,"Agent 1",4,1,1,49152,9121,"fused_moe_kernel",256,0,0,80,0,48,"WRITE_SIZE",24.000000,7892311487826,7892311506267
2314,50337,"Agent 1",4,1,1,65536,9122,"fused_moe_kernel",256,0,0,80,0,48,"WRITE_SIZE",32.000000,7892311593426,7892311602927
2314,50352,"Agent 1",4,1,1,49152,9121,"fused_moe_kernel",256,0,0,80,0,48,"WRITE_SIZE",24.000000,7892312007046,7892312025207
2314,50354,"Agent 1",4,1,1,65536,9122,"fused_moe_kernel",256,0,0,80,0,48,"WRITE_SIZE",32.000000,7892312115773,7892312125235
2314,50369,"Agent 1",4,1,1,49152,9121,"fused_moe_kernel",256,0,0,80,0,48,"WRITE_SIZE",24.000000,7892312516003,7892312534646
2314,50371,"Agent 1",4,1,1,65536,9122,"fused_moe_kernel",256,0,0,80,0,48,"WRITE_SIZE",32.000000,7892312622846,7892312632669
2314,50386,"Agent 1",4,1,1,49152,9121,"fused_moe_kernel",256,0,0,80,0,48,"WRITE_SIZE",24.000000,7892313039393,7892313057354
2314,50388,"Agent 1",4,1,1,65536,9122,"fused_moe_kernel",256,0,0,80,0,48,"WRITE_SIZE",32.000000,7892313148040,7892313157662
2314,50403,"Agent 1",4,1,1,49152,9121,"fused_moe_kernel",256,0,0,80,0,48,"SQ_INSTS_VALU_MFMA_MOPS_BF16",1572864.000000,7892313530069,7892313548310
2314,50405,"Agent 1",4,1,1,65536,9122,"fused_moe_kernel",256,0,0,80,0,48,"SQ_INSTS_VALU_MFMA_MOPS_BF16",786432.000000,7892313612737,7892313622720
2314,50420,"Agent 1",4,1,1,49152,9121,"fused_moe_kernel",256,0,0,80,0,48,"SQ_INSTS_VALU_MFMA_MOPS_BF16",1572864.000000,7892313987910,7892314005470
2314,50422,"Agent 1",4,1,1,65536,9122,"fused_moe_kernel",256,0,0,80,0,48,"SQ_INSTS_VALU_MFMA_MOPS_BF16",786432.000000,7892314074066,7892314084369
2314,50437,"Agent 1",4,1,1,49152,9121,"fused_moe_kernel",256,0,0,80,0,48,"SQ_INSTS_VALU_MFMA_MOPS_BF16",1572864.000000,7892314467240,7892314485562
2314,50439,"Agent 1",4,1,1,65536,9122,"fused_moe_kernel",256,0,0,80,0,48,"SQ_INSTS_VALU_MFMA_MOPS_BF16",786432.000000,7892314553115,7892314563018
2314,50454,"Agent 1",4,1,1,49152,9121,"fused_moe_kernel",256,0,0,80,0,48,"SQ_INSTS_VALU_MFMA_MOPS_BF16",1572864.000000,7892314940075,7892314957956
2314,50456,"Agent 1",4,1,1,65536,9122,"fused_moe_kernel",256,0,0,80,0,48,"SQ_INSTS_VALU_MFMA_MOPS_BF16",786432.000000,7892315029278,7892315039541
2314,50471,"Agent 1",4,1,1,49152,9121,"fused_moe_kernel",256,0,0,80,0,48,"FETCH_SIZE",49195.500000,7892315413391,7892315431111
2314,50473,"Agent 1",4,1,1,65536,9122,"fused_moe_kernel",256,0,0,80,0,48,"FETCH_SIZE",24707.000000,7892315523922,7892315534106
2314,50488,"Agent 1",4,1,1,49152,9121,"fused_moe_kernel",256,0,0,80,0,48,"FETCH_SIZE",49195.000000,7892315934777,7892315951655
2314,50490,"Agent 1",4,1,1,65536,9122,"fused_moe_kernel",256,0,0,80,0,48,"FETCH_SIZE",24707.000000,7892316049798,7892316060102
2315,50505,"Agent 1",4,1,1,49152,9121,"fused_moe_kernel",256,0,0,80,0,48,"FETCH_SIZE",49195.000000,7892316465303,7892316482863
2315,50507,"Agent 1",4,1,1,65536,9122,"fused_moe_kernel",256,0,0,80,0,48,"FETCH_SIZE",24707.000000,7892316578520,7892316588503
2315,50522,"Agent 1",4,1,1,49152,9121,"fused_moe_kernel",256,0,0,80,0,48,"FETCH_SIZE",49196.750000,7892316996110,7892317014231
2315,50524,"Agent 1",4,1,1,65536,9122,"fused_moe_kernel",256,0,0,80,0,48,"FETCH_SIZE",24707.000000,7892317112174,7892317121595
2315,50539,"Agent 1",4,1,1,49152,9121,"fused_moe_kernel",256,0,0,80,0,48,"WRITE_SIZE",24.000000,7892317514128,7892317532008
2315,50541,"Agent 1",4,1,1,65536,9122,"fused_moe_kernel",256,0,0,80,0,48,"WRITE_SIZE",32.000000,7892317612271,7892317622614
2315,50556,"Agent 1",4,1,1,49152,9121,"fused_moe_kernel",256,0,0,80,0,48,"WRITE_SIZE",24.000000,7892318031905,7892318049746
2315,50558,"Agent 1",4,1,1,65536,9122,"fused_moe_kernel",256,0,0,80,0,48,"WRITE_SIZE",32.000000,7892318134578,7892318144441
2315,50573,"Agent 1",4,1,1,49152,9121,"fused_moe_kernel",256,0,0,80,0,48,"WRITE_SIZE",24.000000,7892318523503,7892318541223
2315,50575,"Agent 1",4,1,1,65536,9122,"fused_moe_kernel",256,0,0,80,0,48,"WRITE_SIZE",32.000000,7892318626818,7892318637241
2315,50590,"Agent 1",4,1,1,49152,9121,"fused_moe_kernel",256,0,0,80,0,48,"WRITE_SIZE",24.000000,7892319036870,7892319055512
2315,50592,"Agent 1",4,1,1,65536,9122,"fused_moe_kernel",256,0,0,80,0,48,"WRITE_SIZE",32.000000,7892319137579,7892319147161
2315,50607,"Agent 1",4,1,1,49152,9121,"fused_moe_kernel",256,0,0,80,0,48,"SQ_INSTS_VALU_MFMA_MOPS_BF16",1572864.000000,7892319531394,7892319549235
2315,50609,"Agent 1",4,1,1,65536,9122,"fused_moe_kernel",256,0,0,80,0,48,"SQ_INSTS_VALU_MFMA_MOPS_BF16",786432.000000,7892319613301,7892319623163
2315,50624,"Agent 1",4,1,1,49152,9121,"fused_moe_kernel",256,0,0,80,0,48,"SQ_INSTS_VALU_MFMA_MOPS_BF16",1572864.000000,7892319993325,7892320011165
2315,50626,"Agent 1",4,1,1,65536,9122,"fused_moe_kernel",256,0,0,80,0,48,"SQ_INSTS_VALU_MFMA_MOPS_BF16",786432.000000,7892320077797,7892320087779
2315,50641,"Agent 1",4,1,1,49152,9121,"fused_moe_kernel",256,0,0,80,0,48,"SQ_INSTS_VALU_MFMA_MOPS_BF16",1572864.000000,7892320447277,7892320465879
2315,50643,"Agent 1",4,1,1,65536,9122,"fused_moe_kernel",256,0,0,80,0,48,"SQ_INSTS_VALU_MFMA_MOPS_BF16",786432.000000,7892320529744,7892320539406
2315,50658,"Agent 1",4,1,1,49152,9121,"fused_moe_kernel",256,0,0,80,0,48,"SQ_INSTS_VALU_MFMA_MOPS_BF16",1572864.000000,7892320906762,7892320924923
2315,50660,"Agent 1",4,1,1,65536,9122,"fused_moe_kernel",256,0,0,80,0,48,"SQ_INSTS_VALU_MFMA_MOPS_BF16",786432.000000,7892320990873,7892320999893
2315,50675,"Agent 1",4,1,1,49152,9121,"fused_moe_kernel",256,0,0,80,0,48,"FETCH_SIZE",49195.250000,7892321353858,7892321372100
2315,50677,"Agent 1",4,1,1,65536,9122,"fused_moe_kernel",256,0,0,80,0,48,"FETCH_SIZE",24707.000000,7892321466314,7892321475695
2315,50692,"Agent 1",4,1,1,49152,9121,"fused_moe_kernel",256,0,0,80,0,48,"FETCH_SIZE",49193.000000,7892321867346,7892321885547
2315,50694,"Agent 1",4,1,1,65536,9122,"fused_moe_kernel",256,0,0,80,0,48,"FETCH_SIZE",24707.000000,7892321980563,7892321990786
2315,50709,"Agent 1",4,1,1,49152,9121,"fused_moe_kernel",256,0,0,80,0,48,"FETCH_SIZE",49196.500000,7892322377105,7892322395106
2315,50711,"Agent 1",4,1,1,65536,9122,"fused_moe_kernel",256,0,0,80,0,48,"FETCH_SIZE",24707.000000,7892322487436,7892322497258
2315,50726,"Agent 1",4,1,1,49152,9121,"fused_moe_kernel",256,0,0,80,0,48,"FETCH_SIZE",49194.500000,7892322885140,7892322903221
2315,50728,"Agent 1",4,1,1,65536,9122,"fused_moe_kernel",256,0,0,80,0,48,"FETCH_SIZE",24707.000000,7892322999720,7892323009783
2315,50743,"Agent 1",4,1,1,49152,9121,"fused_moe_kernel",256,0,0,80,0,48,"WRITE_SIZE",24.000000,7892323381709,7892323399309
2315,50745,"Agent 1",4,1,1,65536,9122,"fused_moe_kernel",256,0,0,80,0,48,"WRITE_SIZE",32.000000,7892323480854,7892323490236
2316,50760,"Agent 1",4,1,1,49152,9121,"fused_moe_kernel",256,0,0,80,0,48,"WRITE_SIZE",24.000000,7892323859716,7892323877637
2316,50762,"Agent 1",4,1,1,65536,9122,"fused_moe_kernel",256,0,0,80,0,48,"WRITE_SIZE",32.000000,7892323960545,7892323970127
2316,50777,"Agent 1",4,1,1,49152,9121,"fused_moe_kernel",256,0,0,80,0,48,"WRITE_SIZE",24.000000,7892324358690,7892324375929
2316,50779,"Agent 1",4,1,1,65536,9122,"fused_moe_kernel",256,0,0,80,0,48,"WRITE_SIZE",32.000000,7892324459840,7892324470023
2316,50794,"Agent 1",4,1,1,49152,9121,"fused_moe_kernel",256,0,0,80,0,48,"WRITE_SIZE",24.000000,7892324842230,7892324860311
2316,50796,"Agent 1",4,1,1,65536,9122,"fused_moe_kernel",256,0,0,80,0,48,"WRITE_SIZE",32.000000,7892324943219,7892324953122
2347,50841,"Agent 1",4,1,1,49152,9121,"fused_moe_kernel",256,0,0,80,0,48,"SQ_INSTS_VALU_MFMA_MOPS_BF16",1572864.000000,7892326291565,7892326309285
2347,50843,"Agent 1",4,1,1,65536,9122,"fused_moe_kernel",256,0,0,80,0,48,"SQ_INSTS_VALU_MFMA_MOPS_BF16",786432.000000,7892326374915,7892326385058
2347,50858,"Agent 1",4,1,1,49152,9121,"fused_moe_kernel",256,0,0,80,0,48,"SQ_INSTS_VALU_MFMA_MOPS_BF16",1572864.000000,7892327004987,7892327022868
2347,50860,"Agent 1",4,1,1,65536,9122,"fused_moe_kernel",256,0,0,80,0,48,"SQ_INSTS_VALU_MFMA_MOPS_BF16",786432.000000,7892327095273,7892327105335
2347,50875,"Agent 1",4,1,1,49152,9121,"fused_moe_kernel",256,0,0,80,0,48,"SQ_INSTS_VALU_MFMA_MOPS_BF16",1572864.000000,7892333945047,7892333962366
2347,50877,"Agent 1",4,1,1,65536,9122,"fused_moe_kernel",256,0,0,80,0,48,"SQ_INSTS_VALU_MFMA_MOPS_BF16",786432.000000,7892335578722,7892335588343
2347,50892,"Agent 1",4,1,1,49152,9121,"fused_moe_kernel",256,0,0,80,0,48,"SQ_INSTS_VALU_MFMA_MOPS_BF16",1572864.000000,7892344036713,7892344054313
2347,50894,"Agent 1",4,1,1,65536,9122,"fused_moe_kernel",256,0,0,80,0,48,"SQ_INSTS_VALU_MFMA_MOPS_BF16",786432.000000,7892345721584,7892345731205
2347,50909,"Agent 1",4,1,1,49152,9121,"fused_moe_kernel",256,0,0,80,0,48,"FETCH_SIZE",49195.250000,7892357503132,7892357520772
2347,50911,"Agent 1",4,1,1,65536,9122,"fused_moe_kernel",256,0,0,80,0,48,"FETCH_SIZE",24707.000000,7892357676847,7892357686990
2347,50926,"Agent 1",4,1,1,49152,9121,"fused_moe_kernel",256,0,0,80,0,48,"FETCH_SIZE",49195.750000,7892370888085,7892370905846
2347,50928,"Agent 1",4,1,1,65536,9122,"fused_moe_kernel",256,0,0,80,0,48,"FETCH_SIZE",24707.000000,7892372639103,7892372648885
2347,50943,"Agent 1",4,1,1,49152,9121,"fused_moe_kernel",256,0,0,80,0,48,"FETCH_SIZE",49196.500000,7892375300153,7892375317633
2347,50945,"Agent 1",4,1,1,65536,9122,"fused_moe_kernel",256,0,0,80,0,48,"FETCH_SIZE",24707.187500,7892375469699,7892375479722
2347,50960,"Agent 1",4,1,1,49152,9121,"fused_moe_kernel",256,0,0,80,0,48,"FETCH_SIZE",49194.750000,7892375959573,7892375977052
2347,50962,"Agent 1",4,1,1,65536,9122,"fused_moe_kernel",256,0,0,80,0,48,"FETCH_SIZE",24707.000000,7892376073913,7892376083855
2347,50977,"Agent 1",4,1,1,49152,9121,"fused_moe_kernel",256,0,0,80,0,48,"WRITE_SIZE",24.000000,7892376480036,7892376497917
2347,50979,"Agent 1",4,1,1,65536,9122,"fused_moe_kernel",256,0,0,80,0,48,"WRITE_SIZE",32.000000,7892376579663,7892376589565
2347,50994,"Agent 1",4,1,1,49152,9121,"fused_moe_kernel",256,0,0,80,0,48,"WRITE_SIZE",24.000000,7892376995127,7892377013409
2347,50996,"Agent 1",4,1,1,65536,9122,"fused_moe_kernel",256,0,0,80,0,48,"WRITE_SIZE",32.000000,7892377104817,7892377114278
2347,51011,"Agent 1",4,1,1,49152,9121,"fused_moe_kernel",256,0,0,80,0,48,"WRITE_SIZE",24.000000,7892377521324,7892377539044
2347,51013,"Agent 1",4,1,1,65536,9122,"fused_moe_kernel",256,0,0,80,0,48,"WRITE_SIZE",32.000000,7892377623716,7892377634060
2347,51028,"Agent 1",4,1,1,49152,9121,"fused_moe_kernel",256,0,0,80,0,48,"WRITE_SIZE",24.000000,7892378034490,7892378052772
2347,51030,"Agent 1",4,1,1,65536,9122,"fused_moe_kernel",256,0,0,80,0,48,"WRITE_SIZE",32.000000,7892378144100,7892378154082
2347,51045,"Agent 1",4,1,1,49152,9121,"fused_moe_kernel",256,0,0,80,0,48,"SQ_INSTS_VALU_MFMA_MOPS_BF16",1572864.000000,7892378545051,7892378562651
2347,51047,"Agent 1",4,1,1,65536,9122,"fused_moe_kernel",256,0,0,80,0,48,"SQ_INSTS_VALU_MFMA_MOPS_BF16",786432.000000,7892378632731,7892378642994
2347,51062,"Agent 1",4,1,1,49152,9121,"fused_moe_kernel",256,0,0,80,0,48,"SQ_INSTS_VALU_MFMA_MOPS_BF16",1572864.000000,7892379029753,7892379047875
2347,51064,"Agent 1",4,1,1,65536,9122,"fused_moe_kernel",256,0,0,80,0,48,"SQ_INSTS_VALU_MFMA_MOPS_BF16",786432.000000,7892379117513,7892379127135
2347,51079,"Agent 1",4,1,1,49152,9121,"fused_moe_kernel",256,0,0,80,0,48,"SQ_INSTS_VALU_MFMA_MOPS_BF16",1572864.000000,7892379507159,7892379524919
2347,51081,"Agent 1",4,1,1,65536,9122,"fused_moe_kernel",256,0,0,80,0,48,"SQ_INSTS_VALU_MFMA_MOPS_BF16",786432.000000,7892379588384,7892379597765
2348,51096,"Agent 1",4,1,1,49152,9121,"fused_moe_kernel",256,0,0,80,0,48,"SQ_INSTS_VALU_MFMA_MOPS_BF16",1572864.000000,7892379992382,7892380009942
2348,51098,"Agent 1",4,1,1,65536,9122,"fused_moe_kernel",256,0,0,80,0,48,"SQ_INSTS_VALU_MFMA_MOPS_BF16",786432.000000,7892380078819,7892380089683
2348,51113,"Agent 1",4,1,1,49152,9121,"fused_moe_kernel",256,0,0,80,0,48,"FETCH_SIZE",49194.750000,7892380476483,7892380494043
2348,51115,"Agent 1",4,1,1,65536,9122,"fused_moe_kernel",256,0,0,80,0,48,"FETCH_SIZE",24707.000000,7892380588538,7892380598320
2348,51130,"Agent 1",4,1,1,49152,9121,"fused_moe_kernel",256,0,0,80,0,48,"FETCH_SIZE",49196.500000,7892381001156,7892381018996
2348,51132,"Agent 1",4,1,1,65536,9122,"fused_moe_kernel",256,0,0,80,0,48,"FETCH_SIZE",24707.000000,7892381118302,7892381127804
2348,51147,"Agent 1",4,1,1,49152,9121,"fused_moe_kernel",256,0,0,80,0,48,"FETCH_SIZE",49194.750000,7892381521900,7892381539861
2348,51149,"Agent 1",4,1,1,65536,9122,"fused_moe_kernel",256,0,0,80,0,48,"FETCH_SIZE",24707.000000,7892381635238,7892381645501
2348,51164,"Agent 1",4,1,1,49152,9121,"fused_moe_kernel",256,0,0,80,0,48,"FETCH_SIZE",49196.750000,7892382060565,7892382078766
2348,51166,"Agent 1",4,1,1,65536,9122,"fused_moe_kernel",256,0,0,80,0,48,"FETCH_SIZE",24707.000000,7892382178954,7892382189177
2348,51181,"Agent 1",4,1,1,49152,9121,"fused_moe_kernel",256,0,0,80,0,48,"WRITE_SIZE",24.000000,7892382587563,7892382605203
2348,51183,"Agent 1",4,1,1,65536,9122,"fused_moe_kernel",256,0,0,80,0,48,"WRITE_SIZE",32.000000,7892382696130,7892382705832
2348,51198,"Agent 1",4,1,1,49152,9121,"fused_moe_kernel",256,0,0,80,0,48,"WRITE_SIZE",24.000000,7892383116927,7892383134847
2348,51200,"Agent 1",4,1,1,65536,9122,"fused_moe_kernel",256,0,0,80,0,48,"WRITE_SIZE",32.000000,7892383218477,7892383228781
2348,51215,"Agent 1",4,1,1,49152,9121,"fused_moe_kernel",256,0,0,80,0,48,"WRITE_SIZE",24.000000,7892383623919,7892383642522
2348,51217,"Agent 1",4,1,1,65536,9122,"fused_moe_kernel",256,0,0,80,0,48,"WRITE_SIZE",32.000000,7892383733609,7892383743912
2348,51232,"Agent 1",4,1,1,49152,9121,"fused_moe_kernel",256,0,0,80,0,48,"WRITE_SIZE",24.000000,7892384134480,7892384152481
2348,51234,"Agent 1",4,1,1,65536,9122,"fused_moe_kernel",256,0,0,80,0,48,"WRITE_SIZE",32.000000,7892384234989,7892384245212
2348,51249,"Agent 1",4,1,1,49152,9121,"fused_moe_kernel",256,0,0,80,0,48,"SQ_INSTS_VALU_MFMA_MOPS_BF16",1572864.000000,7892384621508,7892384639629
2348,51251,"Agent 1",4,1,1,65536,9122,"fused_moe_kernel",256,0,0,80,0,48,"SQ_INSTS_VALU_MFMA_MOPS_BF16",786432.000000,7892384708866,7892384719290
2348,51266,"Agent 1",4,1,1,49152,9121,"fused_moe_kernel",256,0,0,80,0,48,"SQ_INSTS_VALU_MFMA_MOPS_BF16",1572864.000000,7892385107613,7892385125052
2348,51268,"Agent 1",4,1,1,65536,9122,"fused_moe_kernel",256,0,0,80,0,48,"SQ_INSTS_VALU_MFMA_MOPS_BF16",786432.000000,7892385195493,7892385205435
2348,51283,"Agent 1",4,1,1,49152,9121,"fused_moe_kernel",256,0,0,80,0,48,"SQ_INSTS_VALU_MFMA_MOPS_BF16",1572864.000000,7892385578644,7892385595963
2348,51285,"Agent 1",4,1,1,65536,9122,"fused_moe_kernel",256,0,0,80,0,48,"SQ_INSTS_VALU_MFMA_MOPS_BF16",786432.000000,7892385659067,7892385668729
2348,51300,"Agent 1",4,1,1,49152,9121,"fused_moe_kernel",256,0,0,80,0,48,"SQ_INSTS_VALU_MFMA_MOPS_BF16",1572864.000000,7892386055849,7892386073609
2348,51302,"Agent 1",4,1,1,65536,9122,"fused_moe_kernel",256,0,0,80,0,48,"SQ_INSTS_VALU_MFMA_MOPS_BF16",786432.000000,7892386137635,7892386147016
2348,51317,"Agent 1",4,1,1,49152,9121,"fused_moe_kernel",256,0,0,80,0,48,"FETCH_SIZE",49195.500000,7892386522229,7892386539869
2348,51319,"Agent 1",4,1,1,65536,9122,"fused_moe_kernel",256,0,0,80,0,48,"FETCH_SIZE",24707.000000,7892386635126,7892386644467
2348,51334,"Agent 1",4,1,1,49152,9121,"fused_moe_kernel",256,0,0,80,0,48,"FETCH_SIZE",49195.500000,7892387047143,7892387065384
2348,51336,"Agent 1",4,1,1,65536,9122,"fused_moe_kernel",256,0,0,80,0,48,"FETCH_SIZE",24707.000000,7892387167256,7892387177118
2349,51351,"Agent 1",4,1,1,49152,9121,"fused_moe_kernel",256,0,0,80,0,48,"FETCH_SIZE",49195.750000,7892387573059,7892387590779
2349,51353,"Agent 1",4,1,1,65536,9122,"fused_moe_kernel",256,0,0,80,0,48,"FETCH_SIZE",24707.000000,7892387686356,7892387696539
2349,51368,"Agent 1",4,1,1,49152,9121,"fused_moe_kernel",256,0,0,80,0,48,"FETCH_SIZE",49195.250000,7892388106872,7892388124553
2349,51370,"Agent 1",4,1,1,65536,9122,"fused_moe_kernel",256,0,0,80,0,48,"FETCH_SIZE",24707.000000,7892388222295,7892388231796
2349,51385,"Agent 1",4,1,1,49152,9121,"fused_moe_kernel",256,0,0,80,0,48,"WRITE_SIZE",24.000000,7892388623527,7892388641368
2349,51387,"Agent 1",4,1,1,65536,9122,"fused_moe_kernel",256,0,0,80,0,48,"WRITE_SIZE",32.000000,7892388729528,7892388738990
2349,51402,"Agent 1",4,1,1,49152,9121,"fused_moe_kernel",256,0,0,80,0,48,"WRITE_SIZE",24.000000,7892389137656,7892389155697
2349,51404,"Agent 1",4,1,1,65536,9122,"fused_moe_kernel",256,0,0,80,0,48,"WRITE_SIZE",32.000000,7892389243056,7892389252918
2349,51419,"Agent 1",4,1,1,49152,9121,"fused_moe_kernel",256,0,0,80,0,48,"WRITE_SIZE",24.000000,7892389646052,7892389663852
2349,51421,"Agent 1",4,1,1,65536,9122,"fused_moe_kernel",256,0,0,80,0,48,"WRITE_SIZE",32.000000,7892389752294,7892389762838
2349,51436,"Agent 1",4,1,1,49152,9121,"fused_moe_kernel",256,0,0,80,0,48,"WRITE_SIZE",24.000000,7892390175536,7892390194539
2349,51438,"Agent 1",4,1,1,65536,9122,"fused_moe_kernel",256,0,0,80,0,48,"WRITE_SIZE",32.000000,7892390280495,7892390290798
2349,51453,"Agent 1",4,1,1,49152,9121,"fused_moe_kernel",256,0,0,80,0,48,"SQ_INSTS_VALU_MFMA_MOPS_BF16",1572864.000000,7892390669860,7892390687941
2349,51455,"Agent 1",4,1,1,65536,9122,"fused_moe_kernel",256,0,0,80,0,48,"SQ_INSTS_VALU_MFMA_MOPS_BF16",786432.000000,7892390754011,7892390763473
2349,51470,"Agent 1",4,1,1,49152,9121,"fused_moe_kernel",256,0,0,80,0,48,"SQ_INSTS_VALU_MFMA_MOPS_BF16",1572864.000000,7892391136080,7892391153880
2349,51472,"Agent 1",4,1,1,65536,9122,"fused_moe_kernel",256,0,0,80,0,48,"SQ_INSTS_VALU_MFMA_MOPS_BF16",786432.000000,7892391220512,7892391230014
2349,51487,"Agent 1",4,1,1,49152,9121,"fused_moe_kernel",256,0,0,80,0,48,"SQ_INSTS_VALU_MFMA_MOPS_BF16",1572864.000000,7892391594482,7892391613044
2349,51489,"Agent 1",4,1,1,65536,9122,"fused_moe_kernel",256,0,0,80,0,48,"SQ_INSTS_VALU_MFMA_MOPS_BF16",786432.000000,7892391684126,7892391694069
2349,51504,"Agent 1",4,1,1,49152,9121,"fused_moe_kernel",256,0,0,80,0,48,"SQ_INSTS_VALU_MFMA_MOPS_BF16",1572864.000000,7892392064952,7892392082632
2349,51506,"Agent 1",4,1,1,65536,9122,"fused_moe_kernel",256,0,0,80,0,48,"SQ_INSTS_VALU_MFMA_MOPS_BF16",786432.000000,7892392152952,7892392163255
2349,51521,"Agent 1",4,1,1,49152,9121,"fused_moe_kernel",256,0,0,80,0,48,"FETCH_SIZE",49195.250000,7892392530611,7892392548732
2349,51523,"Agent 1",4,1,1,65536,9122,"fused_moe_kernel",256,0,0,80,0,48,"FETCH_SIZE",24707.000000,7892392644029,7892392653891
2349,51538,"Agent 1",4,1,1,49152,9121,"fused_moe_kernel",256,0,0,80,0,48,"FETCH_SIZE",49195.000000,7892393059814,7892393077975
2349,51540,"Agent 1",4,1,1,65536,9122,"fused_moe_kernel",256,0,0,80,0,48,"FETCH_SIZE",24707.000000,7892393170987,7892393180488
2349,51555,"Agent 1",4,1,1,49152,9121,"fused_moe_kernel",256,0,0,80,0,48,"FETCH_SIZE",49194.250000,7892393570575,7892393589057
2349,51557,"Agent 1",4,1,1,65536,9122,"fused_moe_kernel",256,0,0,80,0,48,"FETCH_SIZE",24707.000000,7892393683352,7892393693174
2349,51572,"Agent 1",4,1,1,49152,9121,"fused_moe_kernel",256,0,0,80,0,48,"FETCH_SIZE",49194.500000,7892394093725,7892394111646
2349,51574,"Agent 1",4,1,1,65536,9122,"fused_moe_kernel",256,0,0,80,0,48,"FETCH_SIZE",24707.000000,7892394207624,7892394217847
2349,51589,"Agent 1",4,1,1,49152,9121,"fused_moe_kernel",256,0,0,80,0,48,"WRITE_SIZE",24.000000,7892394603083,7892394620643
2349,51591,"Agent 1",4,1,1,65536,9122,"fused_moe_kernel",256,0,0,80,0,48,"WRITE_SIZE",32.000000,7892394706077,7892394715579
2350,51606,"Agent 1",4,1,1,49152,9121,"fused_moe_kernel",256,0,0,80,0,48,"WRITE_SIZE",24.000000,7892395103942,7892395121863
2350,51608,"Agent 1",4,1,1,65536,9122,"fused_moe_kernel",256,0,0,80,0,48,"WRITE_SIZE",32.000000,7892395208339,7892395218121
2350,51623,"Agent 1",4,1,1,49152,9121,"fused_moe_kernel",256,0,0,80,0,48,"WRITE_SIZE",24.000000,7892395590047,7892395607687
2350,51625,"Agent 1",4,1,1,65536,9122,"fused_moe_kernel",256,0,0,80,0,48,"WRITE_SIZE",32.000000,7892395693723,7892395703104
2350,51640,"Agent 1",4,1,1,49152,9121,"fused_moe_kernel",256,0,0,80,0,48,"WRITE_SIZE",24.000000,7892396090826,7892396108506
2350,51642,"Agent 1",4,1,1,65536,9122,"fused_moe_kernel",256,0,0,80,0,48,"WRITE_SIZE",32.000000,7892396193860,7892396204444
2381,51687,"Agent 1",4,1,1,49152,9121,"fused_moe_kernel",256,0,0,80,0,48,"SQ_INSTS_VALU_MFMA_MOPS_BF16",1572864.000000,7892397553592,7892397571633
2381,51689,"Agent 1",4,1,1,65536,9122,"fused_moe_kernel",256,0,0,80,0,48,"SQ_INSTS_VALU_MFMA_MOPS_BF16",786432.000000,7892397638304,7892397648207
2381,51704,"Agent 1",4,1,1,49152,9121,"fused_moe_kernel",256,0,0,80,0,48,"SQ_INSTS_VALU_MFMA_MOPS_BF16",1572864.000000,7892398275954,7892398293674
2381,51706,"Agent 1",4,1,1,65536,9122,"fused_moe_kernel",256,0,0,80,0,48,"SQ_INSTS_VALU_MFMA_MOPS_BF16",786432.000000,7892398361629,7892398371531
2381,51721,"Agent 1",4,1,1,49152,9121,"fused_moe_kernel",256,0,0,80,0,48,"SQ_INSTS_VALU_MFMA_MOPS_BF16",1572864.000000,7892399390809,7892399408409
2381,51723,"Agent 1",4,1,1,65536,9122,"fused_moe_kernel",256,0,0,80,0,48,"SQ_INSTS_VALU_MFMA_MOPS_BF16",786432.000000,7892402838368,7892402848270
2381,51738,"Agent 1",4,1,1,49152,9121,"fused_moe_kernel",256,0,0,80,0,48,"SQ_INSTS_VALU_MFMA_MOPS_BF16",1572864.000000,7892412986562,7892413005525
2381,51740,"Agent 1",4,1,1,65536,9122,"fused_moe_kernel",256,0,0,80,0,48,"SQ_INSTS_VALU_MFMA_MOPS_BF16",786432.000000,7892414096325,7892414106148
2381,51755,"Agent 1",4,1,1,49152,9121,"fused_moe_kernel",256,0,0,80,0,48,"FETCH_SIZE",49195.500000,7892426426441,7892426444803
2381,51757,"Agent 1",4,1,1,65536,9122,"fused_moe_kernel",256,0,0,80,0,48,"FETCH_SIZE",24707.000000,7892428175738,7892428186082
2381,51772,"Agent 1",4,1,1,49152,9121,"fused_moe_kernel",256,0,0,80,0,48,"FETCH_SIZE",49194.500000,7892441525520,7892441543561
2381,51774,"Agent 1",4,1,1,65536,9122,"fused_moe_kernel",256,0,0,80,0,48,"FETCH_SIZE",24707.000000,7892443215082,7892443225345
2381,51789,"Agent 1",4,1,1,49152,9121,"fused_moe_kernel",256,0,0,80,0,48,"FETCH_SIZE",49196.750000,7892446560569,7892446578329
2381,51791,"Agent 1",4,1,1,65536,9122,"fused_moe_kernel",256,0,0,80,0,48,"FETCH_SIZE",24707.000000,7892446692909,7892446702211
2381,51806,"Agent 1",4,1,1,49152,9121,"fused_moe_kernel",256,0,0,80,0,48,"FETCH_SIZE",49194.500000,7892447244403,7892447261963
2381,51808,"Agent 1",4,1,1,65536,9122,"fused_moe_kernel",256,0,0,80,0,48,"FETCH_SIZE",24707.000000,7892447363594,7892447372936
2381,51823,"Agent 1",4,1,1,49152,9121,"fused_moe_kernel",256,0,0,80,0,48,"WRITE_SIZE",24.000000,7892447775130,7892447793091
2381,51825,"Agent 1",4,1,1,65536,9122,"fused_moe_kernel",256,0,0,80,0,48,"WRITE_SIZE",32.000000,7892447881532,7892447891755
2381,51840,"Agent 1",4,1,1,49152,9121,"fused_moe_kernel",256,0,0,80,0,48,"WRITE_SIZE",24.000000,7892448294952,7892448312151
2381,51842,"Agent 1",4,1,1,65536,9122,"fused_moe_kernel",256,0,0,80,0,48,"WRITE_SIZE",32.000000,7892448393857,7892448404040
2381,51857,"Agent 1",4,1,1,49152,9121,"fused_moe_kernel",256,0,0,80,0,48,"WRITE_SIZE",24.000000,7892448796653,7892448814333
2381,51859,"Agent 1",4,1,1,65536,9122,"fused_moe_kernel",256,0,0,80,0,48,"WRITE_SIZE",32.000000,7892448899527,7892448910071
2381,51874,"Agent 1",4,1,1,49152,9121,"fused_moe_kernel",256,0,0,80,0,48,"WRITE_SIZE",24.000000,7892449330908,7892449349069
2381,51876,"Agent 1",4,1,1,65536,9122,"fused_moe_kernel",256,0,0,80,0,48,"WRITE_SIZE",32.000000,7892449429331,7892449439595
2381,51891,"Agent 1",4,1,1,49152,9121,"fused_moe_kernel",256,0,0,80,0,48,"SQ_INSTS_VALU_MFMA_MOPS_BF16",1572864.000000,7892449830002,7892449847883
2381,51893,"Agent 1",4,1,1,65536,9122,"fused_moe_kernel",256,0,0,80,0,48,"SQ_INSTS_VALU_MFMA_MOPS_BF16",786432.000000,7892449917922,7892449928306
2381,51908,"Agent 1",4,1,1,49152,9121,"fused_moe_kernel",256,0,0,80,0,48,"SQ_INSTS_VALU_MFMA_MOPS_BF16",1572864.000000,7892450309693,7892450327534
2381,51910,"Agent 1",4,1,1,65536,9122,"fused_moe_kernel",256,0,0,80,0,48,"SQ_INSTS_VALU_MFMA_MOPS_BF16",786432.000000,7892450394125,7892450404469
2381,51925,"Agent 1",4,1,1,49152,9121,"fused_moe_kernel",256,0,0,80,0,48,"SQ_INSTS_VALU_MFMA_MOPS_BF16",1572864.000000,7892450797562,7892450815363
2381,51927,"Agent 1",4,1,1,65536,9122,"fused_moe_kernel",256,0,0,80,0,48,"SQ_INSTS_VALU_MFMA_MOPS_BF16",786432.000000,7892450884881,7892450894302
2382,51942,"Agent 1",4,1,1,49152,9121,"fused_moe_kernel",256,0,0,80,0,48,"SQ_INSTS_VALU_MFMA_MOPS_BF16",1572864.000000,7892451274246,7892451292448
2382,51944,"Agent 1",4,1,1,65536,9122,"fused_moe_kernel",256,0,0,80,0,48,"SQ_INSTS_VALU_MFMA_MOPS_BF16",786432.000000,7892451355992,7892451366376
2382,51959,"Agent 1",4,1,1,49152,9121,"fused_moe_kernel",256,0,0,80,0,48,"FETCH_SIZE",49194.000000,7892451729802,7892451748484
2382,51961,"Agent 1",4,1,1,65536,9122,"fused_moe_kernel",256,0,0,80,0,48,"FETCH_SIZE",24707.000000,7892451846187,7892451855849
2382,51976,"Agent 1",4,1,1,49152,9121,"fused_moe_kernel",256,0,0,80,0,48,"FETCH_SIZE",49194.750000,7892452269188,7892452287590
2382,51978,"Agent 1",4,1,1,65536,9122,"fused_moe_kernel",256,0,0,80,0,48,"FETCH_SIZE",24707.000000,7892452383809,7892452394072
2382,51993,"Agent 1",4,1,1,49152,9121,"fused_moe_kernel",256,0,0,80,0,48,"FETCH_SIZE",49196.312500,7892452795706,7892452813426
2382,51995,"Agent 1",4,1,1,65536,9122,"fused_moe_kernel",256,0,0,80,0,48,"FETCH_SIZE",24707.000000,7892452910046,7892452920189
2382,52010,"Agent 1",4,1,1,49152,9121,"fused_moe_kernel",256,0,0,80,0,48,"FETCH_SIZE",49196.000000,7892453330121,7892453348202
2382,52012,"Agent 1",4,1,1,65536,9122,"fused_moe_kernel",256,0,0,80,0,48,"FETCH_SIZE",24707.000000,7892453442977,7892453452920
2382,52027,"Agent 1",4,1,1,49152,9121,"fused_moe_kernel",256,0,0,80,0,48,"WRITE_SIZE",24.000000,7892453858723,7892453877044
2382,52029,"Agent 1",4,1,1,65536,9122,"fused_moe_kernel",256,0,0,80,0,48,"WRITE_SIZE",32.000000,7892453965044,7892453974345
2382,52044,"Agent 1",4,1,1,49152,9121,"fused_moe_kernel",256,0,0,80,0,48,"WRITE_SIZE",24.000000,7892454381632,7892454399392
2382,52046,"Agent 1",4,1,1,65536,9122,"fused_moe_kernel",256,0,0,80,0,48,"WRITE_SIZE",32.000000,7892454482541,7892454492925
2382,52061,"Agent 1",4,1,1,49152,9121,"fused_moe_kernel",256,0,0,80,0,48,"WRITE_SIZE",24.000000,7892454892553,7892454910715
2382,52063,"Agent 1",4,1,1,65536,9122,"fused_moe_kernel",256,0,0,80,0,48,"WRITE_SIZE",32.000000,7892454996309,7892455006452
2382,52078,"Agent 1",4,1,1,49152,9121,"fused_moe_kernel",256,0,0,80,0,48,"WRITE_SIZE",24.000000,7892455401751,7892455419912
2382,52080,"Agent 1",4,1,1,65536,9122,"fused_moe_kernel",256,0,0,80,0,48,"WRITE_SIZE",32.000000,7892455505747,7892455516011
2382,52095,"Agent 1",4,1,1,49152,9121,"fused_moe_kernel",256,0,0,80,0,48,"SQ_INSTS_VALU_MFMA_MOPS_BF16",1572864.000000,7892455895433,7892455912953
2382,52097,"Agent 1",4,1,1,65536,9122,"fused_moe_kernel",256,0,0,80,0,48,"SQ_INSTS_VALU_MFMA_MOPS_BF16",786432.000000,7892455984035,7892455993978
2382,52112,"Agent 1",4,1,1,49152,9121,"fused_moe_kernel",256,0,0,80,0,48,"SQ_INSTS_VALU_MFMA_MOPS_BF16",1572864.000000,7892456378171,7892456396212
2382,52114,"Agent 1",4,1,1,65536,9122,"fused_moe_kernel",256,0,0,80,0,48,"SQ_INSTS_VALU_MFMA_MOPS_BF16",786432.000000,7892456466051,7892456475593
2382,52129,"Agent 1",4,1,1,49152,9121,"fused_moe_kernel",256,0,0,80,0,48,"SQ_INSTS_VALU_MFMA_MOPS_BF16",1572864.000000,7892456844592,7892456862392
2382,52131,"Agent 1",4,1,1,65536,9122,"fused_moe_kernel",256,0,0,80,0,48,"SQ_INSTS_VALU_MFMA_MOPS_BF16",786432.000000,7892456927219,7892456936922
2382,52146,"Agent 1",4,1,1,49152,9121,"fused_moe_kernel",256,0,0,80,0,48,"SQ_INSTS_VALU_MFMA_MOPS_BF16",1572864.000000,7892457329254,7892457347174
2382,52148,"Agent 1",4,1,1,65536,9122,"fused_moe_kernel",256,0,0,80,0,48,"SQ_INSTS_VALU_MFMA_MOPS_BF16",786432.000000,7892457409155,7892457418416
2382,52163,"Agent 1",4,1,1,49152,9121,"fused_moe_kernel",256,0,0,80,0,48,"FETCH_SIZE",49196.750000,7892457775909,7892457794471
2382,52165,"Agent 1",4,1,1,65536,9122,"fused_moe_kernel",256,0,0,80,0,48,"FETCH_SIZE",24707.000000,7892457894379,7892457903519
2382,52180,"Agent 1",4,1,1,49152,9121,"fused_moe_kernel",256,0,0,80,0,48,"FETCH_SIZE",49194.750000,7892458320107,7892458337907
2382,52182,"Agent 1",4,1,1,65536,9122,"fused_moe_kernel",256,0,0,80,0,48,"FETCH_SIZE",24707.000000,7892458432963,7892458442304
2383,52197,"Agent 1",4,1,1,49152,9121,"fused_moe_kernel",256,0,0,80,0,48,"FETCH_SIZE",49195.000000,7892458834035,7892458852196
2383,52199,"Agent 1",4,1,1,65536,9122,"fused_moe_kernel",256,0,0,80,0,48,"FETCH_SIZE",24707.000000,7892458949217,7892458958839
2383,52214,"Agent 1",4,1,1,49152,9121,"fused_moe_kernel",256,0,0,80,0,48,"FETCH_SIZE",49195.750000,7892459350970,7892459369212
2383,52216,"Agent 1",4,1,1,65536,9122,"fused_moe_kernel",256,0,0,80,0,48,"FETCH_SIZE",24707.000000,7892459464108,7892459474371
2383,52231,"Agent 1",4,1,1,49152,9121,"fused_moe_kernel",256,0,0,80,0,48,"WRITE_SIZE",24.000000,7892459860288,7892459878249
2383,52233,"Agent 1",4,1,1,65536,9122,"fused_moe_kernel",256,0,0,80,0,48,"WRITE_SIZE",32.000000,7892459962641,7892459972544
2383,52248,"Agent 1",4,1,1,49152,9121,"fused_moe_kernel",256,0,0,80,0,48,"WRITE_SIZE",24.000000,7892460365156,7892460383879
2383,52250,"Agent 1",4,1,1,65536,9122,"fused_moe_kernel",256,0,0,80,0,48,"WRITE_SIZE",32.000000,7892460469433,7892460478735
2383,52265,"Agent 1",4,1,1,49152,9121,"fused_moe_kernel",256,0,0,80,0,48,"WRITE_SIZE",24.000000,7892460865855,7892460883976
2383,52267,"Agent 1",4,1,1,65536,9122,"fused_moe_kernel",256,0,0,80,0,48,"WRITE_SIZE",32.000000,7892460968649,7892460978752
2383,52282,"Agent 1",4,1,1,49152,9121,"fused_moe_kernel",256,0,0,80,0,48,"WRITE_SIZE",24.000000,7892461378581,7892461396582
2383,52284,"Agent 1",4,1,1,65536,9122,"fused_moe_kernel",256,0,0,80,0,48,"WRITE_SIZE",32.000000,7892461481775,7892461492079
2383,52299,"Agent 1",4,1,1,49152,9121,"fused_moe_kernel",256,0,0,80,0,48,"SQ_INSTS_VALU_MFMA_MOPS_BF16",1572864.000000,7892461856427,7892461875230
2383,52301,"Agent 1",4,1,1,65536,9122,"fused_moe_kernel",256,0,0,80,0,48,"SQ_INSTS_VALU_MFMA_MOPS_BF16",786432.000000,7892461943826,7892461953448
2383,52316,"Agent 1",4,1,1,49152,9121,"fused_moe_kernel",256,0,0,80,0,48,"SQ_INSTS_VALU_MFMA_MOPS_BF16",1572864.000000,7892462321204,7892462338924
2383,52318,"Agent 1",4,1,1,65536,9122,"fused_moe_kernel",256,0,0,80,0,48,"SQ_INSTS_VALU_MFMA_MOPS_BF16",786432.000000,7892462402870,7892462412411
2383,52333,"Agent 1",4,1,1,49152,9121,"fused_moe_kernel",256,0,0,80,0,48,"SQ_INSTS_VALU_MFMA_MOPS_BF16",1572864.000000,7892462764532,7892462782613
2383,52335,"Agent 1",4,1,1,65536,9122,"fused_moe_kernel",256,0,0,80,0,48,"SQ_INSTS_VALU_MFMA_MOPS_BF16",786432.000000,7892462847801,7892462858586
2383,52350,"Agent 1",4,1,1,49152,9121,"fused_moe_kernel",256,0,0,80,0,48,"SQ_INSTS_VALU_MFMA_MOPS_BF16",1572864.000000,7892463220729,7892463238890
2383,52352,"Agent 1",4,1,1,65536,9122,"fused_moe_kernel",256,0,0,80,0,48,"SQ_INSTS_VALU_MFMA_MOPS_BF16",786432.000000,7892463304239,7892463313660
2383,52367,"Agent 1",4,1,1,49152,9121,"fused_moe_kernel",256,0,0,80,0,48,"FETCH_SIZE",49196.000000,7892463658244,7892463675844
2383,52369,"Agent 1",4,1,1,65536,9122,"fused_moe_kernel",256,0,0,80,0,48,"FETCH_SIZE",24707.000000,7892463766811,7892463776633
2383,52384,"Agent 1",4,1,1,49152,9121,"fused_moe_kernel",256,0,0,80,0,48,"FETCH_SIZE",49193.750000,7892464160947,7892464178747
2383,52386,"Agent 1",4,1,1,65536,9122,"fused_moe_kernel",256,0,0,80,0,48,"FETCH_SIZE",24707.000000,7892464272080,7892464281421
2383,52401,"Agent 1",4,1,1,49152,9121,"fused_moe_kernel",256,0,0,80,0,48,"FETCH_SIZE",49195.250000,7892464654750,7892464672630
2383,52403,"Agent 1",4,1,1,65536,9122,"fused_moe_kernel",256,0,0,80,0,48,"FETCH_SIZE",24707.000000,7892464769731,7892464780155
2383,52418,"Agent 1",4,1,1,49152,9121,"fused_moe_kernel",256,0,0,80,0,48,"FETCH_SIZE",49195.500000,7892465170883,7892465188924
2383,52420,"Agent 1",4,1,1,65536,9122,"fused_moe_kernel",256,0,0,80,0,48,"FETCH_SIZE",24707.000000,7892465281695,7892465291077
2383,52435,"Agent 1",4,1,1,49152,9121,"fused_moe_kernel",256,0,0,80,0,48,"WRITE_SIZE",24.000000,7892465665568,7892465683288
2383,52437,"Agent 1",4,1,1,65536,9122,"fused_moe_kernel",256,0,0,80,0,48,"WRITE_SIZE",32.000000,7892465764032,7892465774416
2384,52452,"Agent 1",4,1,1,49152,9121,"fused_moe_kernel",256,0,0,80,0,48,"WRITE_SIZE",24.000000,7892466153558,7892466171318
2384,52454,"Agent 1",4,1,1,65536,9122,"fused_moe_kernel",256,0,0,80,0,48,"WRITE_SIZE",32.000000,7892466254307,7892466264450
2384,52469,"Agent 1",4,1,1,49152,9121,"fused_moe_kernel",256,0,0,80,0,48,"WRITE_SIZE",24.000000,7892466629680,7892466647761
2384,52471,"Agent 1",4,1,1,65536,9122,"fused_moe_kernel",256,0,0,80,0,48,"WRITE_SIZE",32.000000,7892466728826,7892466738167
2384,52486,"Agent 1",4,1,1,49152,9121,"fused_moe_kernel",256,0,0,80,0,48,"WRITE_SIZE",24.000000,7892467115545,7892467133947
2384,52488,"Agent 1",4,1,1,65536,9122,"fused_moe_kernel",256,0,0,80,0,48,"WRITE_SIZE",32.000000,7892467222588,7892467232812
2415,52533,"Agent 1",4,1,1,49152,9121,"fused_moe_kernel",256,0,0,80,0,48,"SQ_INSTS_VALU_MFMA_MOPS_BF16",1572864.000000,7892468636964,7892468655125
2415,52535,"Agent 1",4,1,1,65536,9122,"fused_moe_kernel",256,0,0,80,0,48,"SQ_INSTS_VALU_MFMA_MOPS_BF16",786432.000000,7892468754351,7892468763813
2415,52550,"Agent 1",4,1,1,49152,9121,"fused_moe_kernel",256,0,0,80,0,48,"SQ_INSTS_VALU_MFMA_MOPS_BF16",1572864.000000,7892469367626,7892469385787
2415,52552,"Agent 1",4,1,1,65536,9122,"fused_moe_kernel",256,0,0,80,0,48,"SQ_INSTS_VALU_MFMA_MOPS_BF16",786432.000000,7892469482647,7892469492790
2415,52567,"Agent 1",4,1,1,49152,9121,"fused_moe_kernel",256,0,0,80,0,48,"SQ_INSTS_VALU_MFMA_MOPS_BF16",1572864.000000,7892475032987,7892475050707
2415,52569,"Agent 1",4,1,1,65536,9122,"fused_moe_kernel",256,0,0,80,0,48,"SQ_INSTS_VALU_MFMA_MOPS_BF16",786432.000000,7892476489218,7892476498599
2415,52584,"Agent 1",4,1,1,49152,9121,"fused_moe_kernel",256,0,0,80,0,48,"SQ_INSTS_VALU_MFMA_MOPS_BF16",1572864.000000,7892486534578,7892486552219
2415,52586,"Agent 1",4,1,1,65536,9122,"fused_moe_kernel",256,0,0,80,0,48,"SQ_INSTS_VALU_MFMA_MOPS_BF16",786432.000000,7892488335353,7892488345536
2415,52601,"Agent 1",4,1,1,49152,9121,"fused_moe_kernel",256,0,0,80,0,48,"FETCH_SIZE",49195.625000,7892501696186,7892501714026
2415,52603,"Agent 1",4,1,1,65536,9122,"fused_moe_kernel",256,0,0,80,0,48,"FETCH_SIZE",24707.000000,7892503093683,7892503103185
2415,52618,"Agent 1",4,1,1,49152,9121,"fused_moe_kernel",256,0,0,80,0,48,"FETCH_SIZE",49192.250000,7892514996627,7892515014508
2415,52620,"Agent 1",4,1,1,65536,9122,"fused_moe_kernel",256,0,0,80,0,48,"FETCH_SIZE",24707.000000,7892516923970,7892516935436
2415,52635,"Agent 1",4,1,1,49152,9121,"fused_moe_kernel",256,0,0,80,0,48,"FETCH_SIZE",49195.500000,7892517775786,7892517793787
2415,52637,"Agent 1",4,1,1,65536,9122,"fused_moe_kernel",256,0,0,80,0,48,"FETCH_SIZE",24707.062500,7892517949421,7892517959524
2415,52652,"Agent 1",4,1,1,49152,9121,"fused_moe_kernel",256,0,0,80,0,48,"FETCH_SIZE",49193.750000,7892518383769,7892518401890
2415,52654,"Agent 1",4,1,1,65536,9122,"fused_moe_kernel",256,0,0,80,0,48,"FETCH_SIZE",24707.000000,7892518494982,7892518504644
2415,52669,"Agent 1",4,1,1,49152,9121,"fused_moe_kernel",256,0,0,80,0,48,"WRITE_SIZE",24.000000,7892518919788,7892518937508
2415,52671,"Agent 1",4,1,1,65536,9122,"fused_moe_kernel",256,0,0,80,0,48,"WRITE_SIZE",32.000000,7892519017570,7892519028074
2415,52686,"Agent 1",4,1,1,49152,9121,"fused_moe_kernel",256,0,0,80,0,48,"WRITE_SIZE",24.000000,7892519423613,7892519441855
2415,52688,"Agent 1",4,1,1,65536,9122,"fused_moe_kernel",256,0,0,80,0,48,"WRITE_SIZE",32.000000,7892519529654,7892519539316
2415,52703,"Agent 1",4,1,1,49152,9121,"fused_moe_kernel",256,0,0,80,0,48,"WRITE_SIZE",24.000000,7892519927318,7892519944798
2415,52705,"Agent 1",4,1,1,65536,9122,"fused_moe_kernel",256,0,0,80,0,48,"WRITE_SIZE",32.000000,7892520030112,7892520039774
2415,52720,"Agent 1",4,1,1,49152,9121,"fused_moe_kernel",256,0,0,80,0,48,"WRITE_SIZE",24.000000,7892520438842,7892520456201
2415,52722,"Agent 1",4,1,1,65536,9122,"fused_moe_kernel",256,0,0,80,0,48,"WRITE_SIZE",32.000000,7892520536664,7892520546927
2415,52737,"Agent 1",4,1,1,49152,9121,"fused_moe_kernel",256,0,0,80,0,48,"SQ_INSTS_VALU_MFMA_MOPS_BF16",1572864.000000,7892520948881,7892520966642
2415,52739,"Agent 1",4,1,1,65536,9122,"fused_moe_kernel",256,0,0,80,0,48,"SQ_INSTS_VALU_MFMA_MOPS_BF16",786432.000000,7892521039848,7892521049710
2415,52754,"Agent 1",4,1,1,49152,9121,"fused_moe_kernel",256,0,0,80,0,48,"SQ_INSTS_VALU_MFMA_MOPS_BF16",1572864.000000,7892521426407,7892521444448
2415,52756,"Agent 1",4,1,1,65536,9122,"fused_moe_kernel",256,0,0,80,0,48,"SQ_INSTS_VALU_MFMA_MOPS_BF16",786432.000000,7892521514928,7892521524670
2415,52771,"Agent 1",4,1,1,49152,9121,"fused_moe_kernel",256,0,0,80,0,48,"SQ_INSTS_VALU_MFMA_MOPS_BF16",1572864.000000,7892521907300,7892521925301
2415,52773,"Agent 1",4,1,1,65536,9122,"fused_moe_kernel",256,0,0,80,0,48,"SQ_INSTS_VALU_MFMA_MOPS_BF16",786432.000000,7892521994218,7892522005003
2416,52788,"Agent 1",4,1,1,49152,9121,"fused_moe_kernel",256,0,0,80,0,48,"SQ_INSTS_VALU_MFMA_MOPS_BF16",1572864.000000,7892522394929,7892522412890
2416,52790,"Agent 1",4,1,1,65536,9122,"fused_moe_kernel",256,0,0,80,0,48,"SQ_INSTS_VALU_MFMA_MOPS_BF16",786432.000000,7892522483891,7892522493634
2416,52805,"Agent 1",4,1,1,49152,9121,"fused_moe_kernel",256,0,0,80,0,48,"FETCH_SIZE",49195.000000,7892522862953,7892522881075
2416,52807,"Agent 1",4,1,1,65536,9122,"fused_moe_kernel",256,0,0,80,0,48,"FETCH_SIZE",24707.000000,7892522973084,7892522982866
2416,52822,"Agent 1",4,1,1,49152,9121,"fused_moe_kernel",256,0,0,80,0,48,"FETCH_SIZE",49195.250000,7892523388989,7892523406870
2416,52824,"Agent 1",4,1,1,65536,9122,"fused_moe_kernel",256,0,0,80,0,48,"FETCH_SIZE",24707.000000,7892523501485,7892523511348
2416,52839,"Agent 1",4,1,1,49152,9121,"fused_moe_kernel",256,0,0,80,0,48,"FETCH_SIZE",49195.062500,7892523914945,7892523933066
2416,52841,"Agent 1",4,1,1,65536,9122,"fused_moe_kernel",256,0,0,80,0,48,"FETCH_SIZE",24707.000000,7892524033575,7892524043157
2416,52856,"Agent 1",4,1,1,49152,9121,"fused_moe_kernel",256,0,0,80,0,48,"FETCH_SIZE",49196.500000,7892524434767,7892524452207
2416,52858,"Agent 1",4,1,1,65536,9122,"fused_moe_kernel",256,0,0,80,0,48,"FETCH_SIZE",24707.000000,7892524545619,7892524556003
2416,52873,"Agent 1",4,1,1,49152,9121,"fused_moe_kernel",256,0,0,80,0,48,"WRITE_SIZE",24.000000,7892524957195,7892524974434
2416,52875,"Agent 1",4,1,1,65536,9122,"fused_moe_kernel",256,0,0,80,0,48,"WRITE_SIZE",32.000000,7892525061993,7892525071816
2416,52890,"Agent 1",4,1,1,49152,9121,"fused_moe_kernel",256,0,0,80,0,48,"WRITE_SIZE",24.000000,7892525469520,7892525487601
2416,52892,"Agent 1",4,1,1,65536,9122,"fused_moe_kernel",256,0,0,80,0,48,"WRITE_SIZE",32.000000,7892525573757,7892525583980
2416,52907,"Agent 1",4,1,1,49152,9121,"fused_moe_kernel",256,0,0,80,0,48,"WRITE_SIZE",24.000000,7892525971421,7892525990224
2416,52909,"Agent 1",4,1,1,65536,9122,"fused_moe_kernel",256,0,0,80,0,48,"WRITE_SIZE",32.000000,7892526077342,7892526087605
2416,52924,"Agent 1",4,1,1,49152,9121,"fused_moe_kernel",256,0,0,80,0,48,"WRITE_SIZE",24.000000,7892526468070,7892526486593
2416,52926,"Agent 1",4,1,1,65536,9122,"fused_moe_kernel",256,0,0,80,0,48,"WRITE_SIZE",32.000000,7892526566294,7892526576076
2416,52941,"Agent 1",4,1,1,49152,9121,"fused_moe_kernel",256,0,0,80,0,48,"SQ_INSTS_VALU_MFMA_MOPS_BF16",1572864.000000,7892526977068,7892526994708
2416,52943,"Agent 1",4,1,1,65536,9122,"fused_moe_kernel",256,0,0,80,0,48,"SQ_INSTS_VALU_MFMA_MOPS_BF16",786432.000000,7892527066150,7892527076093
2416,52958,"Agent 1",4,1,1,49152,9121,"fused_moe_kernel",256,0,0,80,0,48,"SQ_INSTS_VALU_MFMA_MOPS_BF16",1572864.000000,7892527448339,7892527466661
2416,52960,"Agent 1",4,1,1,65536,9122,"fused_moe_kernel",256,0,0,80,0,48,"SQ_INSTS_VALU_MFMA_MOPS_BF16",786432.000000,7892527533774,7892527543476
2416,52975,"Agent 1",4,1,1,49152,9121,"fused_moe_kernel",256,0,0,80,0,48,"SQ_INSTS_VALU_MFMA_MOPS_BF16",1572864.000000,7892527899084,7892527917125
2416,52977,"Agent 1",4,1,1,65536,9122,"fused_moe_kernel",256,0,0,80,0,48,"SQ_INSTS_VALU_MFMA_MOPS_BF16",786432.000000,7892527988648,7892527998390
2416,52992,"Agent 1",4,1,1,49152,9121,"fused_moe_kernel",256,0,0,80,0,48,"SQ_INSTS_VALU_MFMA_MOPS_BF16",1572864.000000,7892528381982,7892528400224
2416,52994,"Agent 1",4,1,1,65536,9122,"fused_moe_kernel",256,0,0,80,0,48,"SQ_INSTS_VALU_MFMA_MOPS_BF16",786432.000000,7892528465131,7892528474553
2416,53009,"Agent 1",4,1,1,49152,9121,"fused_moe_kernel",256,0,0,80,0,48,"FETCH_SIZE",49195.000000,7892528841186,7892528858866
2416,53011,"Agent 1",4,1,1,65536,9122,"fused_moe_kernel",256,0,0,80,0,48,"FETCH_SIZE",24707.000000,7892528955606,7892528965228
2416,53026,"Agent 1",4,1,1,49152,9121,"fused_moe_kernel",256,0,0,80,0,48,"FETCH_SIZE",49195.250000,7892529371873,7892529390275
2416,53028,"Agent 1",4,1,1,65536,9122,"fused_moe_kernel",256,0,0,80,0,48,"FETCH_SIZE",24707.000000,7892529484489,7892529494512
2417,53043,"Agent 1",4,1,1,49152,9121,"fused_moe_kernel",256,0,0,80,0,48,"FETCH_SIZE",49193.750000,7892529888287,7892529906488
2417,53045,"Agent 1",4,1,1,65536,9122,"fused_moe_kernel",256,0,0,80,0,48,"FETCH_SIZE",24707.000000,7892530002266,7892530012289
2417,53060,"Agent 1",4,1,1,49152,9121,"fused_moe_kernel",256,0,0,80,0,48,"FETCH_SIZE",49196.250000,7892530422702,7892530440703
2417,53062,"Agent 1",4,1,1,65536,9122,"fused_moe_kernel",256,0,0,80,0,48,"FETCH_SIZE",24707.000000,7892530533835,7892530543537
2417,53077,"Agent 1",4,1,1,49152,9121,"fused_moe_kernel",256,0,0,80,0,48,"WRITE_SIZE",24.000000,7892530939116,7892530956997
2417,53079,"Agent 1",4,1,1,65536,9122,"fused_moe_kernel",256,0,0,80,0,48,"WRITE_SIZE",32.000000,7892531044957,7892531055020
2417,53094,"Agent 1",4,1,1,49152,9121,"fused_moe_kernel",256,0,0,80,0,48,"WRITE_SIZE",24.000000,7892531444265,7892531461865
2417,53096,"Agent 1",4,1,1,65536,9122,"fused_moe_kernel",256,0,0,80,0,48,"WRITE_SIZE",32.000000,7892531545295,7892531554836
2417,53111,"Agent 1",4,1,1,49152,9121,"fused_moe_kernel",256,0,0,80,0,48,"WRITE_SIZE",24.000000,7892531945605,7892531963927
2417,53113,"Agent 1",4,1,1,65536,9122,"fused_moe_kernel",256,0,0,80,0,48,"WRITE_SIZE",32.000000,7892532043588,7892532053691
2417,53128,"Agent 1",4,1,1,49152,9121,"fused_moe_kernel",256,0,0,80,0,48,"WRITE_SIZE",24.000000,7892532450112,7892532468634
2417,53130,"Agent 1",4,1,1,65536,9122,"fused_moe_kernel",256,0,0,80,0,48,"WRITE_SIZE",32.000000,7892532556634,7892532566978
2417,53145,"Agent 1",4,1,1,49152,9121,"fused_moe_kernel",256,0,0,80,0,48,"SQ_INSTS_VALU_MFMA_MOPS_BF16",1572864.000000,7892532946200,7892532964882
2417,53147,"Agent 1",4,1,1,65536,9122,"fused_moe_kernel",256,0,0,80,0,48,"SQ_INSTS_VALU_MFMA_MOPS_BF16",786432.000000,7892533035764,7892533045786
2417,53162,"Agent 1",4,1,1,49152,9121,"fused_moe_kernel",256,0,0,80,0,48,"SQ_INSTS_VALU_MFMA_MOPS_BF16",1572864.000000,7892533422403,7892533440003
2417,53164,"Agent 1",4,1,1,65536,9122,"fused_moe_kernel",256,0,0,80,0,48,"SQ_INSTS_VALU_MFMA_MOPS_BF16",786432.000000,7892533506394,7892533516537
2417,53179,"Agent 1",4,1,1,49152,9121,"fused_moe_kernel",256,0,0,80,0,48,"SQ_INSTS_VALU_MFMA_MOPS_BF16",1572864.000000,7892533877036,7892533894797
2417,53181,"Agent 1",4,1,1,65536,9122,"fused_moe_kernel",256,0,0,80,0,48,"SQ_INSTS_VALU_MFMA_MOPS_BF16",786432.000000,7892533960586,7892533970409
2417,53196,"Agent 1",4,1,1,49152,9121,"fused_moe_kernel",256,0,0,80,0,48,"SQ_INSTS_VALU_MFMA_MOPS_BF16",1572864.000000,7892534348348,7892534366710
2417,53198,"Agent 1",4,1,1,65536,9122,"fused_moe_kernel",256,0,0,80,0,48,"SQ_INSTS_VALU_MFMA_MOPS_BF16",786432.000000,7892534433782,7892534443805
2417,53213,"Agent 1",4,1,1,49152,9121,"fused_moe_kernel",256,0,0,80,0,48,"FETCH_SIZE",49194.500000,7892534809837,7892534828119
2417,53215,"Agent 1",4,1,1,65536,9122,"fused_moe_kernel",256,0,0,80,0,48,"FETCH_SIZE",24707.000000,7892534922373,7892534932115
2417,53230,"Agent 1",4,1,1,49152,9121,"fused_moe_kernel",256,0,0,80,0,48,"FETCH_SIZE",49193.750000,7892535329499,7892535347901
2417,53232,"Agent 1",4,1,1,65536,9122,"fused_moe_kernel",256,0,0,80,0,48,"FETCH_SIZE",24707.000000,7892535445242,7892535455505
2417,53247,"Agent 1",4,1,1,49152,9121,"fused_moe_kernel",256,0,0,80,0,48,"FETCH_SIZE",49195.750000,7892535844109,7892535861669
2417,53249,"Agent 1",4,1,1,65536,9122,"fused_moe_kernel",256,0,0,80,0,48,"FETCH_SIZE",24707.000000,7892535955843,7892535965986
2417,53264,"Agent 1",4,1,1,49152,9121,"fused_moe_kernel",256,0,0,80,0,48,"FETCH_SIZE",49194.500000,7892536366096,7892536383816
2417,53266,"Agent 1",4,1,1,65536,9122,"fused_moe_kernel",256,0,0,80,0,48,"FETCH_SIZE",24707.000000,7892536481117,7892536490739
2417,53281,"Agent 1",4,1,1,49152,9121,"fused_moe_kernel",256,0,0,80,0,48,"WRITE_SIZE",24.000000,7892536887802,7892536904881
2417,53283,"Agent 1",4,1,1,65536,9122,"fused_moe_kernel",256,0,0,80,0,48,"WRITE_SIZE",32.000000,7892536986186,7892536996329
2418,53298,"Agent 1",4,1,1,49152,9121,"fused_moe_kernel",256,0,0,80,0,48,"WRITE_SIZE",24.000000,7892537383569,7892537401450
2418,53300,"Agent 1",4,1,1,65536,9122,"fused_moe_kernel",256,0,0,80,0,48,"WRITE_SIZE",32.000000,7892537482595,7892537492778
2418,53315,"Agent 1",4,1,1,49152,9121,"fused_moe_kernel",256,0,0,80,0,48,"WRITE_SIZE",24.000000,7892537873243,7892537891484
2418,53317,"Agent 1",4,1,1,65536,9122,"fused_moe_kernel",256,0,0,80,0,48,"WRITE_SIZE",32.000000,7892537975195,7892537985137
2418,53332,"Agent 1",4,1,1,49152,9121,"fused_moe_kernel",256,0,0,80,0,48,"WRITE_SIZE",24.000000,7892538365562,7892538383723
2418,53334,"Agent 1",4,1,1,65536,9122,"fused_moe_kernel",256,0,0,80,0,48,"WRITE_SIZE",32.000000,7892538465229,7892538475131
2449,53379,"Agent 1",4,1,1,49152,9121,"fused_moe_kernel",256,0,0,80,0,48,"SQ_INSTS_VALU_MFMA_MOPS_BF16",1572864.000000,7892539757808,7892539775608
2449,53381,"Agent 1",4,1,1,65536,9122,"fused_moe_kernel",256,0,0,80,0,48,"SQ_INSTS_VALU_MFMA_MOPS_BF16",786432.000000,7892539840796,7892539850258
2449,53396,"Agent 1",4,1,1,49152,9121,"fused_moe_kernel",256,0,0,80,0,48,"SQ_INSTS_VALU_MFMA_MOPS_BF16",1572864.000000,7892540226674,7892540244715
2449,53398,"Agent 1",4,1,1,65536,9122,"fused_moe_kernel",256,0,0,80,0,48,"SQ_INSTS_VALU_MFMA_MOPS_BF16",786432.000000,7892540311346,7892540321008
2449,53413,"Agent 1",4,1,1,49152,9121,"fused_moe_kernel",256,0,0,80,0,48,"SQ_INSTS_VALU_MFMA_MOPS_BF16",1572864.000000,7892540676938,7892540694778
2449,53415,"Agent 1",4,1,1,65536,9122,"fused_moe_kernel",256,0,0,80,0,48,"SQ_INSTS_VALU_MFMA_MOPS_BF16",786432.000000,7892540762131,7892540771633
2449,53430,"Agent 1",4,1,1,49152,9121,"fused_moe_kernel",256,0,0,80,0,48,"SQ_INSTS_VALU_MFMA_MOPS_BF16",1572864.000000,7892541137826,7892541155546
2449,53432,"Agent 1",4,1,1,65536,9122,"fused_moe_kernel",256,0,0,80,0,48,"SQ_INSTS_VALU_MFMA_MOPS_BF16",786432.000000,7892541220654,7892541230516
2449,53447,"Agent 1",4,1,1,49152,9121,"fused_moe_kernel",256,0,0,80,0,48,"FETCH_SIZE",49196.250000,7892541583278,7892541601440
2449,53449,"Agent 1",4,1,1,65536,9122,"fused_moe_kernel",256,0,0,80,0,48,"FETCH_SIZE",24707.000000,7892541697699,7892541707481
2449,53464,"Agent 1",4,1,1,49152,9121,"fused_moe_kernel",256,0,0,80,0,48,"FETCH_SIZE",49195.375000,7892542106789,7892542125070
2449,53466,"Agent 1",4,1,1,65536,9122,"fused_moe_kernel",256,0,0,80,0,48,"FETCH_SIZE",24707.000000,7892542217320,7892542226822
2449,53481,"Agent 1",4,1,1,49152,9121,"fused_moe_kernel",256,0,0,80,0,48,"FETCH_SIZE",49196.500000,7892542616027,7892542634509
2449,53483,"Agent 1",4,1,1,65536,9122,"fused_moe_kernel",256,0,0,80,0,48,"FETCH_SIZE",24707.062500,7892542727680,7892542737824
2449,53498,"Agent 1",4,1,1,49152,9121,"fused_moe_kernel",256,0,0,80,0,48,"FETCH_SIZE",49192.500000,7892543128311,7892543146553
2449,53500,"Agent 1",4,1,1,65536,9122,"fused_moe_kernel",256,0,0,80,0,48,"FETCH_SIZE",24707.000000,7892543241890,7892543251672
2449,53515,"Agent 1",4,1,1,49152,9121,"fused_moe_kernel",256,0,0,80,0,48,"WRITE_SIZE",24.000000,7892543639554,7892543658236
2449,53517,"Agent 1",4,1,1,65536,9122,"fused_moe_kernel",256,0,0,80,0,48,"WRITE_SIZE",32.000000,7892543742628,7892543752731
2449,53532,"Agent 1",4,1,1,49152,9121,"fused_moe_kernel",256,0,0,80,0,48,"WRITE_SIZE",24.000000,7892544128546,7892544146426
2449,53534,"Agent 1",4,1,1,65536,9122,"fused_moe_kernel",256,0,0,80,0,48,"WRITE_SIZE",32.000000,7892544225967,7892544235830
2449,53549,"Agent 1",4,1,1,49152,9121,"fused_moe_kernel",256,0,0,80,0,48,"WRITE_SIZE",24.000000,7892544616415,7892544634737
2449,53551,"Agent 1",4,1,1,65536,9122,"fused_moe_kernel",256,0,0,80,0,48,"WRITE_SIZE",32.000000,7892544716883,7892544727267
2449,53566,"Agent 1",4,1,1,49152,9121,"fused_moe_kernel",256,0,0,80,0,48,"WRITE_SIZE",24.000000,7892545099193,7892545117073
2449,53568,"Agent 1",4,1,1,65536,9122,"fused_moe_kernel",256,0,0,80,0,48,"WRITE_SIZE",32.000000,7892545199260,7892545209443
2449,53583,"Agent 1",4,1,1,49152,9121,"fused_moe_kernel",256,0,0,80,0,48,"SQ_INSTS_VALU_MFMA_MOPS_BF16",1572864.000000,7892545581088,7892545599370
2449,53585,"Agent 1",4,1,1,65536,9122,"fused_moe_kernel",256,0,0,80,0,48,"SQ_INSTS_VALU_MFMA_MOPS_BF16",786432.000000,7892545663676,7892545673058
2449,53600,"Agent 1",4,1,1,49152,9121,"fused_moe_kernel",256,0,0,80,0,48,"SQ_INSTS_VALU_MFMA_MOPS_BF16",1572864.000000,7892546030911,7892546048511
2449,53602,"Agent 1",4,1,1,65536,9122,"fused_moe_kernel",256,0,0,80,0,48,"SQ_INSTS_VALU_MFMA_MOPS_BF16",786432.000000,7892546113940,7892546123963
2449,53617,"Agent 1",4,1,1,49152,9121,"fused_moe_kernel",256,0,0,80,0,48,"SQ_INSTS_VALU_MFMA_MOPS_BF16",1572864.000000,7892546490356,7892546508116
2449,53619,"Agent 1",4,1,1,65536,9122,"fused_moe_kernel",256,0,0,80,0,48,"SQ_INSTS_VALU_MFMA_MOPS_BF16",786432.000000,7892546573304,7892546583006
2450,53634,"Agent 1",4,1,1,49152,9121,"fused_moe_kernel",256,0,0,80,0,48,"SQ_INSTS_VALU_MFMA_MOPS_BF16",1572864.000000,7892546929033,7892546947716
2450,53636,"Agent 1",4,1,1,65536,9122,"fused_moe_kernel",256,0,0,80,0,48,"SQ_INSTS_VALU_MFMA_MOPS_BF16",786432.000000,7892547014107,7892547023448
2450,53651,"Agent 1",4,1,1,49152,9121,"fused_moe_kernel",256,0,0,80,0,48,"FETCH_SIZE",49194.750000,7892547377092,7892547395454
2450,53653,"Agent 1",4,1,1,65536,9122,"fused_moe_kernel",256,0,0,80,0,48,"FETCH_SIZE",24707.000000,7892547487663,7892547497165
2450,53668,"Agent 1",4,1,1,49152,9121,"fused_moe_kernel",256,0,0,80,0,48,"FETCH_SIZE",49194.500000,7892547877149,7892547895070
2450,53670,"Agent 1",4,1,1,65536,9122,"fused_moe_kernel",256,0,0,80,0,48,"FETCH_SIZE",24707.000000,7892547987360,7892547996541
2450,53685,"Agent 1",4,1,1,49152,9121,"fused_moe_kernel",256,0,0,80,0,48,"FETCH_SIZE",49196.062500,7892548386748,7892548404548
2450,53687,"Agent 1",4,1,1,65536,9122,"fused_moe_kernel",256,0,0,80,0,48,"FETCH_SIZE",24707.000000,7892548499003,7892548509026
2450,53702,"Agent 1",4,1,1,49152,9121,"fused_moe_kernel",256,0,0,80,0,48,"FETCH_SIZE",49196.750000,7892548887486,7892548905207
2450,53704,"Agent 1",4,1,1,65536,9122,"fused_moe_kernel",256,0,0,80,0,48,"FETCH_SIZE",24707.000000,7892548999822,7892549009444
2450,53719,"Agent 1",4,1,1,49152,9121,"fused_moe_kernel",256,0,0,80,0,48,"WRITE_SIZE",24.000000,7892549395441,7892549413442
2450,53721,"Agent 1",4,1,1,65536,9122,"fused_moe_kernel",256,0,0,80,0,48,"WRITE_SIZE",32.000000,7892549497353,7892549506895
2450,53736,"Agent 1",4,1,1,49152,9121,"fused_moe_kernel",256,0,0,80,0,48,"WRITE_SIZE",24.000000,7892549869639,7892549887400
2450,53738,"Agent 1",4,1,1,65536,9122,"fused_moe_kernel",256,0,0,80,0,48,"WRITE_SIZE",32.000000,7892549966660,7892549976603
2450,53753,"Agent 1",4,1,1,49152,9121,"fused_moe_kernel",256,0,0,80,0,48,"WRITE_SIZE",24.000000,7892550355183,7892550373144
2450,53755,"Agent 1",4,1,1,65536,9122,"fused_moe_kernel",256,0,0,80,0,48,"WRITE_SIZE",32.000000,7892550455933,7892550465875
2450,53770,"Agent 1",4,1,1,49152,9121,"fused_moe_kernel",256,0,0,80,0,48,"WRITE_SIZE",24.000000,7892550836598,7892550854118
2450,53772,"Agent 1",4,1,1,65536,9122,"fused_moe_kernel",256,0,0,80,0,48,"WRITE_SIZE",32.000000,7892550937948,7892550948172
2450,53787,"Agent 1",4,1,1,49152,9121,"fused_moe_kernel",256,0,0,80,0,48,"SQ_INSTS_VALU_MFMA_MOPS_BF16",1572864.000000,7892551322543,7892551341306
2450,53789,"Agent 1",4,1,1,65536,9122,"fused_moe_kernel",256,0,0,80,0,48,"SQ_INSTS_VALU_MFMA_MOPS_BF16",786432.000000,7892551406213,7892551415995
2450,53804,"Agent 1",4,1,1,49152,9121,"fused_moe_kernel",256,0,0,80,0,48,"SQ_INSTS_VALU_MFMA_MOPS_BF16",1572864.000000,7892551754124,7892551772406
2450,53806,"Agent 1",4,1,1,65536,9122,"fused_moe_kernel",256,0,0,80,0,48,"SQ_INSTS_VALU_MFMA_MOPS_BF16",786432.000000,7892551833224,7892551843006
2450,53821,"Agent 1",4,1,1,49152,9121,"fused_moe_kernel",256,0,0,80,0,48,"SQ_INSTS_VALU_MFMA_MOPS_BF16",1572864.000000,7892552193042,7892552211444
2450,53823,"Agent 1",4,1,1,65536,9122,"fused_moe_kernel",256,0,0,80,0,48,"SQ_INSTS_VALU_MFMA_MOPS_BF16",786432.000000,7892552283608,7892552293390
2450,53838,"Agent 1",4,1,1,49152,9121,"fused_moe_kernel",256,0,0,80,0,48,"SQ_INSTS_VALU_MFMA_MOPS_BF16",1572864.000000,7892552641301,7892552659302
2450,53840,"Agent 1",4,1,1,65536,9122,"fused_moe_kernel",256,0,0,80,0,48,"SQ_INSTS_VALU_MFMA_MOPS_BF16",786432.000000,7892552723569,7892552733030
2450,53855,"Agent 1",4,1,1,49152,9121,"fused_moe_kernel",256,0,0,80,0,48,"FETCH_SIZE",49195.000000,7892553078375,7892553096256
2450,53857,"Agent 1",4,1,1,65536,9122,"fused_moe_kernel",256,0,0,80,0,48,"FETCH_SIZE",24707.000000,7892553192916,7892553202297
2450,53872,"Agent 1",4,1,1,49152,9121,"fused_moe_kernel",256,0,0,80,0,48,"FETCH_SIZE",49195.750000,7892553580076,7892553597556
2450,53874,"Agent 1",4,1,1,65536,9122,"fused_moe_kernel",256,0,0,80,0,48,"FETCH_SIZE",24707.000000,7892553693454,7892553703517
2451,53889,"Agent 1",4,1,1,49152,9121,"fused_moe_kernel",256,0,0,80,0,48,"FETCH_SIZE",49193.750000,7892554075242,7892554093443
2451,53891,"Agent 1",4,1,1,65536,9122,"fused_moe_kernel",256,0,0,80,0,48,"FETCH_SIZE",24707.000000,7892554184891,7892554194313
2451,53906,"Agent 1",4,1,1,49152,9121,"fused_moe_kernel",256,0,0,80,0,48,"FETCH_SIZE",49196.250000,7892554566719,7892554584921
2451,53908,"Agent 1",4,1,1,65536,9122,"fused_moe_kernel",256,0,0,80,0,48,"FETCH_SIZE",24707.000000,7892554676569,7892554686752
2451,53923,"Agent 1",4,1,1,49152,9121,"fused_moe_kernel",256,0,0,80,0,48,"WRITE_SIZE",24.000000,7892555044927,7892555062928
2451,53925,"Agent 1",4,1,1,65536,9122,"fused_moe_kernel",256,0,0,80,0,48,"WRITE_SIZE",32.000000,7892555145636,7892555155699
2451,53940,"Agent 1",4,1,1,49152,9121,"fused_moe_kernel",256,0,0,80,0,48,"WRITE_SIZE",24.000000,7892555519486,7892555536925
2451,53942,"Agent 1",4,1,1,65536,9122,"fused_moe_kernel",256,0,0,80,0,48,"WRITE_SIZE",32.000000,7892555616025,7892555625527
2451,53957,"Agent 1",4,1,1,49152,9121,"fused_moe_kernel",256,0,0,80,0,48,"WRITE_SIZE",24.000000,7892555979772,7892555997332
2451,53959,"Agent 1",4,1,1,65536,9122,"fused_moe_kernel",256,0,0,80,0,48,"WRITE_SIZE",32.000000,7892556074468,7892556084851
2451,53974,"Agent 1",4,1,1,49152,9121,"fused_moe_kernel",256,0,0,80,0,48,"WRITE_SIZE",24.000000,7892556447195,7892556464715
2451,53976,"Agent 1",4,1,1,65536,9122,"fused_moe_kernel",256,0,0,80,0,48,"WRITE_SIZE",32.000000,7892556543694,7892556554118
2451,53991,"Agent 1",4,1,1,49152,9121,"fused_moe_kernel",256,0,0,80,0,48,"SQ_INSTS_VALU_MFMA_MOPS_BF16",1572864.000000,7892556907722,7892556925282
2451,53993,"Agent 1",4,1,1,65536,9122,"fused_moe_kernel",256,0,0,80,0,48,"SQ_INSTS_VALU_MFMA_MOPS_BF16",786432.000000,7892556986221,7892556996484
2451,54008,"Agent 1",4,1,1,49152,9121,"fused_moe_kernel",256,0,0,80,0,48,"SQ_INSTS_VALU_MFMA_MOPS_BF16",1572864.000000,7892557337820,7892557355340
2451,54010,"Agent 1",4,1,1,65536,9122,"fused_moe_kernel",256,0,0,80,0,48,"SQ_INSTS_VALU_MFMA_MOPS_BF16",786432.000000,7892557420368,7892557429469
2451,54025,"Agent 1",4,1,1,49152,9121,"fused_moe_kernel",256,0,0,80,0,48,"SQ_INSTS_VALU_MFMA_MOPS_BF16",1572864.000000,7892557761503,7892557779063
2451,54027,"Agent 1",4,1,1,65536,9122,"fused_moe_kernel",256,0,0,80,0,48,"SQ_INSTS_VALU_MFMA_MOPS_BF16",786432.000000,7892557841886,7892557851628
2451,54042,"Agent 1",4,1,1,49152,9121,"fused_moe_kernel",256,0,0,80,0,48,"SQ_INSTS_VALU_MFMA_MOPS_BF16",1572864.000000,7892558177810,7892558195210
2451,54044,"Agent 1",4,1,1,65536,9122,"fused_moe_kernel",256,0,0,80,0,48,"SQ_INSTS_VALU_MFMA_MOPS_BF16",786432.000000,7892558257712,7892558268015
2451,54059,"Agent 1",4,1,1,49152,9121,"fused_moe_kernel",256,0,0,80,0,48,"FETCH_SIZE",49193.750000,7892558602616,7892558620898
2451,54061,"Agent 1",4,1,1,65536,9122,"fused_moe_kernel",256,0,0,80,0,48,"FETCH_SIZE",24707.000000,7892558709940,7892558719963
2451,54076,"Agent 1",4,1,1,49152,9121,"fused_moe_kernel",256,0,0,80,0,48,"FETCH_SIZE",49195.500000,7892559083028,7892559100508
2451,54078,"Agent 1",4,1,1,65536,9122,"fused_moe_kernel",256,0,0,80,0,48,"FETCH_SIZE",24707.000000,7892559191435,7892559200936
2451,54093,"Agent 1",4,1,1,49152,9121,"fused_moe_kernel",256,0,0,80,0,48,"FETCH_SIZE",49195.000000,7892559565886,7892559584128
2451,54095,"Agent 1",4,1,1,65536,9122,"fused_moe_kernel",256,0,0,80,0,48,"FETCH_SIZE",24707.000000,7892559674894,7892559684756
2451,54110,"Agent 1",4,1,1,49152,9121,"fused_moe_kernel",256,0,0,80,0,48,"FETCH_SIZE",49193.750000,7892560044174,7892560062295
2451,54112,"Agent 1",4,1,1,65536,9122,"fused_moe_kernel",256,0,0,80,0,48,"FETCH_SIZE",24707.000000,7892560153943,7892560163645
2451,54127,"Agent 1",4,1,1,49152,9121,"fused_moe_kernel",256,0,0,80,0,48,"WRITE_SIZE",24.000000,7892560530199,7892560548681
2451,54129,"Agent 1",4,1,1,65536,9122,"fused_moe_kernel",256,0,0,80,0,48,"WRITE_SIZE",32.000000,7892560628302,7892560638365
2452,54144,"Agent 1",4,1,1,49152,9121,"fused_moe_kernel",256,0,0,80,0,48,"WRITE_SIZE",24.000000,7892560983870,7892561001871
2452,54146,"Agent 1",4,1,1,65536,9122,"fused_moe_kernel",256,0,0,80,0,48,"WRITE_SIZE",32.000000,7892561082575,7892561092197
2452,54161,"Agent 1",4,1,1,49152,9121,"fused_moe_kernel",256,0,0,80,0,48,"WRITE_SIZE",24.000000,7892561455382,7892561473664
2452,54163,"Agent 1",4,1,1,65536,9122,"fused_moe_kernel",256,0,0,80,0,48,"WRITE_SIZE",32.000000,7892561551721,7892561561985
2452,54178,"Agent 1",4,1,1,49152,9121,"fused_moe_kernel",256,0,0,80,0,48,"WRITE_SIZE",24.000000,7892561909776,7892561928217
2452,54180,"Agent 1",4,1,1,65536,9122,"fused_moe_kernel",256,0,0,80,0,48,"WRITE_SIZE",32.000000,7892562007197,7892562017100
